{"type": "FeatureCollection", "features": [{"type": "Feature", "id": 1, "geometry": {"type": "Polygon", "coordinates": [[[-71.1310462753616, 42.41461583126522], [-71.13104596152014, 42.41462942531885], [-71.13104867134383, 42.41464287241599], [-71.1310543316529, 42.414655805009446], [-71.13106278655734, 42.414667871491744], [-71.13107380714435, 42.41467874162789], [-71.13108709261462, 42.414688120062976], [-71.13110227876577, 42.4146957499509], [-71.1311189537283, 42.414701422907626], [-71.13113666035916, 42.41470498532116], [-71.1311549168852, 42.414706340218046], [-71.13117322661212, 42.41470544909536], [-71.13119108761312, 42.41470233735312], [-71.13120801462372, 42.41469708986329], [-71.1312235439125, 42.4146898491848], [-71.13123725395096, 42.41468081292854], [-71.13124876908985, 42.41467022836786], [-71.13125777662077, 42.41465838349008], [-71.13126403045241, 42.41464560160671], [-71.13126735967283, 42.414632231477455], [-71.13128031270654, 42.414536362124586], [-71.13128891412794, 42.414543935785105], [-71.1312986359586, 42.41455147162101], [-71.13135194400144, 42.414587584952805], [-71.13136730001408, 42.41459629748096], [-71.13138446401172, 42.41460290465084], [-71.13140291351814, 42.41460720582771], [-71.1314220904085, 42.41460907138482], [-71.13144141305409, 42.41460844364248], [-71.13146029572972, 42.4146053423319], [-71.13147816564422, 42.41459986104875], [-71.13149448238484, 42.414592166415034], [-71.13150875132385, 42.41458249091954], [-71.13152053943904, 42.414571128467244], [-71.13152948874068, 42.41455842361874], [-71.13153532969903, 42.41454476082974], [-71.13153788373167, 42.414530554556116], [-71.13153707421603, 42.41451623578477], [-71.1315329253584, 42.41450223762552], [-71.13152556225654, 42.4144889845082], [-71.13151520975777, 42.41447687957516], [-71.13150218040929, 42.41446628753737], [-71.1314542334479, 42.414433804244126], [-71.1314173643332, 42.4144013410977], [-71.13138650899513, 42.41436558958485], [-71.1313622032429, 42.41432717081586], [-71.13134485397367, 42.414286727094115], [-71.13133517781615, 42.414248038273996], [-71.13134649393379, 42.4139622352295], [-71.13136822973247, 42.413564901574794], [-71.1313683184104, 42.41356219563017], [-71.13136938623055, 42.4134584746884], [-71.13136921657237, 42.413453401091566], [-71.1313625586626, 42.413364884469296], [-71.13136220324542, 42.41336145598142], [-71.13135245084494, 42.41328753551962], [-71.13135182673633, 42.41328372355397], [-71.13133729033716, 42.41320953298988], [-71.13133656852905, 42.41320643282926], [-71.13131756235947, 42.41313350813754], [-71.13131586796264, 42.41312802003112], [-71.13127739046347, 42.413020487581534], [-71.131276795964, 42.41301889038851], [-71.13123552269136, 42.41291225464345], [-71.13116437648102, 42.4127228661368], [-71.13110254248551, 42.412532111092816], [-71.13109599800916, 42.41251020891293], [-71.1310941857491, 42.412504313499845], [-71.13106111413755, 42.4123668109938], [-71.13103980097247, 42.41222653100147], [-71.13103033152358, 42.412141695551135], [-71.13101950109996, 42.411931003450405], [-71.13102879492448, 42.411731031515835], [-71.13105233677379, 42.411537546717135], [-71.1310633732502, 42.41142696156359], [-71.13106357951784, 42.41142430100847], [-71.13106973549569, 42.411314173753425], [-71.13106982636072, 42.41131151102777], [-71.13107117179351, 42.41120110096894], [-71.13107114600605, 42.41119865033449], [-71.13106850211248, 42.41111377912537], [-71.13106836313679, 42.411111155275066], [-71.13106206790559, 42.41102638939655], [-71.1310619013762, 42.411024531592936], [-71.13104672722314, 42.41087992199785], [-71.13104651294192, 42.41087812796069], [-71.13103218132375, 42.410771717981206], [-71.13103115716349, 42.410766101475616], [-71.13101241046486, 42.41068783167855], [-71.1309829591538, 42.41057425023099], [-71.13095100780168, 42.410461281947384], [-71.13090702836615, 42.410312069567425], [-71.13090603199328, 42.410308979324654], [-71.1308391545825, 42.41011780722331], [-71.13076108350798, 42.40989362113739], [-71.13076017631609, 42.409890864281444], [-71.13075873615625, 42.409886382586535], [-71.1307568199788, 42.409880409406966], [-71.13074341720348, 42.40982786498635], [-71.13074260732144, 42.409825087736024], [-71.13074137395506, 42.40982118468176], [-71.13074042170571, 42.40981782269521], [-71.13073942723709, 42.409813577401934], [-71.13073809618481, 42.40980788788565], [-71.130737363201, 42.40980504876294], [-71.13073615384299, 42.40980077937303], [-71.13073498378093, 42.40979581419547], [-71.13073372466764, 42.409790911751585], [-71.13073257023052, 42.409785975432946], [-71.13073123916367, 42.40978028861731], [-71.13072991051621, 42.40977460360998], [-71.13072891607001, 42.409770354715576], [-71.13072812940854, 42.40976609838529], [-71.13072762259058, 42.40976364080497], [-71.13072641843029, 42.40975848195841], [-71.13072563099597, 42.40975456593015], [-71.1307253068978, 42.409753064129404], [-71.13072421652224, 42.4097483917972], [-71.13072342865713, 42.409744133662436], [-71.1307223734443, 42.40973843332723], [-71.13072131945177, 42.40973273209568], [-71.13072026424457, 42.40972703086017], [-71.13071921025771, 42.4097213287283], [-71.13071806070928, 42.40971514014049], [-71.13071737604781, 42.40971172409529], [-71.13071686472445, 42.409707958398684], [-71.13071639350073, 42.40970502288567], [-71.13071560444283, 42.40970076114581], [-71.13071502544668, 42.409696518085525], [-71.13071424965844, 42.40969081684609], [-71.13071378192171, 42.40968790835254], [-71.13071299761835, 42.40968366463349], [-71.13071241513578, 42.409679394553656], [-71.13071160196692, 42.409673437515735], [-71.13071110691016, 42.409670006774085], [-71.1307107549941, 42.40966598861112], [-71.13071042827876, 42.4096630634647], [-71.13070964896774, 42.4096573415076], [-71.13070906764784, 42.40965308043418], [-71.13070869520098, 42.40964883353511], [-71.1307083672867, 42.40964590568399], [-71.13070778833358, 42.40964165542149], [-71.13070741237911, 42.40963738510397], [-71.13070691126607, 42.40963166403932], [-71.13070640897513, 42.40962593666895], [-71.13070597844839, 42.40962102607966], [-71.13070547616287, 42.409615297809026], [-71.13070497386687, 42.40960957133892], [-71.13070447040356, 42.40960383676255], [-71.1307040956696, 42.40959956554857], [-71.1307039262428, 42.40959529499332], [-71.13070374042263, 42.40959237480027], [-71.13070336681425, 42.40958811889463], [-71.13070320720604, 42.40958403922947], [-71.13070304988611, 42.40957915202359], [-71.13070281746292, 42.409573187846], [-71.13070263058053, 42.40957024154151], [-71.13070238572787, 42.409567444496936], [-71.13070240999531, 42.409564538482115], [-71.13070236351831, 42.409561680855205], [-71.13070213583347, 42.409555945363], [-71.13070191057308, 42.4095502107789], [-71.13070174122022, 42.40954592761996], [-71.13070177888358, 42.409541560499186], [-71.13070173347421, 42.40953872808345], [-71.13070158433662, 42.409534935640124], [-71.13070166542303, 42.409531453630514], [-71.13070172420294, 42.40952513567821], [-71.13070167776806, 42.4095222708492], [-71.13070150834692, 42.40951799939362], [-71.13070154429579, 42.4095137177936], [-71.13070159488689, 42.40950796969006], [-71.13070164437363, 42.40950220267714], [-71.13070167363766, 42.409498649379415], [-71.1307018962383, 42.40949589794817], [-71.1307020919772, 42.40949150612683], [-71.13070214139024, 42.4094857517175], [-71.13070217863276, 42.409481456617485], [-71.13070242007761, 42.409477143266834], [-71.13070274655131, 42.40947137624232], [-71.1307030718943, 42.40946559480973], [-71.13070316530194, 42.40946270702216], [-71.13070319707444, 42.409459140228314], [-71.13070347027244, 42.4094556300262], [-71.13070376349793, 42.40945056331019], [-71.13070421264206, 42.40944625692778], [-71.13070444575527, 42.40944336958846], [-71.1307047723076, 42.409437589060005], [-71.13070501758067, 42.409433244211876], [-71.13070553290979, 42.40942821421946], [-71.13070594233807, 42.409423219898365], [-71.13070646490864, 42.40941819803163], [-71.13070706601778, 42.409412417483736], [-71.13070729792116, 42.409409529240214], [-71.1307075418529, 42.409405205994425], [-71.13070799356815, 42.40940087531281], [-71.13070849937782, 42.40939601904316], [-71.13070896909912, 42.40939255718619], [-71.13070978287129, 42.40938718154476], [-71.13071014447215, 42.409384343232524], [-71.13071074804708, 42.40937855639061], [-71.13071120238088, 42.409374193307336], [-71.13071193041472, 42.40936935305538], [-71.1307126069155, 42.40936439200098], [-71.13071341427622, 42.40935907395659], [-71.13071429001472, 42.40935328078557], [-71.1307151694028, 42.40934748672592], [-71.13071586572406, 42.4093428759427], [-71.13071659129007, 42.40933908180416], [-71.13071699882744, 42.409336698278956], [-71.13071787203049, 42.40933092310526], [-71.13071854041014, 42.40932652019622], [-71.13071945917102, 42.409321888519976], [-71.13072041162638, 42.409316895940876], [-71.13072151431575, 42.409311349273366], [-71.13072200571827, 42.40930854288724], [-71.13072267160992, 42.40930414987321], [-71.13072327241545, 42.409301124170526], [-71.13072426058362, 42.40929708869999], [-71.13072477107592, 42.4092947577211], [-71.13072592634941, 42.40928894384008], [-71.1307268050197, 42.409284519999], [-71.1307277931874, 42.40928048452841], [-71.13072830367942, 42.40927815354951], [-71.13072945895229, 42.40927233966843], [-71.13073033264185, 42.40926793651769], [-71.13073143148479, 42.409263463867674], [-71.13073265480301, 42.409258479359636], [-71.13073418428448, 42.40925224354903], [-71.13073469852038, 42.409249895476805], [-71.13073526302716, 42.409247052413754], [-71.13073588871691, 42.40924496577931], [-71.13073673660473, 42.409241859844315], [-71.13073817018744, 42.40923602704988], [-71.13073921181667, 42.40923178198623], [-71.13074024511532, 42.40922833904233], [-71.13074110046517, 42.4092252034221], [-71.13074220055302, 42.409220725374276], [-71.13074341165279, 42.40921658438608], [-71.13074488355132, 42.40921167899936], [-71.1307457376701, 42.40920854607601], [-71.13074640468955, 42.409205831181005], [-71.1307470976463, 42.409203875302424], [-71.13074894750805, 42.40919769723679], [-71.13075003767119, 42.40919325426781], [-71.13075084836596, 42.409190484016555], [-71.13075201069795, 42.409187204436506], [-71.13075313408696, 42.409183728471206], [-71.13075433030764, 42.409179638750864], [-71.13075549760372, 42.40917634118119], [-71.13075661355613, 42.40917289039976], [-71.13075832172838, 42.40916705128363], [-71.13075951921059, 42.4091629534648], [-71.13076083354211, 42.40915923323672], [-71.13076283111577, 42.40915334823455], [-71.13076458761199, 42.409148387043096], [-71.13076658516918, 42.40914250474162], [-71.13076835157796, 42.409137510271655], [-71.13076983244989, 42.40913314778018], [-71.130771114222, 42.409130009926486], [-71.13077253349525, 42.40912620991027], [-71.13077387101204, 42.40912226378692], [-71.1307751540301, 42.4091191205355], [-71.13077656836995, 42.40911533310725], [-71.13077790342503, 42.40911139237768], [-71.1307791876628, 42.40910824822982], [-71.130780603238, 42.40910445720439], [-71.13078145000179, 42.40910195895211], [-71.13078226945076, 42.40910018533492], [-71.1307849151742, 42.40909356688541], [-71.13078549369837, 42.40909185911583], [-71.13079833447054, 42.40907025765462], [-71.13085585699308, 42.408980480206836], [-71.13091939253857, 42.408894289807044], [-71.1309894096901, 42.40881091100903], [-71.13106563321601, 42.40873066521804], [-71.13115398046004, 42.408648369585855], [-71.13124881580346, 42.40857025935171], [-71.13134987804224, 42.408496544328045], [-71.13145678408688, 42.40842750415838], [-71.13156446332249, 42.4083658315283], [-71.13156646831996, 42.40836469999652], [-71.13157171512084, 42.40836179359289], [-71.13157921458759, 42.40835778255775], [-71.13168158727731, 42.408306728701795], [-71.13170033588226, 42.40829774811683], [-71.13170283591647, 42.40829651283434], [-71.13171413695973, 42.408290768318096], [-71.13190802172034, 42.4082017056639], [-71.13191069811413, 42.4082004331293], [-71.13222199733738, 42.40804508528712], [-71.13222780648974, 42.40804197988863], [-71.13252397713914, 42.407872633098016], [-71.13252931455068, 42.40786938033335], [-71.13281027449074, 42.40768698604281], [-71.13281196107826, 42.40768586877819], [-71.13281546198832, 42.40768339428245], [-71.13308028668504, 42.407487955057945], [-71.13308514748901, 42.40748413267329], [-71.13333290851921, 42.40727632717843], [-71.13333706886726, 42.407272624088975], [-71.13351563809067, 42.40710370308038], [-71.1335228549143, 42.40709601248666], [-71.13364423735692, 42.406949517828025], [-71.13387030174196, 42.40670773046417], [-71.13387481592463, 42.406702490807355], [-71.13397613684296, 42.40657445337111], [-71.13397783955187, 42.406572221597536], [-71.13408043066187, 42.40643244399181], [-71.13408361505846, 42.40642775556984], [-71.1341736707265, 42.40628390568252], [-71.13417640969921, 42.40627914472015], [-71.13425421592487, 42.40613114426543], [-71.13425561954121, 42.40612832275592], [-71.13425658930612, 42.40612616067111], [-71.13432145219656, 42.405974695281], [-71.13432332578236, 42.40596979922468], [-71.13437523628305, 42.40581623911439], [-71.13437676191424, 42.40581101245017], [-71.13441536340156, 42.405654232958376], [-71.13441630048648, 42.405649527485046], [-71.13444138203666, 42.40549177864833], [-71.13444198034776, 42.40548662646135], [-71.13445363782266, 42.40532815436833], [-71.13445380142328, 42.40532381104999], [-71.1344536586203, 42.40521175037968], [-71.13445363005609, 42.405209967739864], [-71.1344490456627, 42.40505974190649], [-71.1344427139814, 42.40483922676233], [-71.13442548189809, 42.40439045034298], [-71.13441340940741, 42.40401177597155], [-71.13441126646488, 42.403997514169326], [-71.13440581533446, 42.403983746013814], [-71.1343972200303, 42.40397088795375], [-71.13438574310992, 42.403959330642785], [-71.13437173237953, 42.403949427193474], [-71.13435561370464, 42.40394147604949], [-71.13433787764784, 42.40393572094326], [-71.13431906255158, 42.403932335537576], [-71.13429973996679, 42.40393142247908], [-71.13428049766252, 42.403933010643584], [-71.13426191899693, 42.403937051469484], [-71.13424456833029, 42.403943420711634], [-71.13422897518717, 42.40395192649391], [-71.13421561117148, 42.40396231013559], [-71.1342048838358, 42.40397425603504], [-71.13419711840808, 42.40398740061435], [-71.13419255043061, 42.404001344899456], [-71.13419131840844, 42.40401566530019], [-71.13420340008625, 42.40439462151485], [-71.13422062973878, 42.40484333584516], [-71.13422694408526, 42.40506335399558], [-71.13423150336021, 42.405212791116575], [-71.13423164345366, 42.405321473039116], [-71.13422034278385, 42.40547507934665], [-71.1341960800969, 42.40562767845366], [-71.1341588602931, 42.405778827431334], [-71.13410866478068, 42.40592731533575], [-71.1340459219656, 42.406073828623555], [-71.13397067146178, 42.4062169665694], [-71.13388357777656, 42.40635608486424], [-71.13378360426178, 42.40649229472629], [-71.13368529721397, 42.40661652261348], [-71.13345988030702, 42.40685761756887], [-71.13345652601404, 42.406861425861656], [-71.13333684624004, 42.40700586501644], [-71.1331642610311, 42.40716912407704], [-71.13292099471099, 42.40737315878548], [-71.13266121979734, 42.40756487041426], [-71.13238552056829, 42.40774385019324], [-71.132094927758, 42.407910006775076], [-71.13178919070087, 42.40806258661502], [-71.13159491031675, 42.40815183146137], [-71.13159308063913, 42.40815268987065], [-71.13159060619283, 42.40815391262882], [-71.13157844494819, 42.40816009371471], [-71.13155988153181, 42.40816898664575], [-71.13155775068847, 42.40817003404884], [-71.13145179473226, 42.40822373393938], [-71.13137478313776, 42.40824619590278], [-71.13128851446635, 42.408265533909216], [-71.13120033424451, 42.40827934702924], [-71.13111088815177, 42.40828753559658], [-71.13101554838566, 42.40829019010488], [-71.13095650642153, 42.40829225060408], [-71.13095304320922, 42.408292411452685], [-71.13094351023523, 42.408293274861094], [-71.13087092031779, 42.408302223106155], [-71.1308623444125, 42.40830353971563], [-71.13085673853878, 42.40830468849541], [-71.13078635294411, 42.40832059839528], [-71.13077365441013, 42.40832411375363], [-71.13074800736557, 42.40833275966104], [-71.1307606987084, 42.408288050315946], [-71.13076148305441, 42.40828500539514], [-71.13076221007806, 42.40828137511045], [-71.13077401145769, 42.40821182607101], [-71.13077477734208, 42.40820507825212], [-71.13077882604796, 42.40813504519968], [-71.13077892715431, 42.40813187835005], [-71.13077884250022, 42.408128276971055], [-71.13077511391744, 42.408058235173584], [-71.13077266778903, 42.408044001151445], [-71.13076692273549, 42.40803029761271], [-71.13075805369077, 42.40801754104603], [-71.13074633050597, 42.40800612033579], [-71.1307321095295, 42.40799638233071], [-71.1307158227373, 42.4079886210058], [-71.13069796560528, 42.40798307382253], [-71.1306790789615, 42.40797990906681], [-71.13065973806873, 42.407979223113166], [-71.13064053077937, 42.407981036753704], [-71.13062203931896, 42.40798529423926], [-71.13060482569313, 42.40799186593345], [-71.13058941464908, 42.40800055365954], [-71.1305762730135, 42.40801109243467], [-71.13056580112068, 42.40802316214567], [-71.13055831575797, 42.408036395596916], [-71.13055404522731, 42.4080503919982], [-71.13055311957935, 42.408064725036155], [-71.13055666841426, 42.40813139112655], [-71.13055301139893, 42.40819464274343], [-71.13054234967677, 42.408257474852874], [-71.13052428238788, 42.40832112494708], [-71.1305211614536, 42.40833027434502], [-71.13049365854079, 42.408400567895775], [-71.13045890579215, 42.40847079855038], [-71.1304210961396, 42.40854814416852], [-71.13040049444552, 42.40859081775531], [-71.13039960492449, 42.40859314751603], [-71.13039549807566, 42.40860406999025], [-71.13038233104182, 42.40863305263087], [-71.13038035325307, 42.40863825167985], [-71.13035226147363, 42.40872256511194], [-71.13035079580786, 42.40872764786878], [-71.13032983678825, 42.40881353807856], [-71.1303288902693, 42.40881834251632], [-71.13031544419859, 42.408904370286145], [-71.13031485477399, 42.40890960170151], [-71.13030883203199, 42.40899614036096], [-71.1303086878413, 42.409000645782704], [-71.13030879492726, 42.40900850824297], [-71.13030730310255, 42.40908993077645], [-71.13030730683917, 42.4090917844581], [-71.1303086047104, 42.40916275203464], [-71.1303088507209, 42.409167217296776], [-71.13031534300184, 42.40923802780234], [-71.1303159146871, 42.4092424770051], [-71.13032758317509, 42.40931292241645], [-71.1303282294, 42.40931625911655], [-71.13035549487992, 42.409437486102725], [-71.13035613099926, 42.4094400584353], [-71.13038853444638, 42.40956041513767], [-71.13038927878857, 42.409562970712216], [-71.13042682359703, 42.409682504851865], [-71.13042814025019, 42.40968628844033], [-71.13045933355605, 42.409767855516364], [-71.1304612233769, 42.409772305348675], [-71.13049953511404, 42.4098527537151], [-71.1305020774393, 42.40985759906212], [-71.13054581341602, 42.409933306862676], [-71.1305469664826, 42.4099355657564], [-71.13054829179299, 42.40993807818063], [-71.13062404509506, 42.410158992570416], [-71.13069042361207, 42.41034874165971], [-71.13073375694998, 42.410495754475306], [-71.13076514268168, 42.410606699884674], [-71.13079393415796, 42.41071774769485], [-71.13081152428754, 42.410791189237564], [-71.13082531759292, 42.410893604793394], [-71.1308402967359, 42.41103636372577], [-71.1308464238162, 42.411118875686476], [-71.1308489866744, 42.41120113764125], [-71.13084767451839, 42.4113086957306], [-71.13084166867863, 42.41141613973346], [-71.13083090102549, 42.41152410592595], [-71.13080723641175, 42.411718525675205], [-71.13080685258855, 42.41172308704326], [-71.13079731352356, 42.41192831758861], [-71.13079724924188, 42.411930794942094], [-71.13079732847973, 42.41193428466615], [-71.13080840699271, 42.41214979946397], [-71.13080870396936, 42.412153451035635], [-71.13081850904423, 42.412241302605565], [-71.13081882898256, 42.412243727174626], [-71.13084072665032, 42.41238785416201], [-71.13084160968633, 42.41239246550651], [-71.13087592015934, 42.41253514953579], [-71.13087697527656, 42.412539004299695], [-71.13087923584688, 42.41254635149829], [-71.13088605328362, 42.41256914133762], [-71.13094880423805, 42.412762756013414], [-71.13094980084024, 42.41276560588093], [-71.13102171331849, 42.41295703340035], [-71.13106291802971, 42.413063494348734], [-71.13110013281741, 42.41316749914388], [-71.13111792191039, 42.413235754742445], [-71.13113157298508, 42.41330546902746], [-71.13114084579237, 42.413375754458876], [-71.13114717864846, 42.41345996043337], [-71.13114615249732, 42.41355960145841], [-71.13112444067856, 42.41395654263286], [-71.13111417308822, 42.41424029549077], [-71.1311136193419, 42.414246077986455], [-71.13111270044448, 42.414251766583604], [-71.1310864688352, 42.414363073606545], [-71.13108589611984, 42.41436586082455], [-71.13106345045645, 42.41448919685005], [-71.13106300644262, 42.4144919979845], [-71.1310462753616, 42.41461583126522]], [[-71.13109057380682, 42.40845466899319], [-71.13108591814674, 42.40845827768499], [-71.13098656737561, 42.40854010675819], [-71.13098221544986, 42.408543917181305], [-71.13088952208139, 42.40863026259573], [-71.13088583309649, 42.40863392479491], [-71.13080592527666, 42.40871804874706], [-71.1308024487647, 42.408721938494786], [-71.13072910150059, 42.4088092821194], [-71.1307259376714, 42.408813298006415], [-71.13065937485442, 42.4089035946526], [-71.13065651390092, 42.4089077519527], [-71.130596970655, 42.409000684589486], [-71.13059566079649, 42.40900280683914], [-71.13057982876374, 42.40902944022704], [-71.1305764825683, 42.40903576293356], [-71.1305740598837, 42.40904100737184], [-71.1305714178322, 42.40904761772594], [-71.13057057106074, 42.40905011597669], [-71.1305697516065, 42.4090518895924], [-71.13056710586226, 42.409058508037035], [-71.13056577079512, 42.40906244876427], [-71.13056448654773, 42.409065592909734], [-71.13056307096043, 42.409069383932575], [-71.13056173343156, 42.40907333005351], [-71.13056045040386, 42.40907647330256], [-71.13055903605193, 42.40908026072816], [-71.13055770222496, 42.409084196957906], [-71.13055641921254, 42.40908733750612], [-71.13055499621433, 42.40909114921141], [-71.13055315924987, 42.40909657288371], [-71.1305513903693, 42.409101571843884], [-71.13054939030057, 42.40910746493702], [-71.13054763378865, 42.40911242612523], [-71.13054563620675, 42.40911830932317], [-71.13054401557193, 42.40912288652937], [-71.13054289834658, 42.40912634540722], [-71.13054119386314, 42.40913217372878], [-71.13053999268607, 42.4091362778355], [-71.1305388278618, 42.409139566408214], [-71.1305377094, 42.40914302888316], [-71.13053651440715, 42.40914711410388], [-71.13053534958246, 42.409150402676566], [-71.13053422868008, 42.40915386694419], [-71.13053252173387, 42.409159700659345], [-71.13053144398903, 42.40916243224027], [-71.13053071496033, 42.40915829582972], [-71.1305294776114, 42.40909064867101], [-71.13053096724047, 42.409009344965106], [-71.13053096702005, 42.409007719965], [-71.13053088475269, 42.409002049758385], [-71.13053654512503, 42.40892071442482], [-71.1305491794026, 42.408839879521686], [-71.13056879387514, 42.40875950365425], [-71.13059516660797, 42.408680348641155], [-71.13060788258157, 42.408649956496355], [-71.13061036599694, 42.40864595823489], [-71.13063451524779, 42.40861320354184], [-71.1306687279091, 42.408577586745764], [-71.1307089266947, 42.408545600155826], [-71.13075444152985, 42.40851777908155], [-71.13080446167326, 42.40849461606828], [-71.13085815148742, 42.40847649915037], [-71.13091457735396, 42.40846374492709], [-71.13097350893973, 42.40845648049529], [-71.13102493128218, 42.408454683649396], [-71.13109315539013, 42.408452785786004], [-71.13109057380682, 42.40845466899319]]]}, "properties": {"OBJECTID_1": 1, "FID_1": 63, "FID_1_1": 63, "OBJECTID": 64, "Street": "ALEWIFE BROOK PKWY", "SUM_fixed_": 1.02046399836, "BUFF_DIST": 30, "ORIG_FID": 13, "Shape_Leng": 9867.88738695, "Count_": 141, "Count_1": 37, "Count_2": 4, "cpm_all": 138.172439426, "cpm_injury": 36.2580160196, "cpm_NM": 3.91978551564, "intersecti": " ", "Shape_Length": 9867.421753795503, "Shape_Area": 306725.1027948427}}, {"type": "Feature", "id": 2, "geometry": {"type": "Polygon", "coordinates": [[[-71.0786019636589, 42.3862389611785], [-71.07859510040107, 42.386250168885546], [-71.07855113744077, 42.38633908646355], [-71.07852693810733, 42.38638021732413], [-71.07849819184621, 42.386417358568934], [-71.0784641422884, 42.38645193527406], [-71.07842512329199, 42.386483598447576], [-71.07838314256162, 42.386511032024146], [-71.07833497411039, 42.38653631373709], [-71.07830054845506, 42.38655241968906], [-71.07809511880491, 42.38665086077568], [-71.07786734938803, 42.386760008539554], [-71.07758245072189, 42.38689653082738], [-71.07756796293171, 42.3869048475771], [-71.0775555067988, 42.38691481120138], [-71.07754541930694, 42.38692615195272], [-71.07753797453242, 42.38693856384127], [-71.07753337023186, 42.38695171268795], [-71.07753173387167, 42.38696524244875], [-71.07753310675633, 42.38697878776012], [-71.07753745488588, 42.386991984782426], [-71.07754465800187, 42.387004474760694], [-71.07755452282505, 42.3870159220792], [-71.07756678424586, 42.38702601786685], [-71.07758110890697, 42.38703448901318], [-71.07759711215105, 42.38704110633362], [-71.07761436040143, 42.38704569177993], [-71.07761557054005, 42.38705924189427], [-71.07761977647542, 42.38707245819736], [-71.07762686524681, 42.387084980160616], [-71.07763664119976, 42.38709646405719], [-71.07764883683114, 42.38710659560564], [-71.07766311880108, 42.3871150989951], [-71.07767909640943, 42.38712174051739], [-71.07769633246558, 42.387126337610184], [-71.07771435538415, 42.38712876610356], [-71.07773267134161, 42.38712895846408], [-71.07775078002126, 42.38712691015465], [-71.07776818435298, 42.3871226760692], [-71.0777844099258, 42.38711637330466], [-71.07829595817695, 42.386876516792604], [-71.0784988816051, 42.38678136571044], [-71.0785082560652, 42.386776397174316], [-71.07855849410288, 42.38674672778423], [-71.07856421630945, 42.38674310619485], [-71.07861168072617, 42.3867108599128], [-71.0786171588467, 42.38670687101127], [-71.07866140071715, 42.386672350492944], [-71.07866693428669, 42.38666769378141], [-71.07871550522007, 42.38662355605647], [-71.07872031711888, 42.38661876165732], [-71.07876330883994, 42.38657245090486], [-71.078768137604, 42.3865667643841], [-71.07880589197215, 42.38651800817587], [-71.07880698607549, 42.38651656272385], [-71.0788100801099, 42.38651205012315], [-71.07884234479356, 42.38646117434429], [-71.07884418929177, 42.38645810482552], [-71.07891056273147, 42.38634128653223], [-71.07891628038514, 42.386328310057486], [-71.07891902620005, 42.38631481134498], [-71.07891872484505, 42.386301161036265], [-71.0789153847396, 42.38628773638113], [-71.07890909694115, 42.38627490592868], [-71.07890003398425, 42.38626302142067], [-71.0788884474939, 42.3862524114808], [-71.0788746537082, 42.386243367157206], [-71.0788590335089, 42.38623613742143], [-71.07884201668803, 42.38623092100808], [-71.07882406984007, 42.38622786096909], [-71.0788056878738, 42.38622704284228], [-71.07878737705292, 42.386228488287045], [-71.07877506458188, 42.38621839334119], [-71.07876067301667, 42.386209942803376], [-71.07874459792474, 42.38620336859379], [-71.07872728014662, 42.38619885148246], [-71.07870919491486, 42.38619651384692], [-71.07869083606138, 42.38619642051501], [-71.07867270875506, 42.386198575137065], [-71.0786553100963, 42.38620291651366], [-71.07863911569875, 42.386209327549444], [-71.07862457000462, 42.3862176307161], [-71.07861207163421, 42.386227599702266], [-71.0786019636589, 42.3862389611785]]]}, "properties": {"OBJECTID_1": 2, "FID_1": 64, "FID_1_1": 64, "OBJECTID": 65, "Street": "ALFRED A LOMBARDI  WAY", "SUM_fixed_": 0.075624411975, "BUFF_DIST": 30, "ORIG_FID": 14, "Shape_Leng": 1060.05959172, "Count_": 26, "Count_1": 3, "Count_2": 1, "cpm_all": 343.804326156, "cpm_injury": 39.6697299411, "cpm_NM": 13.2232433137, "intersecti": " ", "Shape_Length": 1059.765174596515, "Shape_Area": 42945.10714330434}}, {"type": "Feature", "id": 3, "geometry": {"type": "MultiPolygon", "coordinates": [[[[-71.09053636705595, 42.39105296531026], [-71.09053940842773, 42.39105442648791], [-71.09063654009486, 42.39109937207743], [-71.09067672439313, 42.39111794921341], [-71.09073034241548, 42.39114665007757], [-71.09097473628373, 42.39130359112885], [-71.09107200377625, 42.39136613824831], [-71.09161393411934, 42.391758164201], [-71.09174913074128, 42.391855571929256], [-71.09196602133166, 42.39201772041152], [-71.09196928542013, 42.39202006371675], [-71.09213951939509, 42.39213729518606], [-71.09214361808951, 42.39213998175113], [-71.09228303514519, 42.39222691370987], [-71.09228843761616, 42.392230075736805], [-71.09240417450037, 42.39229359913195], [-71.09240912295849, 42.39229616355821], [-71.09261334001923, 42.39239583494292], [-71.09261536412355, 42.39239685762708], [-71.09261719559775, 42.39239780580616], [-71.09291213737649, 42.392555424865606], [-71.0930664506937, 42.39263719052393], [-71.09326820754227, 42.39274241127147], [-71.09368342107152, 42.392957864360014], [-71.09399686646603, 42.3931221576048], [-71.09436032783356, 42.39331211418443], [-71.09464908239931, 42.393463539987266], [-71.09513585848904, 42.39371880540674], [-71.0951962335834, 42.3937505528775], [-71.09519908699843, 42.39375200426622], [-71.09592452950032, 42.39410880844067], [-71.09652452147536, 42.39443588383576], [-71.09657974893393, 42.394465989314035], [-71.09658453316254, 42.39446845755269], [-71.09668428656532, 42.394516879544064], [-71.0972934309776, 42.39481342740227], [-71.09745528593236, 42.39489650988973], [-71.09761774973451, 42.39497922335955], [-71.09762896180032, 42.39498414028835], [-71.09804097171578, 42.39514130633908], [-71.09804330671474, 42.395142171562995], [-71.0985697392966, 42.395330993991585], [-71.09857312811228, 42.39533231392162], [-71.0985825666535, 42.39533614063141], [-71.09858580456722, 42.395337506849316], [-71.09879276275251, 42.395431859629625], [-71.09879584533181, 42.39543320639406], [-71.09949669272686, 42.39572829489016], [-71.10026110081732, 42.39606060502858], [-71.10050652474733, 42.39616775075567], [-71.10051002447335, 42.39616921595843], [-71.10073956258603, 42.39626130285407], [-71.10099311075157, 42.39636238982175], [-71.1009951923356, 42.396363199189445], [-71.10111037751986, 42.39640681829268], [-71.10111581896388, 42.39640874214832], [-71.10111881912452, 42.396409691540455], [-71.10114067176875, 42.39641632492968], [-71.10175634834434, 42.396613794746784], [-71.10187996193709, 42.39665714784959], [-71.10218932043894, 42.39676088389443], [-71.10233315624104, 42.396808174917204], [-71.10312118862193, 42.39706482941773], [-71.10313876711268, 42.397070550104566], [-71.10361272578821, 42.397219165232386], [-71.10361727161437, 42.39722060153301], [-71.10426043413295, 42.39742051576893], [-71.1049806776228, 42.39764916956805], [-71.10565084600259, 42.39785947238728], [-71.10574018349152, 42.39788713710686], [-71.10599977768777, 42.397969951678476], [-71.10603953627601, 42.39798263589941], [-71.10648127168284, 42.398124084125385], [-71.10769415800193, 42.398511031512044], [-71.10785205788643, 42.39856163064877], [-71.107921594815, 42.398583828110944], [-71.10857130648026, 42.39879172859201], [-71.10872983881109, 42.398843204639675], [-71.10908404547831, 42.398958215457135], [-71.1093261262943, 42.39903681809435], [-71.10991197473075, 42.399235393207455], [-71.11070782332487, 42.3995058753988], [-71.11079279356828, 42.399534752979115], [-71.11085133533092, 42.39955492365536], [-71.11135156844628, 42.39972727829587], [-71.1113846479309, 42.399738675008926], [-71.11142217586035, 42.39975160190313], [-71.11198437907159, 42.399938923982326], [-71.11268379423642, 42.40017245016497], [-71.11351351133744, 42.40044964564748], [-71.11412796524397, 42.40065475470906], [-71.11429148276399, 42.400709504168994], [-71.11503386982946, 42.40095703148313], [-71.11529415409342, 42.40104267933788], [-71.11529855391208, 42.40104404446414], [-71.11536367231247, 42.40106303564044], [-71.11537268833952, 42.40106533897807], [-71.11543976497622, 42.40108011974846], [-71.11544366776815, 42.401080922334444], [-71.11544901655368, 42.40108184138658], [-71.1155175564844, 42.40109230206034], [-71.11552373922038, 42.40109311136028], [-71.11565767961898, 42.401107764253254], [-71.11566067446623, 42.401108061443935], [-71.1157951038821, 42.40112000957105], [-71.11579819381419, 42.40112025125826], [-71.11598966993508, 42.401133253856926], [-71.11606116107357, 42.40114402114585], [-71.11613057308341, 42.4011605225346], [-71.11619712486973, 42.401182568163954], [-71.11626000665214, 42.40120989065658], [-71.11632337768472, 42.40124487251874], [-71.11633985427855, 42.401252407866096], [-71.11635784580052, 42.401257709267284], [-71.11637680540912, 42.401260613748846], [-71.11639615908042, 42.40126103387045], [-71.1164153153316, 42.40125895685716], [-71.1164336955769, 42.40125444650106], [-71.11645073901403, 42.40124763867623], [-71.11646592813281, 42.40123874142357], [-71.11647880335674, 42.40122802419629], [-71.11648897036396, 42.401215812482356], [-71.11649612201144, 42.401202477974536], [-71.11650004206078, 42.40118842507827], [-71.11650060887649, 42.40117408192137], [-71.11649780646167, 42.40115988328539], [-71.11649172086818, 42.40114626159072], [-71.11648253665591, 42.40113362977963], [-71.11647053087954, 42.401122371393384], [-71.11645607072425, 42.40111282976071], [-71.11638780513385, 42.40107514612309], [-71.11638262621912, 42.401072454131125], [-71.1163776320095, 42.40107015077493], [-71.11630420057558, 42.4010382449634], [-71.11629334932395, 42.40103410621298], [-71.11621551398245, 42.40100832286345], [-71.11620424155889, 42.401005132494475], [-71.1161231890944, 42.400985863575926], [-71.1161170143414, 42.400984540275516], [-71.1161113815789, 42.40098357799398], [-71.11602796715907, 42.400971015410676], [-71.11601598363595, 42.40096971053584], [-71.11582003370943, 42.40095640405474], [-71.11568860695043, 42.40094472256171], [-71.11555928572183, 42.40093057488525], [-71.11549850064227, 42.4009212979037], [-71.11544057188932, 42.40090853285019], [-71.11538210319644, 42.40089148063423], [-71.1151244306452, 42.40080669247179], [-71.11438277838832, 42.40055940946536], [-71.11421930360822, 42.400504673779615], [-71.11360476479409, 42.400299537000784], [-71.11277505653442, 42.400022344891724], [-71.11207553844352, 42.39978878469341], [-71.11151453633637, 42.39960186682809], [-71.1114782884772, 42.39958937731929], [-71.11144514966358, 42.39957795972586], [-71.11094497686452, 42.39940562639327], [-71.11088580006998, 42.39938523754932], [-71.110800411811, 42.39935621637825], [-71.11000446167205, 42.399085700257835], [-71.109416758547, 42.398886502618375], [-71.10917318113006, 42.39880740983405], [-71.10881897514562, 42.39869239928689], [-71.1086599461057, 42.398640763220754], [-71.1080095520061, 42.39843264303618], [-71.10794006734105, 42.39841046200895], [-71.10778209866453, 42.398359841148974], [-71.10656923167866, 42.3979729001351], [-71.10612746439867, 42.39783144222663], [-71.10608759557739, 42.397818722547136], [-71.10582687208066, 42.39773555049065], [-71.10573675770519, 42.39770764280033], [-71.10506770713137, 42.39749769091344], [-71.10434713896827, 42.3972689338978], [-71.10370377890806, 42.39706895823562], [-71.10369957615472, 42.39706762935291], [-71.10322667060694, 42.39691934770802], [-71.10321054431313, 42.396914096586286], [-71.10242282739165, 42.39665754460466], [-71.10228011062654, 42.396610623072846], [-71.10197320951036, 42.39650771502145], [-71.10184967011052, 42.3964643820793], [-71.1018467600194, 42.396463400607864], [-71.10122787607993, 42.396264899230616], [-71.10122585773865, 42.39626426924213], [-71.1012072989082, 42.3962586357917], [-71.10109727822051, 42.396216972990295], [-71.10084503894912, 42.396116407548426], [-71.10061752568068, 42.39602513183706], [-71.10037365251529, 42.395918664237044], [-71.09960774356098, 42.39558570680858], [-71.09890712135606, 42.395290708887984], [-71.09869700396334, 42.39519584023435], [-71.09869228303982, 42.3951933272912], [-71.09868905705655, 42.395191804468894], [-71.09824733695365, 42.39494971523101], [-71.09812412298919, 42.39488032795227], [-71.09811852071785, 42.39487737166973], [-71.09760002866126, 42.394621281579745], [-71.09711810738791, 42.39437897443626], [-71.09611677919825, 42.39387414797425], [-71.09535452223945, 42.39345936703649], [-71.09535234950596, 42.39345821333749], [-71.09457102877411, 42.393054132866105], [-71.09348818248452, 42.392494677471426], [-71.09313336275886, 42.392310531142265], [-71.0927185939888, 42.39209089847943], [-71.09256363127776, 42.39200708909898], [-71.09241566592422, 42.39192364189815], [-71.09200836979544, 42.39163142534584], [-71.0918962364919, 42.39155025708214], [-71.09168962405239, 42.39140027171877], [-71.09141670171128, 42.3911985967029], [-71.09127104305935, 42.39109044434234], [-71.09126886227507, 42.39108886920431], [-71.09124276697874, 42.391070527783725], [-71.09093105549572, 42.390847394202204], [-71.09092883564966, 42.39084585222914], [-71.09085503903391, 42.39079667030359], [-71.09082511316983, 42.390776307535745], [-71.09081936187498, 42.39077265354396], [-71.09070988547953, 42.39070777875498], [-71.09070494458074, 42.390705014418245], [-71.09061521676887, 42.39065767256204], [-71.09042214135042, 42.390559183278725], [-71.09026200809177, 42.39047761384953], [-71.09019312522597, 42.39044264464465], [-71.09018988050927, 42.39044108280195], [-71.0899718702062, 42.39034039008038], [-71.08929233321938, 42.390026529100126], [-71.08858060676235, 42.38969779243315], [-71.08843342579348, 42.38962981059249], [-71.0882741946775, 42.38955257014851], [-71.08827122099375, 42.38955117757369], [-71.08787232060175, 42.38937079217772], [-71.08701674208416, 42.388997792850596], [-71.08604610889488, 42.388566500320565], [-71.08587328947189, 42.38848302898425], [-71.08587139834563, 42.38848213539881], [-71.08519446010598, 42.38816942515765], [-71.08513681383447, 42.38814332877674], [-71.08423226815466, 42.3877473493812], [-71.08422415744768, 42.387744126767714], [-71.08333324653626, 42.387424649677875], [-71.0833306875009, 42.38742376173404], [-71.08238597762295, 42.38710671304447], [-71.08238039898444, 42.38710499035998], [-71.08185842117413, 42.38695612778793], [-71.08176919006512, 42.38693151561944], [-71.08169544765467, 42.38691169878627], [-71.08142288882198, 42.38683069123585], [-71.08135465274918, 42.38681143708571], [-71.08130251448218, 42.386797412705896], [-71.08090132541358, 42.38668704384857], [-71.08082726034456, 42.38666633760069], [-71.07978102430482, 42.386369107934776], [-71.07972321541567, 42.386352345067635], [-71.07896849805924, 42.38614131949817], [-71.07888573698956, 42.38611928556298], [-71.07886842105029, 42.386114676650514], [-71.07879026047581, 42.386093700213266], [-71.07877510623378, 42.38608963306875], [-71.07870797058075, 42.38607186953801], [-71.07851180872726, 42.386015321790246], [-71.07804749412512, 42.38588122594862], [-71.0779849161595, 42.3858631582069], [-71.07798192937564, 42.38586233249456], [-71.07766788027857, 42.385779275008886], [-71.07765015632766, 42.3857757798665], [-71.07763189906628, 42.38577449476179], [-71.07761360494908, 42.38577545482772], [-71.0775957732681, 42.38577863398835], [-71.07757889157497, 42.38578394580615], [-71.07756341866761, 42.38579124521968], [-71.07754977726816, 42.38580033391855], [-71.07753834065294, 42.385810962094695], [-71.0775294179958, 42.38582284099241], [-71.07752325555843, 42.385835646514], [-71.07752002083699, 42.385849029064374], [-71.07751980127564, 42.385862624349784], [-71.07752260300364, 42.385876060575335], [-71.07752834952443, 42.38588897284486], [-71.07753688412012, 42.385901006770794], [-71.0775479746006, 42.38591183469684], [-71.07756131811261, 42.38592116291798], [-71.0775765508369, 42.385928734416964], [-71.07759325638021, 42.385934345100516], [-71.07790579566596, 42.38601700292115], [-71.07796688654842, 42.38603464121629], [-71.07843125544287, 42.38616875197841], [-71.07861827858773, 42.38622266547058], [-71.07860705557061, 42.3862331477875], [-71.07859828121896, 42.386244843651646], [-71.07859218955666, 42.3862574424225], [-71.07858894191924, 42.38627060708483], [-71.0785886268635, 42.38628398775275], [-71.07859125040436, 42.38629722883608], [-71.0785967432469, 42.3863099771695], [-71.07860495949357, 42.3863218937115], [-71.07861568023344, 42.38633266166003], [-71.078628620786, 42.38634199278119], [-71.07864343668952, 42.38634964003532], [-71.07865973218917, 42.3863553994085], [-71.07876859581263, 42.38638623121484], [-71.08010607112321, 42.386765018695975], [-71.08018420663711, 42.38678721582525], [-71.08047309510421, 42.386869716410494], [-71.08052413811336, 42.38688479770766], [-71.08127179879915, 42.38710649978062], [-71.08134991885488, 42.38712895533894], [-71.08198904315775, 42.38731038058806], [-71.08212589656718, 42.38734930990251], [-71.08261495322209, 42.38750762182949], [-71.08269101237678, 42.387531512150126], [-71.08328661986451, 42.387737499494015], [-71.08338547017489, 42.38777164779681], [-71.0839625359349, 42.38796588780051], [-71.08397964659302, 42.38797174299174], [-71.08400728581317, 42.38798157858701], [-71.08404717036349, 42.387997865760816], [-71.0845024549956, 42.38819731109895], [-71.08459557998577, 42.3882404171044], [-71.0851632180736, 42.38850119294446], [-71.08524925026529, 42.38854060418836], [-71.08587465064245, 42.388827961170115], [-71.08660125037754, 42.389171316738], [-71.08732927557736, 42.3895064369862], [-71.08802052578555, 42.389822870582776], [-71.08818151431282, 42.38989587102762], [-71.088260790349, 42.38993194187196], [-71.08835104084045, 42.38997300437862], [-71.08850295659055, 42.39004453055721], [-71.08922863316023, 42.39038812891654], [-71.08924562627672, 42.39039617508587], [-71.08966680547242, 42.390611638076784], [-71.09014765779166, 42.39085622554165], [-71.09024121343423, 42.39090397481516], [-71.09053636705595, 42.39105296531026]], [[-71.08917487850142, 42.39016626581008], [-71.089854416407, 42.3904801274738], [-71.09007038790085, 42.3905798786569], [-71.09013632683353, 42.390613360984226], [-71.09029629564853, 42.390694846273306], [-71.0904878243047, 42.390792540711395], [-71.09057361727866, 42.390837812419136], [-71.0906777219839, 42.39089950373425], [-71.09070575551792, 42.390918576005994], [-71.09077819898953, 42.390966852931044], [-71.09079386031128, 42.3909780640274], [-71.09075411319333, 42.3909596892494], [-71.09065888757333, 42.3909156256124], [-71.09036664204876, 42.390768098834265], [-71.09027346903075, 42.39072054458404], [-71.08979268263332, 42.39047598938018], [-71.08937015423774, 42.39025983691157], [-71.08936755992708, 42.39025855285304], [-71.08934819013699, 42.39024937556693], [-71.0890843866468, 42.390124469362], [-71.08917487850142, 42.39016626581008]]], [[[-71.1190063657557, 42.400901742632314], [-71.11907873012119, 42.40090329928318], [-71.1192642997271, 42.4009160095011], [-71.11932929099719, 42.400920783506024], [-71.11957834522772, 42.40094966513527], [-71.11982431628392, 42.40099054846073], [-71.11988012587445, 42.40100238151889], [-71.12006761598107, 42.4010430459406], [-71.12066885347171, 42.40118813126454], [-71.12071929193769, 42.40119997501928], [-71.12140487718406, 42.4013653971432], [-71.12168794143126, 42.401433559899644], [-71.1221809971543, 42.40155247693201], [-71.12258416281394, 42.401649829809024], [-71.12265478099353, 42.401666914589434], [-71.12289540229912, 42.401729800903894], [-71.12366518007077, 42.40193125071184], [-71.12389175643852, 42.401990667046185], [-71.12398300389204, 42.4020156661507], [-71.1240698696928, 42.40204561050398], [-71.12415642302153, 42.402078682238425], [-71.12468712322803, 42.40228323696199], [-71.12489631731418, 42.40236712450422], [-71.12502812318736, 42.4024227707939], [-71.12568433171455, 42.402705322020005], [-71.12599866119697, 42.40284066543397], [-71.12645351544502, 42.403037316672375], [-71.1266309695386, 42.40311403622581], [-71.12706964738797, 42.40330368957923], [-71.1272157278177, 42.403372937779615], [-71.12721798351754, 42.40337397950549], [-71.1275496630043, 42.4035230410567], [-71.1280141064089, 42.40374488076402], [-71.12806576662874, 42.40377015017389], [-71.12825354919215, 42.40386437136963], [-71.12843170513821, 42.40396690765212], [-71.12854044609666, 42.40403302486604], [-71.12858406818836, 42.40406273167394], [-71.12900405844188, 42.40435836998198], [-71.12907919463885, 42.404414712065226], [-71.12953744471527, 42.40475660281194], [-71.12963025983693, 42.40482547207679], [-71.13008676736212, 42.405166399781855], [-71.13025702423504, 42.40529384908518], [-71.13027735449987, 42.40530904715975], [-71.13060502599406, 42.40555365405594], [-71.13060755661867, 42.40555548433951], [-71.13063349414152, 42.40557365055513], [-71.1306460547026, 42.40558118117273], [-71.13066405793971, 42.40559258424251], [-71.13067173719287, 42.40559705175406], [-71.13070034404095, 42.40561223579844], [-71.13070420894854, 42.40561419730024], [-71.13071773155241, 42.405620701979664], [-71.13088359797067, 42.405699519468975], [-71.13115906902465, 42.40583095812015], [-71.13128012683174, 42.405891217152046], [-71.13136739651985, 42.40593485315407], [-71.13157977174124, 42.406039273921145], [-71.13269382514201, 42.40658819373643], [-71.13292870401229, 42.406703922857034], [-71.13338147840554, 42.406924155809605], [-71.13338497607761, 42.40692578924991], [-71.1334805421133, 42.40696858939094], [-71.13349005747459, 42.4069732372125], [-71.13349324493461, 42.406974737320944], [-71.1337779142372, 42.407103712354356], [-71.13381262984915, 42.40711944081406], [-71.13382996704887, 42.40712583032075], [-71.13384853862522, 42.407129891134204], [-71.13386777918917, 42.4071314999178], [-71.13388710469165, 42.40713060889935], [-71.13390592700614, 42.40712724501699], [-71.13392367580076, 42.40712150908845], [-71.13393981190106, 42.40711357585378], [-71.13395384190446, 42.407103687719435], [-71.13396534375303, 42.407092144036504], [-71.13397396433562, 42.40707929569098], [-71.13397944507118, 42.407065532581406], [-71.1339816158917, 42.40705127369648], [-71.13398041355282, 42.40703695186838], [-71.1339758744121, 42.40702300204639], [-71.13396813449667, 42.407009849593486], [-71.13395743082712, 42.406997891384684], [-71.13394408685556, 42.40698749305998], [-71.1339285101453, 42.40697897011151], [-71.13389379458167, 42.40696324168621], [-71.13361072986181, 42.406834994063935], [-71.13360097708316, 42.4068302302609], [-71.13359730254828, 42.40682851073777], [-71.13350164335255, 42.40678566808218], [-71.13305105485473, 42.40656649948768], [-71.13281682554958, 42.40645108958189], [-71.13170268507626, 42.40590212654276], [-71.131490939994, 42.40579801591073], [-71.13140420457067, 42.40575464729346], [-71.13128165461787, 42.40569364718249], [-71.13128024097327, 42.405692960243435], [-71.13100368484669, 42.405561004339624], [-71.13083824748807, 42.40548239005852], [-71.13082762250592, 42.405477280214335], [-71.13080506233408, 42.40546530528051], [-71.13078710055666, 42.40545387715766], [-71.13078044652973, 42.40545004313679], [-71.13076142923858, 42.4054367228417], [-71.13043506642093, 42.40519309288587], [-71.1304148716232, 42.40517799520451], [-71.13024455426475, 42.40505050182325], [-71.12978771654055, 42.404709327896846], [-71.12969487722859, 42.4046404406737], [-71.12923702264447, 42.404298844408764], [-71.12916084028015, 42.40424171851527], [-71.12915833277721, 42.40423989727636], [-71.12873561215058, 42.40394234392657], [-71.12868846443132, 42.40391023016135], [-71.12868376048652, 42.4039072026554], [-71.12857146579043, 42.40383892514254], [-71.12856914276423, 42.40383755102364], [-71.12838694459805, 42.40373268908459], [-71.1283810873935, 42.40372953900562], [-71.12818927062035, 42.403633296461315], [-71.12813557918739, 42.40360703293797], [-71.12766874038032, 42.40338404531006], [-71.12766616123973, 42.40338285039971], [-71.12733429079343, 42.40323370303299], [-71.12718741833777, 42.40316407879916], [-71.12718353548848, 42.40316231968172], [-71.12674290390407, 42.402971822258664], [-71.12656545007393, 42.40289510287525], [-71.12611042565915, 42.40269837859506], [-71.12579592580397, 42.402562962003756], [-71.12513884709008, 42.40228003765224], [-71.12500520451906, 42.402223613963635], [-71.12500308394374, 42.40222274098621], [-71.12479126290368, 42.402137807048746], [-71.12425858452343, 42.40193248470147], [-71.12416964621158, 42.40189850137418], [-71.12416559297519, 42.401897028786316], [-71.12407170850916, 42.401864672238446], [-71.12406426613968, 42.40186239903217], [-71.12396733598399, 42.401835847348515], [-71.12373921015008, 42.40177602006782], [-71.12296932123924, 42.401574541569175], [-71.12272740031364, 42.401511316241276], [-71.12272492967637, 42.40151069415205], [-71.12265303684121, 42.40149330093993], [-71.12224977503949, 42.401395924574885], [-71.12175663307544, 42.401276986839314], [-71.1214735815804, 42.401208827890294], [-71.12078715848318, 42.401043206242726], [-71.12073681354032, 42.401031382631295], [-71.12013482173423, 42.40088611420673], [-71.12013162905839, 42.40088538344538], [-71.11994180413879, 42.400844213560354], [-71.11988231885597, 42.40083160045275], [-71.11987951631765, 42.400831035724025], [-71.11987607636665, 42.40083042117505], [-71.11962340994316, 42.40078842468937], [-71.11961627362238, 42.40078741889793], [-71.11936052568151, 42.400757760774766], [-71.11935430880526, 42.40075717213642], [-71.119285478543, 42.40075211806223], [-71.11909539749591, 42.40073909855336], [-71.11908867476996, 42.40073880171731], [-71.11901365440977, 42.40073718856469], [-71.11882869644951, 42.400732119733505], [-71.11882167207511, 42.40073209196646], [-71.1186002934211, 42.40073640547636], [-71.11859799363853, 42.400736468076424], [-71.11818380217252, 42.40075090895947], [-71.11804048449136, 42.40075657418831], [-71.11722688326732, 42.40077969101751], [-71.11717132353948, 42.400781269858335], [-71.11716658254915, 42.400781480057375], [-71.11706213204486, 42.40078799447842], [-71.11705208189485, 42.400788965748106], [-71.11694918268815, 42.4008024695937], [-71.11694176600281, 42.40080363777734], [-71.1169392936428, 42.40080411569876], [-71.11683848315784, 42.40082451533322], [-71.11682883911297, 42.40082682214909], [-71.11673095770354, 42.400853946623265], [-71.11672569706288, 42.40085551899634], [-71.11672163650924, 42.40085689550401], [-71.11662749813861, 42.400890519767025], [-71.11661168720691, 42.400897413649524], [-71.11659762159141, 42.40090614181113], [-71.11658568778799, 42.40091646696616], [-71.11657620939825, 42.40092810750571], [-71.11656944465075, 42.400940745592074], [-71.11656557905852, 42.40095403613649], [-71.11656471807058, 42.400967616678166], [-71.11656688457688, 42.40098111817908], [-71.11657202009017, 42.40099417042941], [-71.11657998343242, 42.401006418248535], [-71.11659055919948, 42.401017527814965], [-71.11660345649669, 42.40102719476489], [-71.11661832586256, 42.401035157752695], [-71.11663476048872, 42.40104119755496], [-71.11665231314367, 42.40104515063115], [-71.11667050347162, 42.40104690734726], [-71.11668883615296, 42.40104642193954], [-71.1167068106544, 42.401043707145426], [-71.11672393700925, 42.40103883605643], [-71.11681350691053, 42.40100684401474], [-71.11690188338196, 42.40098235265667], [-71.11699290503238, 42.40096393431368], [-71.11708581178026, 42.40095174129847], [-71.1171823871606, 42.40094571741999], [-71.11723539209552, 42.40094421110145], [-71.11805072547926, 42.400921040536325], [-71.11819502278273, 42.40091534073202], [-71.11860727504919, 42.40090096810222], [-71.11882399781949, 42.40089674538928], [-71.1190063657557, 42.400901742632314]]]]}, "properties": {"OBJECTID_1": 3, "FID_1": 126, "FID_1_1": 126, "OBJECTID": 127, "Street": "BROADWAY", "SUM_fixed_": 3.26420613098, "BUFF_DIST": 30, "ORIG_FID": 80, "Shape_Leng": 36043.1615143, "Count_": 394, "Count_1": 138, "Count_2": 52, "cpm_all": 120.703161562, "cpm_injury": 42.276741867, "cpm_NM": 15.9303665006, "intersecti": " ", "Shape_Length": 36042.64257094335, "Shape_Area": 1348924.5492093803}}, {"type": "Feature", "id": 4, "geometry": {"type": "Polygon", "coordinates": [[[-71.08328720454877, 42.4006410211771], [-71.08329997934483, 42.40065135404113], [-71.08331493393787, 42.40065993114612], [-71.08333163389028, 42.4006665042414], [-71.08334959701226, 42.400670882521524], [-71.08336830182283, 42.40067293895902], [-71.0833872057465, 42.40067261397139], [-71.08340576211282, 42.40066991638301], [-71.08342343107658, 42.400664925265225], [-71.08343970272665, 42.40065778551854], [-71.08345410440343, 42.40064870339764], [-71.08346621772836, 42.400637942971706], [-71.08347569447125, 42.40062581447823], [-71.08348225657436, 42.40061267072192], [-71.08409976967599, 42.39895377049116], [-71.08421176603655, 42.398652888013814], [-71.08432886303844, 42.39833830444857], [-71.08434028239246, 42.39832936358942], [-71.08434408051556, 42.398326233525935], [-71.08437890383578, 42.39829601352017], [-71.08438176188264, 42.39829342833149], [-71.08438582743489, 42.39828934223353], [-71.08441630521503, 42.39825664515335], [-71.08442227366521, 42.3982494851636], [-71.08444812462491, 42.39821460258883], [-71.08445304117986, 42.39820707418517], [-71.08447391975733, 42.39817046851659], [-71.08447649086467, 42.398165522652384], [-71.08447878246399, 42.39816004371265], [-71.08469848315612, 42.39756205880182], [-71.0849126194095, 42.39697920686915], [-71.08508152067068, 42.39651947233791], [-71.08511542585234, 42.39642573032587], [-71.08530347376423, 42.39590577798719], [-71.08544522841065, 42.39550545811993], [-71.08545504778037, 42.39547776211505], [-71.08553280314749, 42.39525843016168], [-71.08556154870743, 42.39522304458387], [-71.08556382098807, 42.39522011154684], [-71.0855656464101, 42.39521753251172], [-71.08559781363643, 42.395170068462946], [-71.08560133462065, 42.39516433824492], [-71.08562851360512, 42.39511519070229], [-71.08563061750975, 42.39511107588782], [-71.08563143089813, 42.39510928095399], [-71.08565346550927, 42.39505873834965], [-71.08565469377184, 42.39505572412727], [-71.08573242405379, 42.394850971996235], [-71.0857371007255, 42.39483865407044], [-71.08581106093123, 42.39464383822108], [-71.08583110722094, 42.39459103411571], [-71.08585347326832, 42.39453211733832], [-71.0858549481948, 42.39452778598855], [-71.08592069788844, 42.394309868981345], [-71.08592153898086, 42.39430680834841], [-71.08594446735547, 42.39421448320883], [-71.08594535709756, 42.394210113740684], [-71.08596503801003, 42.394091584105304], [-71.08596571855641, 42.39407724326092], [-71.08596303026343, 42.39406303344001], [-71.0859570529093, 42.394049384364], [-71.08594796959585, 42.39403671262146], [-71.08593605594083, 42.39402540272354], [-71.08592167284976, 42.39401579807529], [-71.08590525808485, 42.39400819014187], [-71.08588731173762, 42.39400281119438], [-71.08586837686741, 42.39399982343672], [-71.08584902978545, 42.39399931897074], [-71.08582985824648, 42.394001311615504], [-71.08581144562486, 42.39400574225154], [-71.08579435029148, 42.39401247514609], [-71.08577909220115, 42.394021306006735], [-71.08576613463921, 42.39403196731761], [-71.0857558708206, 42.39404413459293], [-71.08574861410288, 42.39405743714493], [-71.08574458331715, 42.39407147243568], [-71.08572530537346, 42.39418757092411], [-71.0857034770648, 42.39427545078876], [-71.08563883909602, 42.39448967782252], [-71.08561729226679, 42.39454643683278], [-71.0855972458126, 42.39459924090148], [-71.08552328622652, 42.39479405481931], [-71.0855186095165, 42.394806372736525], [-71.08544145578644, 42.395009602627475], [-71.08542137799328, 42.39505565713504], [-71.08539741680673, 42.395098985998295], [-71.0853690759946, 42.39514080370773], [-71.08533429495688, 42.39518361822224], [-71.08532712233522, 42.39519406535402], [-71.08532202482016, 42.39520516186413], [-71.08524021849284, 42.395435918059604], [-71.08523039160053, 42.39546363652667], [-71.08508880024412, 42.39586349668263], [-71.08490087566416, 42.396383098916914], [-71.08486704439802, 42.39647663767074], [-71.08469829752114, 42.3969359475213], [-71.08448415943839, 42.39751879906111], [-71.08444924954937, 42.39761381924121], [-71.0844387324961, 42.39760211181661], [-71.08442879144575, 42.397592581550846], [-71.08441698866179, 42.397584300453374], [-71.08440360586191, 42.39757746490216], [-71.08453680393046, 42.39719348879337], [-71.08460793720995, 42.39698864166218], [-71.08475136862496, 42.39657558619422], [-71.08476080362735, 42.396548415531576], [-71.08476209896894, 42.396544815478315], [-71.08500151249638, 42.39587952294108], [-71.08517110044924, 42.395408251737635], [-71.08527086166507, 42.39528478116267], [-71.08527299803539, 42.39528201689446], [-71.08527952511047, 42.39527147921207], [-71.08531046681401, 42.39521053540854], [-71.08531139012507, 42.395208649044314], [-71.08531387573159, 42.39520263691684], [-71.08543754061749, 42.39485687371055], [-71.08546385241507, 42.39477975042057], [-71.08550846638703, 42.39464003612858], [-71.08550985498225, 42.39463498244615], [-71.08554225326444, 42.39449442558564], [-71.08554286553026, 42.3944914424559], [-71.08554728360905, 42.39446688067111], [-71.08561936324136, 42.3941183422036], [-71.0856445419015, 42.39398794239089], [-71.0856664507781, 42.3938807229623], [-71.08566769107262, 42.393867158376764], [-71.0856659020407, 42.39385362699745], [-71.08566113227576, 42.39384049811483], [-71.08565351302353, 42.39382813141368], [-71.08564325099556, 42.39381686164242], [-71.08563062715412, 42.39380699860885], [-71.08561598467901, 42.39379881003149], [-71.08559972412137, 42.39379251972183], [-71.08558228767367, 42.39378829852467], [-71.08556415310909, 42.393786262496015], [-71.08554581196162, 42.39378646652263], [-71.08552776829985, 42.39378890611798], [-71.08551051082271, 42.393793512820544], [-71.08549451280062, 42.39380016319623], [-71.08548020902907, 42.39380867425394], [-71.08546799090006, 42.39381881423128], [-71.08545819058364, 42.39383030703857], [-71.0854510749138, 42.39384283853902], [-71.08544684045961, 42.393856067334006], [-71.08542478184341, 42.393964025314816], [-71.08539965175346, 42.394094174078035], [-71.08532756602615, 42.394442720494766], [-71.08532725800075, 42.39444431468442], [-71.08532296213022, 42.394468193587606], [-71.08529150971111, 42.394604648512086], [-71.08524809921278, 42.3947406164859], [-71.08522252654039, 42.39481556461042], [-71.08510060399982, 42.39515643724205], [-71.08507516240263, 42.395206548825456], [-71.08497252939326, 42.39533357309227], [-71.08496552088165, 42.395343802024826], [-71.0849605002012, 42.395354653919284], [-71.08478689248115, 42.395837090917894], [-71.08454747808231, 42.396502381219086], [-71.08454592039318, 42.396506717653516], [-71.08453625384158, 42.39653454736948], [-71.08439282111429, 42.396947602573334], [-71.08432167976616, 42.39715246935297], [-71.0841654430731, 42.39760285405455], [-71.08412872745366, 42.397706223123635], [-71.08399057609287, 42.39809685550609], [-71.0837207327488, 42.398859841235044], [-71.08312573699463, 42.40054213113959], [-71.08312255087385, 42.40055539333833], [-71.08312233329146, 42.40056886345165], [-71.08312509150039, 42.4005821786926], [-71.08313075013302, 42.40059497957604], [-71.08313915718495, 42.400606923444215], [-71.08315008764733, 42.40061768628067], [-71.08316324460799, 42.40062697981973], [-71.08317827624533, 42.4006345534086], [-71.08319477576865, 42.40064020301018], [-71.08321229960241, 42.400643776670336], [-71.08323037708018, 42.40064517815479], [-71.08324852014438, 42.400644369684656], [-71.0832662391308, 42.400641372894015], [-71.08328305978043, 42.40063626799138], [-71.08328720454877, 42.4006410211771]]]}, "properties": {"OBJECTID_1": 4, "FID_1": 250, "FID_1_1": 250, "OBJECTID": 251, "Street": "FELLSWAY", "SUM_fixed_": 0.519186567185, "BUFF_DIST": 30, "ORIG_FID": 215, "Shape_Leng": 8071.87481401, "Count_": 129, "Count_1": 35, "Count_2": 1, "cpm_all": 248.465596287, "cpm_injury": 67.4131462795, "cpm_NM": 1.9260898937, "intersecti": " ", "Shape_Length": 8071.462930573279, "Shape_Area": 295124.3561843117}}, {"type": "Feature", "id": 5, "geometry": {"type": "Polygon", "coordinates": [[[-71.1191182624668, 42.395221230260894], [-71.11912213619527, 42.39522599836213], [-71.1191293317372, 42.39523380239897], [-71.11913239133611, 42.39523661419734], [-71.11915546048749, 42.39525688203105], [-71.11916476313993, 42.39526411415907], [-71.11916785647898, 42.39526616443109], [-71.11919496010499, 42.395283472883506], [-71.11920629158443, 42.39528982134482], [-71.11920917287712, 42.39529118310004], [-71.11923962735311, 42.39530509777054], [-71.11924755572402, 42.395308396522], [-71.11940981057835, 42.395369565332246], [-71.11986597810028, 42.395536673340914], [-71.11986835878851, 42.39553786957485], [-71.11987382227872, 42.39554004649401], [-71.11988028768086, 42.395542648053535], [-71.11988446290995, 42.39554435167085], [-71.12042557544451, 42.39577821377707], [-71.12074215212522, 42.395919284405], [-71.1214759996658, 42.39623254205027], [-71.12184806797602, 42.396396718646734], [-71.12192485186762, 42.39643059999006], [-71.12212488978355, 42.39651904870385], [-71.12213141328024, 42.39652171694717], [-71.12223430878322, 42.396560531825884], [-71.1223896173246, 42.39661864505268], [-71.12248814141583, 42.3966668748876], [-71.12256304959871, 42.3967151685266], [-71.12264120525944, 42.39676497173064], [-71.12265605483165, 42.39677295368835], [-71.12267247421728, 42.39677901509327], [-71.12269001499534, 42.396782990623535], [-71.12270820047051, 42.39678477158244], [-71.12272653293375, 42.396784310423755], [-71.12274451310664, 42.39678161901487], [-71.12276164984783, 42.39677677046913], [-71.1227774759537, 42.396769897397064], [-71.1227915603364, 42.39676118654461], [-71.12280351896617, 42.39675087702832], [-71.12281302465797, 42.39673924866361], [-71.12281981801335, 42.39672662020024], [-71.12282371479931, 42.39671333404139], [-71.12282460838794, 42.396699754451], [-71.1228224735019, 42.39668625046105], [-71.12281736988494, 42.39667319138183], [-71.12280943509462, 42.39666093327426], [-71.122798886985, 42.39664980995532], [-71.12278601281805, 42.3966401257602], [-71.12270842590338, 42.39659068462949], [-71.12262837304687, 42.396539073787345], [-71.12261669014639, 42.396532494042695], [-71.1225066174279, 42.396478612288476], [-71.12249548740405, 42.39647382860251], [-71.12233469165653, 42.39641366197517], [-71.12223549132962, 42.39637624124399], [-71.12203856216613, 42.396289166852945], [-71.1219616923764, 42.39625524749007], [-71.12158828112636, 42.3960904843566], [-71.12085483930237, 42.39577740250409], [-71.12053865194598, 42.39563650181611], [-71.11999321383067, 42.39540143127547], [-71.11999083450587, 42.39540021074104], [-71.11998555100361, 42.3953977949472], [-71.11997933252808, 42.39539493222743], [-71.11959442009493, 42.39519517660095], [-71.11958928913444, 42.39519204106885], [-71.11958785349857, 42.39519082994761], [-71.11958670416674, 42.39518947302709], [-71.11958585441235, 42.39518798475579], [-71.11958534149127, 42.39518643097719], [-71.11958516897671, 42.39518482340691], [-71.11958534382018, 42.39518321788513], [-71.11958799106874, 42.395175233049144], [-71.11959088232344, 42.395161818529914], [-71.11959075758222, 42.395148233790614], [-71.11958762068815, 42.39513484975921], [-71.11958155690806, 42.395122029530384], [-71.11957273053059, 42.395110123855645], [-71.11956138374323, 42.395099455835414], [-71.11954782329937, 42.3950903163733], [-71.1195324205776, 42.395082954273484], [-71.1195155946107, 42.39507757078291], [-71.1194978024233, 42.39507431055665], [-71.11947952929947, 42.39507326432683], [-71.11946127304785, 42.39507445984745], [-71.11944353062545, 42.395077864551425], [-71.11942678477816, 42.3950833855061], [-71.11939743072674, 42.39509530446188], [-71.11937421718939, 42.39510143781434], [-71.11934999902479, 42.39510477426962], [-71.11932536337066, 42.39510523204333], [-71.11930095038254, 42.3951027997488], [-71.11927734999637, 42.395097536055644], [-71.11926012121587, 42.395091882911494], [-71.11925494844394, 42.39508984556781], [-71.11924721322531, 42.39508674731786], [-71.11924400619634, 42.39508542499833], [-71.11924151553279, 42.39508394029773], [-71.11866738999403, 42.39483440541451], [-71.11783358233184, 42.39446822855367], [-71.1177767339255, 42.3944432073082], [-71.11687175913869, 42.39405166107167], [-71.11668131597504, 42.39397015284215], [-71.11625222029879, 42.393782965984265], [-71.11567271126056, 42.39353060808219], [-71.11561546661471, 42.39350571407488], [-71.11495619762408, 42.3932188195854], [-71.11495320656373, 42.393217563588266], [-71.1147084797386, 42.393118482382064], [-71.1140466788515, 42.392833447635375], [-71.1132092193468, 42.39247389935236], [-71.11248145177787, 42.39216070613668], [-71.11247923247166, 42.392159775874525], [-71.11244016175817, 42.39214383985332], [-71.1123096683253, 42.392090782437265], [-71.11169053555955, 42.39181048088722], [-71.11094902996231, 42.39147458944326], [-71.11026631160122, 42.39116493563766], [-71.10946456887734, 42.39080206061334], [-71.10875767995047, 42.390481358393025], [-71.10807728809432, 42.390173070494534], [-71.10801482043748, 42.39014475631236], [-71.1078534122511, 42.39007142576122], [-71.10733272855855, 42.38983700374176], [-71.10685222764788, 42.3896206736658], [-71.1061348001006, 42.389296511577584], [-71.10613155653581, 42.389295101436474], [-71.10579903810941, 42.3891560737282], [-71.10579382138431, 42.389154025719776], [-71.10554706723731, 42.38906331211774], [-71.10554454917083, 42.389062415807246], [-71.10526902493693, 42.388967449070286], [-71.10449237698674, 42.38870126320427], [-71.10433713277892, 42.38864847979327], [-71.10347281234502, 42.38835739157283], [-71.10195348342442, 42.38783906472419], [-71.10190216761303, 42.38782163777511], [-71.10110130246827, 42.38755261090135], [-71.10089266569119, 42.38748262054903], [-71.10036110697916, 42.387303820444366], [-71.0988382740989, 42.386788924982184], [-71.0987661383441, 42.386764095729056], [-71.0986383555544, 42.38672031043297], [-71.09821952673806, 42.386578802443815], [-71.09785383911435, 42.386455407804306], [-71.09708956853322, 42.38619718236549], [-71.09691959814434, 42.386136837044894], [-71.09683912441366, 42.386107074421986], [-71.09612401928524, 42.385827284648954], [-71.0951015471463, 42.38542375453294], [-71.09422171796332, 42.38507698252646], [-71.09392599341153, 42.38495995205809], [-71.09354768071977, 42.38481177097549], [-71.09317966894791, 42.384666423142455], [-71.09295536472246, 42.38457862189744], [-71.09288209068619, 42.38454668076018], [-71.09274969135099, 42.38448245230155], [-71.09273327003105, 42.38447366862553], [-71.0926253477189, 42.3844134374947], [-71.09250558616536, 42.38433839697607], [-71.09246234360594, 42.384308230154204], [-71.092378178765, 42.38424326641924], [-71.09230032353813, 42.38417554490344], [-71.09225401914824, 42.384129464539], [-71.092241067101, 42.384118851105725], [-71.092225832423, 42.38411006165835], [-71.0922087736545, 42.38410336070408], [-71.09219040680387, 42.384098951734686], [-71.0921712884049, 42.38409696816372], [-71.09215199490247, 42.384097468752124], [-71.09213311049757, 42.384100439365675], [-71.09211520530728, 42.38410579019682], [-71.0920988207692, 42.384113359313965], [-71.09208445139808, 42.38412291709806], [-71.09207253379255, 42.38413417610669], [-71.0920634247483, 42.38414679549788], [-71.09205740239649, 42.38416039273752], [-71.09205464789014, 42.38417455883931], [-71.09205524536848, 42.38418886376614], [-71.09205917454327, 42.384202876210054], [-71.09206631793178, 42.38421617172054], [-71.09207646074672, 42.38422834980953], [-71.09212494424628, 42.38427659955101], [-71.09212893640284, 42.38428028596087], [-71.09221129351248, 42.38435192357648], [-71.09221571960157, 42.38435554940164], [-71.09230411369248, 42.38442377826449], [-71.09230810347572, 42.38442670572036], [-71.09235579615698, 42.38445997633958], [-71.09235996319788, 42.38446272256435], [-71.09248438378391, 42.3845406831491], [-71.09248927970938, 42.38454357959726], [-71.09260061561027, 42.38460571533712], [-71.09260242594786, 42.384606704857106], [-71.09262179172401, 42.384617063670106], [-71.09262577514396, 42.384619098010816], [-71.09276272165255, 42.3846855321941], [-71.09276723791024, 42.38468761072914], [-71.09284498178938, 42.38472150066501], [-71.09284941947581, 42.38472333494188], [-71.09307566099177, 42.38481189407749], [-71.09344365157054, 42.38495723315849], [-71.09382190553545, 42.38510539096125], [-71.09411729745662, 42.38522229087726], [-71.09499723831976, 42.38556910727218], [-71.09601989021422, 42.38597270824862], [-71.09673660404152, 42.38625312728951], [-71.09673886222265, 42.38625398687196], [-71.09682206091341, 42.386284752124425], [-71.0969955539552, 42.38634634511289], [-71.09776180115787, 42.38660524698286], [-71.09812747007835, 42.38672863554084], [-71.09854585010031, 42.386869991043994], [-71.09867284667595, 42.38691350721446], [-71.09874552301476, 42.386938522967974], [-71.1002691415938, 42.38745368434179], [-71.10080096064402, 42.38763257219205], [-71.10100968627896, 42.387702592724295], [-71.10181013120057, 42.38797147832277], [-71.10186080725035, 42.387988687930765], [-71.10338047226828, 42.38850712966915], [-71.10424483068934, 42.38879822950159], [-71.10439962799633, 42.388850862050944], [-71.1051756011696, 42.38911681664143], [-71.10544962684038, 42.38921126709832], [-71.105692506432, 42.38930055688522], [-71.10602080273506, 42.38943781938988], [-71.10673678285886, 42.38976132722425], [-71.10721743462219, 42.38997772490875], [-71.10773777752318, 42.390211992329846], [-71.10789885893378, 42.390285176080816], [-71.10796143930425, 42.390313542024806], [-71.10864179214677, 42.390621811556464], [-71.1093487256548, 42.39094253443241], [-71.11015047796876, 42.39130541478212], [-71.11083315973553, 42.39161505203253], [-71.11157474145304, 42.391950978676334], [-71.11219609877438, 42.3922322876465], [-71.11220057587215, 42.39223420953047], [-71.1123332138722, 42.39228813946291], [-71.11237104771052, 42.39230357079684], [-71.11309779884593, 42.39261632734364], [-71.11393522326155, 42.39297586099885], [-71.114598143225, 42.393261378170976], [-71.11460070183254, 42.39326244637086], [-71.114845230347, 42.39336144791316], [-71.11550304307703, 42.39364770796316], [-71.11556025752063, 42.393672589320495], [-71.11613963537162, 42.393924890622394], [-71.11656944638719, 42.39411238817127], [-71.11676006912276, 42.39419397370418], [-71.11766409794093, 42.394585110731846], [-71.11772026806976, 42.394609834486616], [-71.11855474561685, 42.39497630606364], [-71.1191182624668, 42.395221230260894]]]}, "properties": {"OBJECTID_1": 5, "FID_1": 329, "FID_1_1": 329, "OBJECTID": 330, "Street": "HIGHLAND AVE", "SUM_fixed_": 1.83859109497, "BUFF_DIST": 30, "ORIG_FID": 297, "Shape_Leng": 19118.3591867, "Count_": 165, "Count_1": 58, "Count_2": 30, "cpm_all": 89.7426298057, "cpm_injury": 31.5458941135, "cpm_NM": 0, "intersecti": " ", "Shape_Length": 19118.054587052236, "Shape_Area": 574058.212975769}}, {"type": "Feature", "id": 6, "geometry": {"type": "Polygon", "coordinates": [[[-71.07399410078533, 42.37626190118432], [-71.0739764367816, 42.376263991956485], [-71.07395945575531, 42.37626815861475], [-71.07394359676181, 42.376274293850855], [-71.07392927250258, 42.37628223714224], [-71.07391685470031, 42.376291782800415], [-71.07390666436143, 42.376302683535954], [-71.07389896809703, 42.37631465584645], [-71.07389396469982, 42.37632738986993], [-71.07389178512008, 42.37634055298582], [-71.07389248385657, 42.376353805988174], [-71.07389604381304, 42.37636680310375], [-71.07390237254678, 42.37637920818297], [-71.07391130588599, 42.376390698314836], [-71.07422068409198, 42.376723438130206], [-71.0744253203625, 42.376965099320216], [-71.07458851940503, 42.377166572979725], [-71.0747738660206, 42.377403988455555], [-71.07477518576295, 42.37740563455518], [-71.07495477281066, 42.37762380462508], [-71.07519063825872, 42.377954554120265], [-71.07519231217975, 42.377956802913694], [-71.0754666661793, 42.37831213758618], [-71.07569584752636, 42.378628219060495], [-71.075794591333, 42.37878105379934], [-71.07589381801954, 42.37893492465468], [-71.07599064951587, 42.37909367153945], [-71.07609466961812, 42.37926823943418], [-71.07618405860973, 42.379446187916365], [-71.07626265163874, 42.37962725475816], [-71.07633367377022, 42.37981542841934], [-71.07639244328483, 42.38000535658326], [-71.07643505304713, 42.38019677190389], [-71.07645403986746, 42.380321316164405], [-71.07645485491491, 42.38032562973139], [-71.07646493197956, 42.380369022772754], [-71.07653269049025, 42.38085310893579], [-71.07655489647574, 42.381248821910816], [-71.07651092072754, 42.38186214673723], [-71.07648870362686, 42.38206627390952], [-71.07644031092244, 42.382362928723566], [-71.0763693700776, 42.3828152551625], [-71.07636885601102, 42.382819483708246], [-71.07633576603777, 42.3832012383789], [-71.07633555542452, 42.383203673773984], [-71.0763326488522, 42.383238023339935], [-71.07633248017504, 42.383240724473424], [-71.07632951074442, 42.3833145431921], [-71.07632380376103, 42.3834563872469], [-71.07632375605574, 42.38345843251815], [-71.07632389337194, 42.38346294975232], [-71.07634653948043, 42.3837988924529], [-71.07636947617671, 42.384090589004586], [-71.07637052991845, 42.38409807064844], [-71.07642840135462, 42.38438261699144], [-71.07643017489123, 42.384389243312945], [-71.07652760865837, 42.38468816872306], [-71.07657139196134, 42.384824555506114], [-71.07657249652155, 42.38482771776897], [-71.07664102901887, 42.38500894063504], [-71.07669004212015, 42.38513478176756], [-71.07669120857591, 42.38513758864439], [-71.07681384715, 42.38541491503131], [-71.07681497151665, 42.38541729861823], [-71.07692292570007, 42.38563522952013], [-71.07692607181592, 42.38564091558041], [-71.0769747145982, 42.385720251025944], [-71.07709839312471, 42.385921968720034], [-71.07728942982162, 42.38622903382502], [-71.0772925069624, 42.38623360236829], [-71.0773011198713, 42.38624536651322], [-71.07730253669433, 42.38624724250871], [-71.07742291421722, 42.386401874541804], [-71.07750753314949, 42.38650698015776], [-71.0775088811802, 42.38650861192095], [-71.0775765957475, 42.38658843845353], [-71.07757784669113, 42.38658987899924], [-71.07773858071376, 42.38677089131595], [-71.0777399188906, 42.38677236368988], [-71.07783621643588, 42.3868758796959], [-71.07790897637867, 42.38695409232025], [-71.07791242502164, 42.386957598073124], [-71.07791567660576, 42.38696024243152], [-71.07791701908343, 42.386961799445785], [-71.07792313713448, 42.386969838917494], [-71.07794932245946, 42.3869980616417], [-71.07795197592075, 42.38700080013545], [-71.07804903873912, 42.38709674917549], [-71.07808780748992, 42.38713507238323], [-71.07808896343647, 42.387136192974026], [-71.07809314141522, 42.38714014613584], [-71.0782983808993, 42.38733959748542], [-71.07830119554988, 42.387342207820986], [-71.07850470813047, 42.38752326866459], [-71.07874737476747, 42.38773122712346], [-71.07874909695207, 42.38773266938118], [-71.07893231090831, 42.38788243778881], [-71.07916202609978, 42.388067361007074], [-71.07916450287027, 42.38806929127114], [-71.07966790721474, 42.388449098319725], [-71.08011378686346, 42.38878617732049], [-71.08051747135175, 42.38909097411637], [-71.08088128164239, 42.38936402068152], [-71.08127991791147, 42.3896638231821], [-71.08140859207533, 42.38976083592465], [-71.08196279038866, 42.39018155976561], [-71.08217391890732, 42.3903461232049], [-71.08222916468597, 42.39039063662974], [-71.08237322067932, 42.39051563359067], [-71.0826408090882, 42.390747817841856], [-71.0830201971878, 42.39112231462459], [-71.08319372972115, 42.39131903573141], [-71.08336841899826, 42.39151620909266], [-71.0842273503177, 42.39250957264982], [-71.0842293300464, 42.39251178279411], [-71.08457210313318, 42.39288141184707], [-71.08457594827317, 42.392885307746255], [-71.08495013463445, 42.39323886555557], [-71.08495467494033, 42.39324288548711], [-71.08535807307499, 42.393577743090866], [-71.08536075650544, 42.39357989183057], [-71.08544551449687, 42.39364540284519], [-71.08552148339128, 42.393703987777954], [-71.08559909865839, 42.39376397762661], [-71.08560979957268, 42.393772214131566], [-71.08579342180714, 42.39391356141643], [-71.08591830787704, 42.394009961141876], [-71.08596456785682, 42.39404579136938], [-71.08615914800957, 42.39419608397216], [-71.08616115672204, 42.39419759556736], [-71.08618054645135, 42.39421182043132], [-71.0863906695266, 42.394365967716624], [-71.08649762257161, 42.39444442814106], [-71.08671774963165, 42.39460556904148], [-71.08773428848589, 42.395360699497175], [-71.08853873331785, 42.39596637750575], [-71.08904386166311, 42.396346468169924], [-71.0890505146879, 42.39635197734321], [-71.09014661307204, 42.39716882235596], [-71.09048441548683, 42.39742041293654], [-71.09079537134423, 42.39765227101223], [-71.09080158819562, 42.397656905258025], [-71.09093175977856, 42.39775345774193], [-71.09152832277908, 42.39819678645246], [-71.09237691754583, 42.39885157884031], [-71.09274525991835, 42.3991508443192], [-71.09283099180968, 42.39922552706014], [-71.09284399127947, 42.399235119627896], [-71.09285894526974, 42.399242995071724], [-71.09287544339321, 42.399248938572455], [-71.09289303604588, 42.39925278918927], [-71.09291124411811, 42.399254440794444], [-71.09292956988664, 42.39925384841355], [-71.0929475152335, 42.39925102829036], [-71.09296458894073, 42.39924605701197], [-71.09298032612415, 42.39923907157784], [-71.09299429678842, 42.39923026132723], [-71.09300612162885, 42.39921986619452], [-71.09301547571026, 42.399208171320495], [-71.09302210555292, 42.399195494508604], [-71.09302582916715, 42.39918218082344], [-71.09302654703116, 42.3991685954273], [-71.09302423612193, 42.399155107353835], [-71.09301896329936, 42.3991420859543], [-71.09301086961975, 42.39912988463723], [-71.09300017643211, 42.399118837288555], [-71.09291319795564, 42.39904306812504], [-71.09291065850216, 42.39904093177891], [-71.09254005641894, 42.39873983125153], [-71.09253810350859, 42.39873828485698], [-71.09168708041084, 42.39808163134655], [-71.09108895927808, 42.397637135647805], [-71.09095891341319, 42.39754067651484], [-71.09095290205936, 42.39753619515541], [-71.09064190630005, 42.39730430854812], [-71.0903040821271, 42.39705270124021], [-71.08921143471079, 42.396238428623896], [-71.08920539193264, 42.39623340058789], [-71.08869699887195, 42.39585085468998], [-71.08789201975348, 42.395244777933605], [-71.08687440271385, 42.394488848230594], [-71.08665378369791, 42.39432734574548], [-71.08654691527448, 42.394248946987275], [-71.08633679099853, 42.39409479907842], [-71.08631842750256, 42.394081327864605], [-71.08612490713483, 42.39393185409424], [-71.08607864956481, 42.39389602573941], [-71.0859535254102, 42.39379944257156], [-71.08576979559315, 42.393658013225554], [-71.0857592517812, 42.393649897038365], [-71.08568170659659, 42.39358996066511], [-71.08560573647615, 42.39353137583218], [-71.08552244187486, 42.393466996457924], [-71.08512270250134, 42.393135176661914], [-71.08475316290695, 42.39278601244763], [-71.08441338494684, 42.392419613254845], [-71.08355477492358, 42.39142662945294], [-71.08337949703083, 42.39122878893153], [-71.08320411010801, 42.391029967327164], [-71.0831999659479, 42.39102558684477], [-71.0828159028153, 42.39064648135521], [-71.08281195294973, 42.39064284879747], [-71.08254209050371, 42.39040869047106], [-71.08239672300768, 42.390282554602415], [-71.08239401386082, 42.390280290461554], [-71.08233608248946, 42.3902336219922], [-71.08212272591375, 42.390067318610186], [-71.08156729378756, 42.389645653846976], [-71.08143819303653, 42.389548319226755], [-71.08103937910523, 42.38924838337771], [-71.08067573556542, 42.38897546215197], [-71.08027231810799, 42.388670867640556], [-71.0798264082162, 42.38833376662765], [-71.07932418321418, 42.38795485045344], [-71.07909630285748, 42.38777140532993], [-71.07891446701159, 42.387622763076514], [-71.07867401842284, 42.3874167162873], [-71.07847335614133, 42.38723818067427], [-71.07826890191002, 42.38703949685216], [-71.07826480118607, 42.387035613301656], [-71.07822671765702, 42.386997968777834], [-71.07813101440092, 42.3869033653936], [-71.07810612281159, 42.3868765365922], [-71.07810259699966, 42.38687294683573], [-71.07809800171758, 42.38686874546594], [-71.07809180770586, 42.386860621998466], [-71.07801904643613, 42.386782408583336], [-71.07792342396151, 42.38667961903337], [-71.07776399986446, 42.38650008194309], [-71.07769756117344, 42.38642176007592], [-71.07761445594586, 42.386318542649256], [-71.0774956217946, 42.38616588540351], [-71.0774895865987, 42.3861576427472], [-71.07730036700886, 42.38585349976818], [-71.07717689700311, 42.38565212246336], [-71.07712996947038, 42.385575585188356], [-71.07702411994651, 42.38536190345663], [-71.07690285750046, 42.38508768833501], [-71.07685463434447, 42.38496387853919], [-71.07678692823848, 42.384784839329186], [-71.07674354893562, 42.38464971541328], [-71.07664718397135, 42.38435407025507], [-71.07659088706161, 42.38407725606053], [-71.07656828942038, 42.38378990467706], [-71.07654591613804, 42.383458017910286], [-71.07655149138434, 42.383319451298306], [-71.07655440658941, 42.38324698190223], [-71.07655718907495, 42.38321409843841], [-71.07655738913321, 42.383211787243425], [-71.07659029225111, 42.38283216820312], [-71.07666085739075, 42.38238221880583], [-71.07670943646339, 42.382084418526944], [-71.07670987967717, 42.3820811557242], [-71.07673239753606, 42.38187426034223], [-71.07673260082285, 42.38187200947721], [-71.07677693466688, 42.381253665902584], [-71.07677708989765, 42.38124970431863], [-71.0767769953199, 42.38124587325727], [-71.07675442549989, 42.38084371564992], [-71.07675392881285, 42.38083864071525], [-71.07668543158432, 42.38034928800046], [-71.07668450616711, 42.380344226792246], [-71.07667434044076, 42.38030045172316], [-71.07665539388414, 42.38017617773375], [-71.07665464371118, 42.38017214799671], [-71.07661098886655, 42.3799760384255], [-71.07660965870755, 42.37997103604578], [-71.07654952887194, 42.37977671049379], [-71.07654823301067, 42.379772934428175], [-71.07647592290385, 42.37958135217869], [-71.0764746925157, 42.37957831728804], [-71.07639443784768, 42.37939343716508], [-71.07639304297636, 42.37939048629467], [-71.07630160918352, 42.37920846835498], [-71.07629912237543, 42.379203932560145], [-71.07619338828562, 42.37902649382638], [-71.07609566041376, 42.378866273641876], [-71.07609466442875, 42.37886468546912], [-71.07599489775409, 42.37870998003141], [-71.07589500224279, 42.378555365854105], [-71.0758927199388, 42.37855202998421], [-71.07566154310423, 42.37823319746752], [-71.07566010737169, 42.37823127816404], [-71.0753859620912, 42.377876215705435], [-71.07514936695742, 42.37754444298841], [-71.07514610724442, 42.377540205907856], [-71.07496540207981, 42.37732067887306], [-71.07477979127532, 42.377082935922665], [-71.0746151131089, 42.37687962678091], [-71.07461396285844, 42.37687823788746], [-71.07440748182354, 42.37663439871477], [-71.07440486194969, 42.37663144778727], [-71.07409412704443, 42.376297250377135], [-71.07408182481204, 42.376286213234415], [-71.07406712972582, 42.37627692368951], [-71.07405048672814, 42.376269662477696], [-71.07403239824006, 42.37626464932773], [-71.07401341085344, 42.376262035710646], [-71.07399410078533, 42.37626190118432]]]}, "properties": {"OBJECTID_1": 6, "FID_1": 348, "FID_1_1": 348, "OBJECTID": 349, "Street": "I-93 N", "SUM_fixed_": 1.92053523119, "BUFF_DIST": 30, "ORIG_FID": 318, "Shape_Leng": 20483.2271745, "Count_": 191, "Count_1": 51, "Count_2": 0, "cpm_all": 99.4514429614, "cpm_injury": 26.5550973352, "cpm_NM": 0, "intersecti": " ", "Shape_Length": 20483.01225507485, "Shape_Area": 611650.877200637}}, {"type": "Feature", "id": 7, "geometry": {"type": "MultiPolygon", "coordinates": [[[[-71.08427428565484, 42.393148171166075], [-71.08425560067727, 42.39315045159575], [-71.08423770933389, 42.39315505131626], [-71.08422113231806, 42.39316183806729], [-71.08420635189707, 42.39317061282907], [-71.08330611236167, 42.393805715947224], [-71.08329391565115, 42.39381587017705], [-71.08328413915345, 42.393827374590565], [-71.08327705214238, 42.39383991506471], [-71.08327284513803, 42.39385314838217], [-71.08327163468132, 42.39386671485244], [-71.08327345236766, 42.39388024367373], [-71.08327824961556, 42.393893366454506], [-71.08328589639865, 42.39390572531157], [-71.08329618240046, 42.393916981876856], [-71.08330882785616, 42.39392683084124], [-71.08332348718417, 42.39393500176824], [-71.08333976225097, 42.393941273546666], [-71.08335720722933, 42.393945474408284], [-71.08337534676896, 42.39394748919597], [-71.08339368568943, 42.39394726300003], [-71.08341172597746, 42.393944802119954], [-71.08342897285443, 42.39394017498673], [-71.08344495667947, 42.39393350594023], [-71.08345924264792, 42.393924977964815], [-71.08435948234322, 42.39328987366639], [-71.0843715834273, 42.39327981350757], [-71.08438130666075, 42.39326842404501], [-71.0843883937629, 42.393256011342594], [-71.08439265186615, 42.39324290780868], [-71.08439396935164, 42.3932294650508], [-71.0843923086391, 42.39321604214593], [-71.08438771714665, 42.39320300117871], [-71.08438031525786, 42.39319069009254], [-71.08437030120331, 42.39317943910618], [-71.08435794627334, 42.393169549893145], [-71.0843435790767, 42.393161288322744], [-71.08432758681992, 42.39315487456153], [-71.08431039588123, 42.39315048210303], [-71.08429246945255, 42.39314822695584], [-71.08427428565484, 42.393148171166075]]], [[[-71.08578344319064, 42.393347357879115], [-71.08577793465216, 42.39341826047898], [-71.08577778771195, 42.39342085276264], [-71.08577323648421, 42.39355048241072], [-71.0857624576081, 42.393854274414856], [-71.08576134346026, 42.39388306862695], [-71.0857587046564, 42.393958821464075], [-71.0857574883662, 42.39399375072989], [-71.08574458331715, 42.39407147243568], [-71.08574390272062, 42.394085813278764], [-71.08574659096536, 42.39410002310472], [-71.0857525682788, 42.3941136721915], [-71.0857616515642, 42.39412634394926], [-71.08577356520705, 42.39413765386495], [-71.0857879483033, 42.394147258531454], [-71.08580436309023, 42.394154866481315], [-71.08582230947354, 42.39416024544154], [-71.08584124438963, 42.39416323320669], [-71.08586059152167, 42.39416373767392], [-71.08587976310893, 42.39416174502418], [-71.0858981757712, 42.394157314377324], [-71.08591527113268, 42.39415058146761], [-71.0859305292352, 42.39414175058918], [-71.08594348679193, 42.394131089260064], [-71.08595375058852, 42.39411892196828], [-71.08596100727009, 42.394105619403526], [-71.08596503801003, 42.394091584105304], [-71.0859785977767, 42.394009916094795], [-71.08597939181101, 42.394001984766156], [-71.08598074702844, 42.393963070449786], [-71.0859833782853, 42.393887502139236], [-71.08598448953754, 42.39385876373247], [-71.08599527583728, 42.39355478808084], [-71.08599978315965, 42.39342641506166], [-71.08600632804676, 42.39333613220542], [-71.08600734905913, 42.39332692239102], [-71.08600775035895, 42.39332257997328], [-71.08602642833897, 42.393087641106725], [-71.0860266167125, 42.39308317098287], [-71.08602724935893, 42.39294944803643], [-71.08603688944662, 42.392818071215885], [-71.08605552327468, 42.392687229102094], [-71.08608310116476, 42.392557266320395], [-71.08611955912559, 42.392428487830145], [-71.08616479514113, 42.392301256070134], [-71.08621868793175, 42.392175908200066], [-71.0862811079671, 42.3920527435365], [-71.08635190261006, 42.39193206671294], [-71.08643085073373, 42.39181425593843], [-71.0865178063838, 42.39169952403904], [-71.0866124828322, 42.39158825348721], [-71.08671548770081, 42.391479827052294], [-71.08824397336177, 42.38995470116119], [-71.08832684113652, 42.38987655243338], [-71.08846096223765, 42.38975006982957], [-71.08909936115457, 42.389148020308234], [-71.08910182032074, 42.38914561093029], [-71.08915420182669, 42.389092295064444], [-71.08927884291116, 42.38896509973306], [-71.08928186492788, 42.38896185509722], [-71.08940585635, 42.388821664423865], [-71.08940814370439, 42.38881896543528], [-71.08944755862663, 42.38877039896997], [-71.08944884925921, 42.38876876776093], [-71.08955312268385, 42.38863333568594], [-71.08968869407673, 42.38845755910965], [-71.08969081170237, 42.38845462363598], [-71.08976625433647, 42.388344444118594], [-71.08976892047455, 42.388340261906514], [-71.08982032443265, 42.388253419307404], [-71.09008711378242, 42.387805862546756], [-71.09032200429098, 42.387415912317714], [-71.09032383958278, 42.387412682334336], [-71.09045376325058, 42.38716970287929], [-71.09048425879081, 42.387112885612694], [-71.09048534108898, 42.387110785502806], [-71.09073101123921, 42.38661397761954], [-71.09073343613953, 42.38660951993937], [-71.09073422423079, 42.38660802917261], [-71.09077811979647, 42.3865225863617], [-71.09077934683836, 42.38652007263333], [-71.09081914694438, 42.38643317928734], [-71.09082038233846, 42.386430312677085], [-71.09085602123575, 42.38634199737539], [-71.09092509848165, 42.386158756232135], [-71.09096816147053, 42.38604442298698], [-71.09113733525402, 42.3855676408602], [-71.09113808197317, 42.38556540810971], [-71.09123751388763, 42.38524952149993], [-71.09131091429332, 42.385016706022725], [-71.09131180746304, 42.38501360771825], [-71.09161491616224, 42.38385213678727], [-71.09163324645758, 42.383781142443695], [-71.09163375322782, 42.38377901507101], [-71.09164804511197, 42.3837115003919], [-71.09164901678864, 42.3837054539329], [-71.09165800580469, 42.38362397953384], [-71.09165837434618, 42.383617494296274], [-71.09165845157281, 42.383535578636604], [-71.09165787806656, 42.383527167048925], [-71.09164768344347, 42.38345308701329], [-71.09164682921217, 42.383448280966554], [-71.09164622966208, 42.38344578325146], [-71.09162712389373, 42.383372678101416], [-71.09162479374847, 42.383365500869424], [-71.0915969309336, 42.3832939590325], [-71.09159544422981, 42.38329043814617], [-71.09159393898388, 42.3832873439286], [-71.09156194114293, 42.38322542494348], [-71.0915584415334, 42.38321938421808], [-71.0915198812548, 42.383159555789675], [-71.0915178892566, 42.383156619193095], [-71.0909995637473, 42.38242980506291], [-71.09099542138736, 42.38242346043874], [-71.09099184034025, 42.38241763457301], [-71.0907573313911, 42.382019209915356], [-71.09075372308814, 42.3820136621324], [-71.09070504359653, 42.381945466182245], [-71.09057349965067, 42.38176249159248], [-71.09051484897296, 42.3816724713892], [-71.09044512304203, 42.38154845029963], [-71.09038634566998, 42.3814216196446], [-71.0903514786325, 42.381326062648455], [-71.09030654279417, 42.38117087095145], [-71.09019689426106, 42.3807222098556], [-71.09011157872459, 42.38037312845987], [-71.09006829413788, 42.380207671166225], [-71.09006639848626, 42.38020057376937], [-71.09006242221145, 42.380185691399156], [-71.0900272162559, 42.380050438611754], [-71.0900257128936, 42.38004482988224], [-71.09002224736199, 42.38003189664601], [-71.0899771709338, 42.37985876339204], [-71.08996812802079, 42.379824319577615], [-71.08995086580866, 42.37975856967292], [-71.08986795489405, 42.37941939341209], [-71.08984654685574, 42.379331813901835], [-71.08979723096729, 42.37913006788066], [-71.08965333225945, 42.378486664780525], [-71.08951938756331, 42.37794386147062], [-71.08949801776322, 42.37784493030252], [-71.08942796757773, 42.37752062534657], [-71.0894210859471, 42.37748703815087], [-71.08941387349809, 42.37745185266761], [-71.08940986382993, 42.377439358602025], [-71.08931843941208, 42.3772290695216], [-71.0893108144194, 42.37721591524032], [-71.0893002311763, 42.377203939674466], [-71.08928700910506, 42.377193504978024], [-71.08927154928304, 42.377184926781595], [-71.0892543187225, 42.37717846423338], [-71.08923583706088, 42.37717431274939], [-71.08921666566846, 42.377172598572876], [-71.08919738461354, 42.37717337329064], [-71.08917857445566, 42.37717661286755], [-71.08916080773466, 42.37718221941685], [-71.08914461859216, 42.37719002469276], [-71.0891304979096, 42.37719979097313], [-71.08911887379871, 42.377211223593974], [-71.08911009699605, 42.377223976298524], [-71.08910443349002, 42.37723766471537], [-71.08910205355167, 42.37725187262096], [-71.08910303039168, 42.3772661717412], [-71.08910733404207, 42.37728012893165], [-71.0891957644373, 42.37748354551367], [-71.08920154550317, 42.37751176399323], [-71.08920856239185, 42.37754600799329], [-71.08927875173397, 42.37787096628849], [-71.08930033221431, 42.377970873258896], [-71.08930073262881, 42.37797260053507], [-71.0894345680353, 42.378514938265006], [-71.08948629266885, 42.378746230522864], [-71.0894420486447, 42.37857280557673], [-71.08926545061983, 42.37785660246471], [-71.08925058525132, 42.377786012942146], [-71.08924929902975, 42.37778101626811], [-71.08922801491804, 42.37771028048424], [-71.0892263178023, 42.37770535796666], [-71.08919901526224, 42.37763528670354], [-71.08919718025348, 42.377631030804416], [-71.08916350272861, 42.37756156066449], [-71.0891609307132, 42.377556738554134], [-71.08915880757048, 42.377553099221], [-71.08912204182498, 42.377490057779426], [-71.08911893953099, 42.377485183358075], [-71.0890737992544, 42.37741989638686], [-71.08907097147602, 42.37741612939537], [-71.0890209520562, 42.37735352312877], [-71.08901700764007, 42.37734893828876], [-71.08896165103683, 42.37728905609737], [-71.08895778613227, 42.377285129647916], [-71.08889732566634, 42.377227757189345], [-71.08889290230294, 42.37722381793855], [-71.08882779413749, 42.377169389871845], [-71.08882269717151, 42.37716540589733], [-71.08875294068865, 42.377114391260434], [-71.08875056326484, 42.377112702829066], [-71.08874789259994, 42.37711092152021], [-71.08867418232559, 42.37706332278773], [-71.08866872398004, 42.37706001722959], [-71.08859082799775, 42.377015833563995], [-71.08858551835591, 42.37701300208381], [-71.08850364099733, 42.376971993831106], [-71.08849975286032, 42.37697015234386], [-71.08848399230048, 42.37696303142725], [-71.08743759238972, 42.37646476119396], [-71.0870937136999, 42.37629711594084], [-71.08705921153344, 42.376280205371785], [-71.08697302693677, 42.37623379054435], [-71.08689187395396, 42.37618387990513], [-71.08681516025557, 42.376130813445755], [-71.08674325708827, 42.37607408024601], [-71.08667538753592, 42.37601309503853], [-71.08643559374474, 42.37578278639691], [-71.08643176017209, 42.37577930561451], [-71.08634435457421, 42.37570421541505], [-71.08633938303164, 42.37570021827487], [-71.0862459324055, 42.37562990838591], [-71.0862417785532, 42.37562694590995], [-71.08619252311836, 42.37559407936288], [-71.0861472752568, 42.3755638983599], [-71.08614002297249, 42.3755592330963], [-71.08613667314255, 42.375557166592564], [-71.08603183594826, 42.375495046874384], [-71.08602369914102, 42.37549065840921], [-71.08601939313071, 42.37548868479167], [-71.08594003563634, 42.375447614433156], [-71.0854651055532, 42.37520234335889], [-71.08546257255364, 42.37520107383091], [-71.08323535318667, 42.374123544088995], [-71.08266624344547, 42.3738509609896], [-71.08230996534603, 42.3736776690774], [-71.08230654465723, 42.37367607035212], [-71.0822186212115, 42.373636622815944], [-71.08220271161824, 42.373629503187445], [-71.08214975275538, 42.373605857469336], [-71.08214592803935, 42.37360421585847], [-71.08213381005227, 42.373599157244435], [-71.08207948937616, 42.373574159718274], [-71.082047616405, 42.37355980138688], [-71.08198638065187, 42.37353266842002], [-71.08196944720626, 42.37352652184923], [-71.0819513529246, 42.37352259386466], [-71.08193262156935, 42.3735209989051], [-71.08191379799527, 42.373521783064525], [-71.081895426301, 42.373524923112484], [-71.08187803888471, 42.37353032915503], [-71.08186213945771, 42.373537842772684], [-71.08184818962418, 42.373547246874296], [-71.08183659428168, 42.37355827014559], [-71.08182768702164, 42.37357059149747], [-71.08182172881416, 42.37358385536575], [-71.08181889098586, 42.373597675250494], [-71.08181925509496, 42.37361165262148], [-71.08182281168669, 42.373625381415096], [-71.08180446377472, 42.373625103147255], [-71.08178630498573, 42.37362707177878], [-71.0817688322706, 42.373631233298845], [-71.08175252355304, 42.373637473308456], [-71.08173782677301, 42.37364562148203], [-71.08172514044243, 42.37365545419765], [-71.08171481480022, 42.373666703543776], [-71.08170713235597, 42.37367906175014], [-71.08170230176577, 42.37369218926758], [-71.08170045532012, 42.37370572736331], [-71.08170164524797, 42.373719306209544], [-71.08170583637197, 42.37373255386006], [-71.08171291695798, 42.37374510799299], [-71.08172269137056, 42.373756624887385], [-71.08173489214876, 42.37376678937004], [-71.08174918601699, 42.37377532384056], [-71.08179824556916, 42.37379997739159], [-71.08180024012714, 42.37380094524834], [-71.08193087609521, 42.37386275120425], [-71.08221736793094, 42.37399839115897], [-71.08415509393406, 42.374896386776456], [-71.08422009759992, 42.37492862240835], [-71.08450366293505, 42.37508167646162], [-71.08450555900825, 42.375082677225734], [-71.08474536848937, 42.37520649248797], [-71.08479307035927, 42.37523078333138], [-71.08524049103292, 42.375460937637065], [-71.08566679191905, 42.37567469553203], [-71.08583100097457, 42.37575729208417], [-71.08583927607863, 42.37576133174956], [-71.08591548115734, 42.37580231610256], [-71.08598768946811, 42.37584621915163], [-71.0860406913051, 42.37588235379859], [-71.08605403874621, 42.37589206189441], [-71.08611886452606, 42.37594287679704], [-71.08617793816562, 42.37599525367285], [-71.08623427615598, 42.376052845036135], [-71.08623646218142, 42.37605500548191], [-71.08640246744164, 42.37621226025742], [-71.08640488748158, 42.37621447285753], [-71.08647825222431, 42.37627922226336], [-71.08648325697679, 42.37628334825707], [-71.08656196816891, 42.376344000719854], [-71.08656675984047, 42.37634747593777], [-71.08665073566719, 42.37640428773389], [-71.08665568243732, 42.376407442103286], [-71.08674415803878, 42.37646058332807], [-71.08675017435614, 42.3764639531026], [-71.08684422831283, 42.37651299818191], [-71.086847210354, 42.376514499764646], [-71.08723696705574, 42.37670275134757], [-71.08758592445749, 42.37686955368178], [-71.087600757244, 42.37687834682742], [-71.08761146740933, 42.37688346283127], [-71.087650014636, 42.37690186689891], [-71.08767040975206, 42.37691160456608], [-71.08806332590352, 42.3770991129004], [-71.08811942653429, 42.37712588569601], [-71.0881237794073, 42.37712796203387], [-71.08813899034928, 42.37713371169768], [-71.08837999501674, 42.37724911578526], [-71.08839319508704, 42.37725526064772], [-71.0884113031378, 42.37726401408967], [-71.08847048099007, 42.37729619133123], [-71.08852670607267, 42.37733150987975], [-71.0885796447132, 42.377368626220594], [-71.08859906754141, 42.37738433273697], [-71.08862927079161, 42.37740875565019], [-71.08867558527794, 42.377451002392185], [-71.08871784941086, 42.37749488305711], [-71.08875658410773, 42.377541329506215], [-71.08879110213022, 42.377589030271764], [-71.0888217127849, 42.37763878141488], [-71.08884789827817, 42.37768879492208], [-71.08886945618313, 42.377740695988244], [-71.08888696108683, 42.37779369801939], [-71.08910550561407, 42.378677260612605], [-71.08924562128423, 42.37922872728816], [-71.08932664226975, 42.37954760845884], [-71.08938333729229, 42.379765457390306], [-71.08938451356039, 42.3797694426481], [-71.08942484986305, 42.37989155899417], [-71.08943916125887, 42.37993554756677], [-71.08944001606214, 42.37993817494743], [-71.08951303152521, 42.38016132709247], [-71.08956503584267, 42.38031946848702], [-71.08964679705265, 42.380569089483956], [-71.08967487276058, 42.38065819986345], [-71.08970881194784, 42.3807659139194], [-71.08976032227015, 42.38092810291843], [-71.0898041858115, 42.38108999723911], [-71.08984395003917, 42.38124047211793], [-71.08986616454092, 42.38132176057414], [-71.0898676315441, 42.381326424776034], [-71.08991238850356, 42.38145212628737], [-71.08991326355216, 42.38145444673861], [-71.08996584564954, 42.381586349367176], [-71.08996722490913, 42.38158956559733], [-71.09002206610018, 42.381707947673114], [-71.09002450266985, 42.381712719760536], [-71.09008212917713, 42.38181582760123], [-71.09008368094078, 42.38181847276386], [-71.09013358489545, 42.38189960052677], [-71.0901356781965, 42.381902816597645], [-71.09018861556423, 42.38197983994143], [-71.09018996091356, 42.38198173353015], [-71.09026894030741, 42.38208809533001], [-71.09027241301294, 42.38209244976862], [-71.09032929824664, 42.382159015896164], [-71.09067339847519, 42.38258551961608], [-71.09077935211343, 42.38272964850033], [-71.09110373874132, 42.38323838740233], [-71.09114716678151, 42.38331440597047], [-71.09118141925575, 42.383391174263906], [-71.09120716682588, 42.38346976241059], [-71.09122427329243, 42.38354981972189], [-71.09123219455192, 42.38362383770111], [-71.09123264508062, 42.38369822976253], [-71.09122546173138, 42.38377399644242], [-71.0912223025501, 42.383795695564324], [-71.09121640735906, 42.3838361864938], [-71.0911976718109, 42.38391456616107], [-71.09113711044166, 42.38415228968157], [-71.09108102763193, 42.384364975979125], [-71.0909865728234, 42.384707904026065], [-71.09087336522538, 42.38508523985214], [-71.09085819545908, 42.385134729418006], [-71.09075078196203, 42.38549640995799], [-71.09070378261022, 42.38563970926068], [-71.09056630646047, 42.38602231506813], [-71.090531350554, 42.38611764592615], [-71.09052948505628, 42.38612273489148], [-71.09036327183566, 42.386506940583416], [-71.09035756481875, 42.386520135524464], [-71.09026572464236, 42.38672083998189], [-71.09016522153277, 42.3869185245615], [-71.09005587666785, 42.387113600033615], [-71.08993676697992, 42.387307569257665], [-71.08979574206958, 42.38754478095075], [-71.08958179432796, 42.38790202460244], [-71.08946803852047, 42.38809208177726], [-71.08934942244048, 42.38828596659662], [-71.08923407845985, 42.388448277439146], [-71.08921446981034, 42.38847389881209], [-71.08906203894637, 42.38865718420172], [-71.08889407408643, 42.388833580736765], [-71.08829139428846, 42.38941675379998], [-71.0881263074372, 42.38957036883544], [-71.08812500225592, 42.389571615556676], [-71.08799007588425, 42.38970309596285], [-71.0879253549282, 42.389765179974845], [-71.0878178045633, 42.38986834528804], [-71.08729375915384, 42.39037634471657], [-71.08729176163509, 42.39037834248167], [-71.08697302294517, 42.39070746662026], [-71.08678629860334, 42.390895374832716], [-71.08676307669042, 42.39091833057132], [-71.08631745140237, 42.39135942350566], [-71.08631256240699, 42.39136359764454], [-71.08631103693816, 42.3913650893301], [-71.08614796881416, 42.39149878819885], [-71.08614569475739, 42.39150071832827], [-71.08605324305286, 42.39158168309099], [-71.08605070297118, 42.39158399038015], [-71.08604894290679, 42.391585695485496], [-71.08596346696045, 42.39167076715115], [-71.0859595116936, 42.39167496984255], [-71.08588134159959, 42.39176381831113], [-71.08587774710136, 42.39176819605257], [-71.08580718510947, 42.391860478519455], [-71.08580618406508, 42.391861819037864], [-71.08539916830811, 42.39242316841682], [-71.08539696846351, 42.39242636729651], [-71.08536917323913, 42.39246906837], [-71.08536592477675, 42.392474561891476], [-71.08534239800083, 42.39251864946882], [-71.0853408055909, 42.39252182172729], [-71.08533679435149, 42.39253269258666], [-71.08532438437788, 42.39257841371963], [-71.08532380701158, 42.392580706458695], [-71.08532241804419, 42.3925895251207], [-71.0853185007349, 42.39263607180665], [-71.08531828634565, 42.39264079751638], [-71.08531858874096, 42.39264728243963], [-71.08532323900245, 42.39269379247905], [-71.08532436222889, 42.392700862842894], [-71.0853251145273, 42.392703934616435], [-71.08533177670715, 42.39272849581971], [-71.08533492788602, 42.392737467685386], [-71.08534552969871, 42.39276189453782], [-71.08534842011028, 42.39276766405945], [-71.08539457344658, 42.39285012967051], [-71.08539690661715, 42.39285401289211], [-71.08544874185856, 42.39293460205665], [-71.08545120201917, 42.3929381976442], [-71.08550872417696, 42.393016889665816], [-71.08551012209296, 42.39301874568152], [-71.08559476220678, 42.39312772179883], [-71.08555225604779, 42.39333591022212], [-71.08554929976768, 42.39335074342732], [-71.08554620493307, 42.39336707330257], [-71.08553412903609, 42.39342630618716], [-71.08552611774742, 42.39346560165681], [-71.08551903507635, 42.39350034234182], [-71.0854917827986, 42.393634679708896], [-71.08547887144825, 42.39369776278238], [-71.08546933421444, 42.39374489870751], [-71.08544681661617, 42.39385618428478], [-71.08544560298233, 42.393869750764765], [-71.08544741870489, 42.39388327954293], [-71.0854522127547, 42.393896403120245], [-71.08545985631362, 42.39390876271992], [-71.08547014026215, 42.39392002088266], [-71.08548278362211, 42.39392987049967], [-71.08549744199956, 42.39393804384613], [-71.08551371484191, 42.393944317108804], [-71.08553115873916, 42.39394851943703], [-71.08554929833718, 42.393950535682535], [-71.08556763723298, 42.39395031184088], [-71.08558567741959, 42.39394785332078], [-71.08560292534105, 42.393943227666675], [-71.0856189113489, 42.393936561027715], [-71.08563319822754, 42.3939280345873], [-71.08564539700716, 42.39391788101882], [-71.0856551755065, 42.39390637821422], [-71.0856622656851, 42.39389383940743], [-71.08566647462109, 42.39388060601148], [-71.0856889930619, 42.393769319495924], [-71.08569850251932, 42.39372232029636], [-71.08571140737645, 42.39365926868585], [-71.08573866922694, 42.3935248835887], [-71.08574573924554, 42.39349020226383], [-71.08575375039493, 42.393450907679394], [-71.0857659993571, 42.39339081112496], [-71.08576915069462, 42.39337419065633], [-71.0857719210117, 42.39336029757124], [-71.08577606188278, 42.393340018316465], [-71.08578344319064, 42.393347357879115]], [[-71.08587059696606, 42.392123142693954], [-71.08578996301364, 42.39231768168262], [-71.085788059844, 42.39232287306236], [-71.08572451928154, 42.39252158871797], [-71.08572333566215, 42.392525768068744], [-71.0856904318516, 42.392659169576305], [-71.08569008667803, 42.392660689810604], [-71.08567832439896, 42.39271584556942], [-71.0856483715606, 42.392861874240985], [-71.08559862946335, 42.39278507118864], [-71.08555532943335, 42.3927077052317], [-71.08554829428682, 42.39269148471429], [-71.08554423144736, 42.39267651008939], [-71.08554065245166, 42.39264071457688], [-71.08554362648132, 42.39260538200449], [-71.08555258504893, 42.39257237660974], [-71.0855709755097, 42.39253791341608], [-71.08559596106879, 42.39249952713282], [-71.08587154132884, 42.39212007252846], [-71.08587059696606, 42.392123142693954]]]]}, "properties": {"OBJECTID_1": 7, "FID_1": 426, "FID_1_1": 426, "OBJECTID": 427, "Street": "MCGRATH HWY", "SUM_fixed_": 2.28236793018, "BUFF_DIST": 30, "ORIG_FID": 401, "Shape_Leng": 21284.5210256, "Count_": 494, "Count_1": 142, "Count_2": 24, "cpm_all": 216.44187752, "cpm_injury": 62.2160862507, "cpm_NM": 10.5153948593, "intersecti": " ", "Shape_Length": 21283.783432701166, "Shape_Area": 1090278.6765554573}}, {"type": "Feature", "id": 8, "geometry": {"type": "Polygon", "coordinates": [[[-71.09607762232393, 42.400293576704954], [-71.09617507668399, 42.40035815460164], [-71.09627024877416, 42.400427309534436], [-71.09628520284468, 42.400436424214305], [-71.09630206500675, 42.40044347494131], [-71.09632032280456, 42.400448249251305], [-71.09633942205798, 42.400450601155164], [-71.09635878139248, 42.40045045839152], [-71.0963778140747, 42.4004478270049], [-71.09639594019384, 42.400442785987025], [-71.09641261094927, 42.4004354882618], [-71.09642731839695, 42.40042615621846], [-71.0964396149414, 42.40041507277665], [-71.09644912916656, 42.40040257514009], [-71.09645557076928, 42.400389043109996], [-71.09645874399469, 42.40037488742849], [-71.09645855134917, 42.40036053898816], [-71.09645500099124, 42.40034643265291], [-71.09644819950663, 42.40033299732947], [-71.09643835320868, 42.40032064246805], [-71.09642576216824, 42.400309741836026], [-71.09632877163959, 42.40023926624242], [-71.09632583549396, 42.40023721500827], [-71.09622378732524, 42.40016958267411], [-71.09621990389324, 42.400167126588585], [-71.09611459414884, 42.40010354837758], [-71.09611259624383, 42.40010237010133], [-71.09542655312401, 42.39970727250719], [-71.09528416608734, 42.399625269475195], [-71.0952818023192, 42.39962394495249], [-71.09514284323521, 42.39954823415403], [-71.09513811193811, 42.399545794854774], [-71.09499404565692, 42.39947575207775], [-71.0945712185083, 42.399267535453205], [-71.094481895146, 42.39922391544326], [-71.09426630491275, 42.39912229442933], [-71.09384250498898, 42.39892254240367], [-71.0937212854021, 42.39886291746661], [-71.09360415559935, 42.39880029720483], [-71.09349042292746, 42.398734351481714], [-71.09338246221331, 42.39866656335799], [-71.0924368883724, 42.39795232432516], [-71.09207874919848, 42.39766260268027], [-71.09193303286291, 42.397544721837065], [-71.09193005255608, 42.39754240294843], [-71.09161790302471, 42.39730881246914], [-71.09161460603907, 42.39730644473349], [-71.09161177840299, 42.39730456301451], [-71.09156440809288, 42.3972741004399], [-71.09155281412518, 42.39726757996715], [-71.09155095058577, 42.39726668747628], [-71.0914979323856, 42.397241856792036], [-71.0914834121584, 42.39723612627445], [-71.09142566369577, 42.39721739887515], [-71.09140984062704, 42.397213292331], [-71.09138199100582, 42.39720777195341], [-71.09131010856699, 42.39714668739876], [-71.09130804018255, 42.39714497852175], [-71.09122664853561, 42.39707958740755], [-71.09122232387296, 42.397076301324326], [-71.09113597092912, 42.39701425327017], [-71.09094898363142, 42.3968810295647], [-71.09094716866026, 42.39687976722101], [-71.09083203668933, 42.39680221642252], [-71.09067929234284, 42.396696671625335], [-71.09053075367072, 42.39658866041074], [-71.09038451683894, 42.39647676617755], [-71.09008359605853, 42.39625164794393], [-71.08916904978057, 42.395543123176644], [-71.08902705898282, 42.39543311671882], [-71.08902380261196, 42.39543069683588], [-71.08855962365348, 42.395099747524334], [-71.08810117171541, 42.394771174635004], [-71.08810046580066, 42.39476934813739], [-71.08809891930318, 42.39476567215302], [-71.0880975111194, 42.39476276460405], [-71.08808248092706, 42.39473346875077], [-71.08807660157393, 42.394723899316396], [-71.08807438100135, 42.394720967252304], [-71.0880529290604, 42.39469395672928], [-71.08804519164416, 42.39468547088271], [-71.08804211050735, 42.39468263836932], [-71.08801484517929, 42.394658681489304], [-71.0880089202296, 42.39465387527892], [-71.0878294028276, 42.39451933080601], [-71.08720268899278, 42.39404851909809], [-71.08668221277036, 42.393642569133895], [-71.08668061994715, 42.393641351633015], [-71.08654778211034, 42.393541928919085], [-71.08650895382736, 42.39351318383831], [-71.08627737985074, 42.393310355174044], [-71.08609265891958, 42.39312729641314], [-71.08604919634797, 42.39308390401685], [-71.0860085799053, 42.39303785430689], [-71.0858467376347, 42.39285349280896], [-71.08584458876855, 42.3928511353381], [-71.0858381658299, 42.392844344798824], [-71.08559721435405, 42.39256440059148], [-71.08559408399269, 42.392560957441624], [-71.08556202668544, 42.39252755944872], [-71.08553546978688, 42.39250049763949], [-71.0855278967471, 42.39249278195069], [-71.08538180026406, 42.39234301221345], [-71.08531522715997, 42.392274110477395], [-71.08530010932039, 42.39225846400326], [-71.08526416187476, 42.39222141116187], [-71.08526078700332, 42.39221803284188], [-71.08524288623603, 42.39219949632596], [-71.08519804081972, 42.39215251098437], [-71.08502949293758, 42.39197592145623], [-71.08493756520649, 42.391871104011244], [-71.08480597103693, 42.39170922480464], [-71.08464519023414, 42.3915028057397], [-71.08464258290752, 42.39149962733325], [-71.08446376646636, 42.3912922885279], [-71.0844305228497, 42.391254234160684], [-71.08442681562214, 42.39125025232568], [-71.08419421814037, 42.391015480781995], [-71.08419202903129, 42.3910133518052], [-71.08409411061405, 42.39092273647236], [-71.08400961333862, 42.390843654482175], [-71.08392338208834, 42.390763077990236], [-71.08369851869382, 42.39055262840447], [-71.08335411431726, 42.39023898727755], [-71.08334962617099, 42.390235025085836], [-71.08334811301901, 42.39023371959818], [-71.08324204574758, 42.390144153446855], [-71.08323683594408, 42.39014004729239], [-71.0827956919336, 42.38981533434475], [-71.08279305675465, 42.38981345670262], [-71.08279054414305, 42.38981177756711], [-71.08246550242282, 42.389601088258935], [-71.08239527232091, 42.38955556895599], [-71.08239075280564, 42.389552695054384], [-71.08238723344621, 42.389550459482166], [-71.0823851409622, 42.38954916358247], [-71.08209115961753, 42.38937154979119], [-71.08178241613098, 42.38918853389819], [-71.08135528850795, 42.38893322227758], [-71.08127503809963, 42.38888514952789], [-71.08082884373678, 42.3885829679992], [-71.08064774596323, 42.3884577647036], [-71.08036522073897, 42.38824154080262], [-71.08015773698307, 42.38803920321925], [-71.0799480310852, 42.38783172011656], [-71.07939204816748, 42.38727761705877], [-71.07882301798868, 42.38671049755903], [-71.0788215133503, 42.386709034491545], [-71.07873263686145, 42.38662540584616], [-71.07866812209524, 42.38656470294561], [-71.07859028262452, 42.38649146246614], [-71.07857704946119, 42.386481024720545], [-71.07856157546325, 42.38647244505435], [-71.07854432887596, 42.38646598356329], [-71.07852583301121, 42.38646183752522], [-71.07850664810391, 42.38646013053019], [-71.07848735308448, 42.3864609142144], [-71.07846853466168, 42.386464166419564], [-71.07845076184479, 42.38646978749862], [-71.0784345725377, 42.38647760746866], [-71.07842045651368, 42.38648738954966], [-71.07840884078894, 42.38649883821324], [-71.07840007986543, 42.38651160544898], [-71.07839443620443, 42.38652530509714], [-71.07839208136899, 42.3865395236562], [-71.0783930862483, 42.386553829249806], [-71.07839742215765, 42.38656778873603], [-71.07840495711716, 42.38658097939785], [-71.07841546183309, 42.38659300246894], [-71.07849367170394, 42.38666659553295], [-71.07855818640664, 42.38672729852984], [-71.07864573650376, 42.386809674657506], [-71.07921384667748, 42.387375879671474], [-71.07977015463582, 42.38793030886955], [-71.0799803790866, 42.38813830464632], [-71.0801926493456, 42.388345309973985], [-71.0802010708467, 42.388352553771455], [-71.08049018256418, 42.388573819364076], [-71.08049420848909, 42.388576748259894], [-71.08067807836693, 42.38870386509509], [-71.08112772223214, 42.389008386989424], [-71.08113282694543, 42.38901163939014], [-71.08121583060728, 42.389061361674194], [-71.08164329603986, 42.389316874894845], [-71.081951686525, 42.389499679206075], [-71.08224375680996, 42.38967614124916], [-71.08224622640712, 42.38967771040603], [-71.08224991024373, 42.389680051012505], [-71.08231930352419, 42.38972503079629], [-71.08264170184668, 42.38993400668704], [-71.08307763672786, 42.39025488594221], [-71.08318045142987, 42.390341706301406], [-71.08318297989598, 42.39034393285753], [-71.08352536182268, 42.39065573599454], [-71.08374932570209, 42.390865350799054], [-71.08383555687013, 42.390945927419544], [-71.08392034255859, 42.39102527886308], [-71.0840165769785, 42.391114324463004], [-71.08424586593554, 42.391345756962544], [-71.08427704457799, 42.391381446982024], [-71.08445408881926, 42.39158673243189], [-71.08461465855069, 42.391792865609766], [-71.08474830286318, 42.39195728132521], [-71.0847503142607, 42.39195966262886], [-71.08484446956894, 42.39206702075342], [-71.08484691869383, 42.392069697126686], [-71.08501672200593, 42.3922476022582], [-71.08506194853133, 42.39229498606839], [-71.0850813065814, 42.39231502233574], [-71.08508483226262, 42.39231855335247], [-71.08511965527543, 42.39235445433501], [-71.08513465245842, 42.392369976158584], [-71.08520155359062, 42.39243921768658], [-71.08534819516476, 42.39258954778931], [-71.08535586592564, 42.39259736197275], [-71.08538169048884, 42.39262367304951], [-71.08541148109903, 42.39265471318842], [-71.08565221754199, 42.39293440852828], [-71.08565490644608, 42.39293738734148], [-71.08566161402882, 42.39294447961011], [-71.08582254098077, 42.393127799145375], [-71.085865094721, 42.39317604717947], [-71.08586888202123, 42.393180073367645], [-71.08591451410469, 42.393225631614754], [-71.08593401098813, 42.39324495340786], [-71.08591578008536, 42.39324132988967], [-71.08589698483897, 42.39324005317397], [-71.08587816912691, 42.3932411594285], [-71.08585987970422, 42.39324461641033], [-71.08584264797375, 42.39325032520073], [-71.08582697298922, 42.39325811924361], [-71.08581331047154, 42.39326777240854], [-71.08580205697908, 42.39327900523563], [-71.08579353894156, 42.39329149029757], [-71.08578800406968, 42.393304865672896], [-71.08578561158023, 42.393318743913476], [-71.08578643213644, 42.39333272104725], [-71.08579044166919, 42.39334639276074], [-71.0857975237584, 42.39335936161012], [-71.08580747318797, 42.393371250538216], [-71.08584806883566, 42.393411770707495], [-71.08585189571593, 42.39341531898854], [-71.08591721876265, 42.39347248251381], [-71.08594064065937, 42.39349299239637], [-71.08598961606106, 42.39353827454931], [-71.08599187886743, 42.3935403002228], [-71.08617317212627, 42.39369736465688], [-71.08617805301688, 42.39370132364473], [-71.086372135879, 42.39384882864042], [-71.0863761226332, 42.39385171126941], [-71.08652270613231, 42.393952232393396], [-71.08678798074388, 42.39412820279307], [-71.08694932654439, 42.394238144705064], [-71.08735494491827, 42.39451529237205], [-71.08727761399247, 42.3944922847252], [-71.08727520516396, 42.39449159187143], [-71.08673676136195, 42.394342079796075], [-71.08661427071142, 42.39430868860786], [-71.08633612314547, 42.39423177368034], [-71.08615386474534, 42.39417955560057], [-71.08593155382707, 42.39402202397009], [-71.08578353616635, 42.393917135963214], [-71.08576531371214, 42.393904223342545], [-71.0856682716961, 42.39383545613371], [-71.08563675382891, 42.39381137803597], [-71.08561486639269, 42.39379431359681], [-71.0855010995244, 42.393706393731904], [-71.08478410316746, 42.39316182630795], [-71.08446591492843, 42.392879162149534], [-71.0843163929264, 42.39271955751663], [-71.08399637009201, 42.3923497821583], [-71.08378260035553, 42.39210464814419], [-71.08366034838652, 42.3919580675107], [-71.08365726709093, 42.39195438681011], [-71.08356851455692, 42.39184837607328], [-71.0833883572917, 42.39163625925386], [-71.08335748938855, 42.391599915613945], [-71.08287744196868, 42.39102838927562], [-71.08255829885023, 42.39064842439784], [-71.08255199392318, 42.390641689915185], [-71.08254805584329, 42.3906381141089], [-71.08225454704616, 42.39038630389261], [-71.08224838246892, 42.390381129192356], [-71.08224575621108, 42.39037900309225], [-71.08199532861202, 42.390183264273034], [-71.0819911663111, 42.39018017918705], [-71.08184086413121, 42.39007452322187], [-71.08183218362224, 42.39006818339207], [-71.08183064003688, 42.39006707763644], [-71.08157692352816, 42.38988880042596], [-71.0815500766771, 42.389868539154996], [-71.08152395185046, 42.38984873694713], [-71.08109237680718, 42.389521601637995], [-71.08032579427497, 42.38892394060791], [-71.07975242189981, 42.388491922918526], [-71.07927302093383, 42.38813008725242], [-71.07886444299022, 42.38782006622847], [-71.0785051673725, 42.387546014215836], [-71.07848593133406, 42.387531342045094], [-71.078208154277, 42.387319066194394], [-71.07817676463098, 42.38729506478932], [-71.07808931137315, 42.38722819695919], [-71.07804987970248, 42.38719784873723], [-71.07787996179158, 42.38705516518536], [-71.07781132242907, 42.38699494273344], [-71.07776076328666, 42.3869465839116], [-71.077750628859, 42.38693476920571], [-71.07773084295886, 42.38691556375828], [-71.07772775429422, 42.38691271112662], [-71.07723561043653, 42.38647846505567], [-71.07722269406341, 42.3864688133652], [-71.07720780985576, 42.386460868583114], [-71.0771913656109, 42.38645484917558], [-71.07717380835881, 42.38645091793576], [-71.0771556182848, 42.386449182861234], [-71.07713729055578, 42.386449690785845], [-71.07711932681396, 42.3864524282484], [-71.07710221453831, 42.38645732051668], [-71.07708642217565, 42.38646423337004], [-71.07707238088237, 42.3864729793341], [-71.07706047236904, 42.38648331943688], [-71.07705102155965, 42.38649497128391], [-71.07704428681656, 42.386507618025256], [-71.07704045262375, 42.38652091282989], [-71.07703962097747, 42.38653449505919], [-71.0770418174341, 42.38654799389004], [-71.0770469813162, 42.38656103998282], [-71.07705497048569, 42.38657327810267], [-71.07706556858182, 42.386584374348715], [-71.07755605204271, 42.38701715658135], [-71.07756761129838, 42.387028376946375], [-71.07756880450573, 42.38703009906888], [-71.07757893557267, 42.38704168690671], [-71.07763743539728, 42.38709737896019], [-71.07764022854752, 42.38709992981451], [-71.07771110025872, 42.38716211147556], [-71.07771267484857, 42.38716346317902], [-71.0778849898856, 42.38730815980078], [-71.07788825859643, 42.38731078801745], [-71.07792958355608, 42.387342592696115], [-71.07801730987096, 42.38740966961295], [-71.0780487212645, 42.38743368734571], [-71.07832659132512, 42.38764603503908], [-71.07834589743706, 42.38766076150991], [-71.07870537601858, 42.38793496780404], [-71.07911439859662, 42.388245326816936], [-71.07959403637739, 42.38860734135549], [-71.08016615081262, 42.38903840273303], [-71.0809324927596, 42.38963588117755], [-71.08136516133546, 42.38996385201767], [-71.08139145533727, 42.38998378271678], [-71.08141985504363, 42.39000521553972], [-71.08142268330478, 42.39000727487271], [-71.08167706351853, 42.39018601937721], [-71.08168650312281, 42.39019290394863], [-71.08183619841148, 42.390298142876425], [-71.08208326824328, 42.39049125722041], [-71.08208735423169, 42.390494683232774], [-71.08237432820788, 42.39074089289961], [-71.08268889395733, 42.39111540937472], [-71.08316922834678, 42.39168727873852], [-71.08320039868273, 42.39172397823523], [-71.08338008436083, 42.39193553816422], [-71.08346854747623, 42.39204120588988], [-71.08347158177938, 42.39204482880725], [-71.08359429017413, 42.3921919577625], [-71.08359548453932, 42.392193359323095], [-71.08380965044071, 42.39243894795625], [-71.08413053929382, 42.39280972627179], [-71.0841327952208, 42.392812230907914], [-71.08428627291896, 42.39297605708697], [-71.08428952204372, 42.392979347653316], [-71.08429222135713, 42.39298184218423], [-71.08461633091068, 42.39326976783489], [-71.0846221234156, 42.39327452422926], [-71.08534146182222, 42.39382086834187], [-71.08545417610719, 42.393907977917664], [-71.0854765481168, 42.3939254177496], [-71.08551032224321, 42.39395122265611], [-71.08551328362758, 42.3939534021025], [-71.08561182595822, 42.39402323267434], [-71.08563004962996, 42.39403614532333], [-71.08577806610602, 42.394141032620105], [-71.08601696518326, 42.39431031618294], [-71.0860279965085, 42.39431708367568], [-71.08604011119691, 42.39432274321633], [-71.08605310581282, 42.39432720134382], [-71.08625727681675, 42.39438569410914], [-71.08653712833899, 42.39446308259112], [-71.08665956953989, 42.39449646017747], [-71.08719608436904, 42.39464543721926], [-71.08755781341564, 42.39475305846928], [-71.08763563009316, 42.394778749605], [-71.08770882679764, 42.394807946937746], [-71.08778236833479, 42.3948427596158], [-71.08778519229827, 42.394844052633324], [-71.08782209636672, 42.39486039259717], [-71.08783466397857, 42.39486517849569], [-71.08787490598651, 42.394877939174194], [-71.08788898341504, 42.394881593418106], [-71.08793131932298, 42.39489026259284], [-71.08794502465928, 42.39489230669401], [-71.08795156329032, 42.39489296660651], [-71.08840543222095, 42.39521825656773], [-71.08886815077756, 42.39554816685067], [-71.08900855238156, 42.39565694074217], [-71.0899244690478, 42.396366518677205], [-71.09022584788865, 42.39659198556033], [-71.090372177745, 42.39670395504662], [-71.09037417222032, 42.3967054422085], [-71.09052475276802, 42.39681493824928], [-71.09052679729345, 42.39681638777473], [-71.09068148004602, 42.3969232702815], [-71.09079616700629, 42.39700052255309], [-71.09098159829487, 42.3971326372279], [-71.09106549092236, 42.39719291840431], [-71.09114372514154, 42.39725577312452], [-71.09121957457224, 42.39732022902141], [-71.09122709292672, 42.39734185887223], [-71.09122942625841, 42.39734767667414], [-71.09123245992409, 42.39735357258731], [-71.09125457232916, 42.39739206162142], [-71.0912588271286, 42.39739864248357], [-71.09126224696922, 42.397403048001806], [-71.0912918917809, 42.39743864597089], [-71.09129843094185, 42.39744565807661], [-71.09130170077748, 42.3974486550213], [-71.09133820786853, 42.39748055828803], [-71.09134384579778, 42.397485125628506], [-71.09199240243302, 42.397972372227805], [-71.09307208858755, 42.398785092882285], [-71.0930746274496, 42.39878694293367], [-71.09319346851645, 42.39887083711538], [-71.0931971985056, 42.39887332427184], [-71.09332116846187, 42.39895226419911], [-71.09332558236446, 42.39895493202377], [-71.09345485035199, 42.39902905782023], [-71.09345944391607, 42.399031555221036], [-71.09359366986234, 42.39910067120698], [-71.09359593881186, 42.39910180997208], [-71.09497164247962, 42.39977206714271], [-71.0950143375198, 42.3997962503821], [-71.09583709478963, 42.400297755809504], [-71.09585224422648, 42.40030555682329], [-71.09586893192827, 42.40031138352078], [-71.09588669492018, 42.40031507402561], [-71.09590503705148, 42.40031652576386], [-71.09592345084206, 42.40031569824135], [-71.09594142233009, 42.400312614861356], [-71.0959584529473, 42.4003073612009], [-71.09597406924819, 42.400300083244204], [-71.09598783629993, 42.40029098292825], [-71.09599937228175, 42.40028031459292], [-71.09600835584719, 42.400268373303014], [-71.096014538294, 42.400255491289755], [-71.09607762232393, 42.400293576704954]]]}, "properties": {"OBJECTID_1": 8, "FID_1": 462, "FID_1_1": 462, "OBJECTID": 463, "Street": "MYSTIC AVE", "SUM_fixed_": 1.42202411122, "BUFF_DIST": 30, "ORIG_FID": 440, "Shape_Leng": 22573.6570906, "Count_": 350, "Count_1": 91, "Count_2": 9, "cpm_all": 246.128034847, "cpm_injury": 63.9932890603, "cpm_NM": 6.32900661036, "intersecti": " ", "Shape_Length": 22573.14113040492, "Shape_Area": 764218.5553308799}}, {"type": "Feature", "id": 9, "geometry": {"type": "Polygon", "coordinates": [[[-71.1310346642245, 42.41474775011978], [-71.13102900299023, 42.414791167561695], [-71.13101829616393, 42.41483123150863], [-71.13100228808975, 42.41487031786689], [-71.13098592280434, 42.41490087116767], [-71.13098356633128, 42.414903690478134], [-71.13097350320267, 42.41491278070836], [-71.1303690888359, 42.415506684208395], [-71.13036532371757, 42.4155106180249], [-71.13020642687604, 42.41568740879634], [-71.13014236318453, 42.4157537243148], [-71.13013973678544, 42.415756566147536], [-71.13006902544596, 42.415836644379276], [-71.13002237581802, 42.41589049566333], [-71.12999283003765, 42.4159238963377], [-71.1299303625548, 42.41599287717984], [-71.12980172623564, 42.41612774521499], [-71.12959311230082, 42.416323253095044], [-71.12943596576784, 42.41646148783], [-71.12934059678899, 42.416537238729866], [-71.12924163929982, 42.416616165866415], [-71.12880175437924, 42.41694267794812], [-71.12873629419158, 42.41698812699653], [-71.12840663186287, 42.41720532058669], [-71.12825909031544, 42.41729867988943], [-71.1280791520942, 42.41739893487635], [-71.12796209457578, 42.41745776140499], [-71.1279231148646, 42.41747609375899], [-71.12772774046388, 42.41756122859928], [-71.12752700430791, 42.41763636171011], [-71.12731774832743, 42.41770237231138], [-71.12721379195223, 42.41773426555412], [-71.12710737455933, 42.4177625379279], [-71.1271053592397, 42.41776308957017], [-71.12704863909386, 42.41777908196336], [-71.12704396877018, 42.41778049016714], [-71.12703977098785, 42.41778191520635], [-71.1269851388882, 42.417801497427554], [-71.12697720694383, 42.417804639792635], [-71.12694448504014, 42.417818895842], [-71.1269287099554, 42.41782721907636], [-71.1269151252367, 42.417837446286676], [-71.12690414340112, 42.41784926551509], [-71.12689609947812, 42.417862318638505], [-71.12689123517728, 42.41787620761903], [-71.12688970121181, 42.41789051251728], [-71.12689154147131, 42.41790479684221], [-71.12689670262463, 42.41791862738858], [-71.1269050267712, 42.417931584116104], [-71.12691625987092, 42.41794327278056], [-71.12693006138446, 42.41795333846948], [-71.12694601393467, 42.417961475536494], [-71.12696362933357, 42.417967435723355], [-71.12698237524347, 42.41797103995023], [-71.12700168004758, 42.4179721765309], [-71.1270209582964, 42.417970812958856], [-71.12703962411533, 42.417966988748674], [-71.12705711060774, 42.41796082180054], [-71.12708595762523, 42.41794825378636], [-71.12713218112381, 42.41793168541076], [-71.12718338818188, 42.4179172479023], [-71.12729131478842, 42.417888574320976], [-71.12729631938136, 42.41788714288204], [-71.12740375965747, 42.41785417871111], [-71.12761770986631, 42.4177866886834], [-71.12762395196796, 42.41778453021015], [-71.12783110331657, 42.4177069950324], [-71.12783732929336, 42.41770447728574], [-71.12803736091978, 42.41761731368589], [-71.12804058078268, 42.417615854841145], [-71.12808300005841, 42.41759590226223], [-71.12808541149798, 42.41759472439099], [-71.12820612864584, 42.41753405949321], [-71.12821053828212, 42.417531725818016], [-71.1283953855957, 42.41742873523527], [-71.12840076378251, 42.41742554041543], [-71.12855177379308, 42.417329986451904], [-71.12855344835172, 42.417328905223364], [-71.12888555639051, 42.4171100950073], [-71.12888716417719, 42.417109002755325], [-71.12895502650467, 42.41706188685363], [-71.12895769008115, 42.41705997425212], [-71.12940031338243, 42.41673142857589], [-71.12940308025614, 42.416729300230585], [-71.12950322912614, 42.41664942250033], [-71.1296003521888, 42.416572278084494], [-71.129604083484, 42.41656915893374], [-71.12976414999999, 42.416428355876995], [-71.12976632913349, 42.41642637687873], [-71.12997799587211, 42.4162280075258], [-71.12998146170234, 42.416224568812], [-71.1301125758114, 42.416087102244965], [-71.1301141017228, 42.41608545964452], [-71.13017801824104, 42.416014873667855], [-71.13020879559284, 42.41598008147661], [-71.13025544878874, 42.41592622742911], [-71.13032439873552, 42.415848147441075], [-71.13038820319258, 42.41578209927276], [-71.13039033304094, 42.415779814910984], [-71.13054845670504, 42.415603884773006], [-71.13115090905873, 42.4150119069518], [-71.13116217704854, 42.41500017375736], [-71.13123386944964, 42.414951664343754], [-71.13131252282805, 42.41490409636181], [-71.13139472935859, 42.41485994454539], [-71.131480230662, 42.414819348502654], [-71.13156754829961, 42.41478290667888], [-71.13165750004556, 42.41475018595356], [-71.13174982534936, 42.41472128271673], [-71.13183003045454, 42.414700047898876], [-71.13251613631299, 42.414690702370045], [-71.13253539365164, 42.41468918926484], [-71.13255400311297, 42.41468522083791], [-71.13257140024909, 42.41467891862568], [-71.13258705665774, 42.41467047360097], [-71.13260049580273, 42.414660141722386], [-71.13261130884494, 42.41464823768231], [-71.13261916928934, 42.41463512325054], [-71.13262383668734, 42.41462119738253], [-71.13262516886958, 42.414606881854034], [-71.1326231268577, 42.414592612274085], [-71.13261777252306, 42.414578822772626], [-71.1326092662403, 42.414565931588946], [-71.13259786937978, 42.414554330275976], [-71.13258392736608, 42.414544371943194], [-71.13256786246194, 42.41453635862949], [-71.13255016408532, 42.41453053497062], [-71.13253137065342, 42.414527076437814], [-71.13251205136461, 42.41452608837942], [-71.13181944135975, 42.41453582720191], [-71.13181012401942, 42.41453580460217], [-71.13180775119814, 42.41453580781577], [-71.13180109798961, 42.414535829747784], [-71.13175270202836, 42.41453554169435], [-71.13170188425617, 42.41453115412007], [-71.13165208365339, 42.41452255468866], [-71.13160389496258, 42.414509845235266], [-71.13155794415098, 42.41449318981506], [-71.13151335439878, 42.41447210847785], [-71.13149409379072, 42.41446126962228], [-71.13147861535433, 42.41445396925092], [-71.13146172571264, 42.41444865576874], [-71.13144388691205, 42.41444547469843], [-71.13142558442364, 42.41444451312028], [-71.13140731865926, 42.4144457960435], [-71.13138958672755, 42.41444928994933], [-71.13137287273528, 42.41445489915851], [-71.13135763196745, 42.4144624702822], [-71.1313442811418, 42.414471796691906], [-71.13133318501315, 42.41448262387825], [-71.13132464418219, 42.41449465661404], [-71.13131889261287, 42.41450756794894], [-71.13131608788666, 42.41452100367946], [-71.13131630502805, 42.41453459943458], [-71.13131954014368, 42.41454798158751], [-71.13132570301165, 42.4145607879383], [-71.13133462680096, 42.414572667744984], [-71.13134606798178, 42.41458329702815], [-71.13135971357316, 42.41459238579629], [-71.13138258655091, 42.4146052573603], [-71.1313893164115, 42.41460875937592], [-71.13144373359496, 42.414634491539104], [-71.13145467324438, 42.41463904144607], [-71.13145725685226, 42.41463997790186], [-71.13136843887598, 42.41467704503082], [-71.13136302067304, 42.41467945932331], [-71.1312719602377, 42.41472269508583], [-71.13126691053712, 42.41472525279764], [-71.1312588897746, 42.414729561030306], [-71.13126714590378, 42.41463430322674], [-71.1312675369465, 42.41463079250488], [-71.13126743962977, 42.4146164436032], [-71.13126398041086, 42.41460232430583], [-71.13125726491033, 42.414588865282404], [-71.13124749850378, 42.41457647501508], [-71.13123497666548, 42.41456552896422], [-71.13122007894064, 42.41455636144682], [-71.1312032593204, 42.414549249400814], [-71.13118502924881, 42.4145444096298], [-71.13116594188654, 42.41454198885006], [-71.13114657754767, 42.414542060942544], [-71.1311275230623, 42.414544624186654], [-71.13110935963255, 42.4145496003206], [-71.13109263851837, 42.414556837164305], [-71.13107786641717, 42.41456611577497], [-71.13106549450276, 42.41457715491271], [-71.13105589651501, 42.41458961817306], [-71.13104936504106, 42.41460312657809], [-71.13104609808299, 42.41461727023748], [-71.13104555006167, 42.41462227851379], [-71.1310346642245, 42.41474775011978]]]}, "properties": {"OBJECTID_1": 9, "FID_1": 463, "FID_1_1": 463, "OBJECTID": 464, "Street": "MYSTIC VALLEY PKWY", "SUM_fixed_": 0.420202009456, "BUFF_DIST": 30, "ORIG_FID": 441, "Shape_Leng": 4418.83747, "Count_": 100, "Count_1": 24, "Count_2": 2, "cpm_all": 237.980775317, "cpm_injury": 57.115386076, "cpm_NM": 4.75961550634, "intersecti": " ", "Shape_Length": 4418.371161874826, "Shape_Area": 131974.20942001653}}, {"type": "Feature", "id": 10, "geometry": {"type": "Polygon", "coordinates": [[[-71.09739805751285, 42.374355211108906], [-71.0973798526606, 42.37435740441001], [-71.09736238899312, 42.3743618024008], [-71.09734614809412, 42.37436828432863], [-71.09733157792971, 42.37437666990422], [-71.09731908186401, 42.37438672826661], [-71.09730900406608, 42.37439818153271], [-71.0961119399018, 42.376065657373644], [-71.09585951396731, 42.37642233083982], [-71.09565273642202, 42.37671312827416], [-71.09556728942145, 42.37683359125722], [-71.0954837235621, 42.37695129961494], [-71.09473738913823, 42.378003889741606], [-71.09470932739228, 42.37804373382536], [-71.09450573279601, 42.3783328189961], [-71.09435648781091, 42.37854981697708], [-71.09433316396213, 42.37858298585445], [-71.09433113120345, 42.37858602705091], [-71.09432880419368, 42.37858969830936], [-71.09419321405137, 42.37878771219899], [-71.09407272864567, 42.37896358630063], [-71.09407152581657, 42.37896539793085], [-71.09399629723896, 42.379082220798786], [-71.09374353577333, 42.37942879158344], [-71.09373835365611, 42.37943496184065], [-71.0937343337554, 42.37943865141614], [-71.09372483681479, 42.37944546364331], [-71.09371275578968, 42.37945569232703], [-71.09370310931963, 42.3794672557268], [-71.09369616293442, 42.37947983788073], [-71.09369210340002, 42.37949309734078], [-71.09369104355777, 42.3795066698904], [-71.09369301005461, 42.37952018830773], [-71.09369795185408, 42.37953328059473], [-71.09370573280586, 42.379545592458356], [-71.09371614136553, 42.379556786444475], [-71.09372889170433, 42.379566558147076], [-71.09374363825721, 42.3795746398609], [-71.09375997807602, 42.379580812293376], [-71.09377746538907, 42.37958490641692], [-71.09379562248348, 42.37958681070961], [-71.09381395547891, 42.37958647301142], [-71.09383196281635, 42.37958390235491], [-71.09384915346615, 42.379579169929876], [-71.09386506031409, 42.3795724046289], [-71.09387924747035, 42.37956378947207], [-71.09389363500209, 42.37955346898146], [-71.09390280688966, 42.37954603079563], [-71.09391584381255, 42.37953405801375], [-71.09392326207289, 42.379526272428485], [-71.09393384409329, 42.37951367248392], [-71.09393712272998, 42.37950950043345], [-71.09419295955686, 42.37915871324385], [-71.09419548948463, 42.37915502559885], [-71.09427132121967, 42.37903726483352], [-71.09439121173398, 42.378862257205725], [-71.09452758345397, 42.378663098879585], [-71.09452906714166, 42.37866084889543], [-71.09453113654334, 42.37865758365377], [-71.09455387948022, 42.37862523735072], [-71.09470307370937, 42.378408312763725], [-71.09490616765122, 42.37811994211488], [-71.09493408593922, 42.378080300943445], [-71.09568024767371, 42.3770279502369], [-71.09576380468864, 42.37691025431232], [-71.09584921711584, 42.37678983878003], [-71.09605604179342, 42.376498973644026], [-71.09630823903461, 42.376142620355], [-71.09750470902489, 42.37447596239541], [-71.09751192746545, 42.37446354390526], [-71.09751630557743, 42.37445041685544], [-71.09751772697996, 42.374436934651335], [-71.09751615170998, 42.374423462669064], [-71.0975116236042, 42.37441036297676], [-71.097504264251, 42.37439799071191], [-71.09749427309339, 42.37438667787689], [-71.09748191773247, 42.37437673060422], [-71.09746753400236, 42.3743684174531], [-71.09745150780303, 42.3743619621436], [-71.09743427390977, 42.37435753995174], [-71.09741629538944, 42.374355268634375], [-71.09739805751285, 42.374355211108906]]]}, "properties": {"OBJECTID_1": 10, "FID_1": 526, "FID_1_1": 526, "OBJECTID": 527, "Street": "PROSPECT ST", "SUM_fixed_": 0.395501546095, "BUFF_DIST": 30, "ORIG_FID": 515, "Shape_Leng": 4364.97700736, "Count_": 40, "Count_1": 17, "Count_2": 10, "cpm_all": 101.137404885, "cpm_injury": 42.9833970761, "cpm_NM": 25.2843512212, "intersecti": " ", "Shape_Length": 4364.762980634789, "Shape_Area": 128108.38313416291}}, {"type": "Feature", "id": 11, "geometry": {"type": "MultiPolygon", "coordinates": [[[[-71.08416255356256, 42.392816520263665], [-71.08414446939874, 42.392818688510516], [-71.08412711301634, 42.39282303086588], [-71.08411095522254, 42.392829428393846], [-71.08409643681168, 42.39283770893365], [-71.08408395157417, 42.39284764523746], [-71.08407383892639, 42.39285896754781], [-71.08406637658834, 42.39287136897266], [-71.08406176476517, 42.3928845099293], [-71.08406013089254, 42.39289803526733], [-71.08406151749122, 42.392911574224144], [-71.08406588810327, 42.3929247611532], [-71.08407312486277, 42.39293723551527], [-71.08408302838293, 42.39294865898313], [-71.08418726143758, 42.39304950178995], [-71.08418846605076, 42.393050642299194], [-71.0842848431655, 42.393140308430254], [-71.08428752971196, 42.39314271378715], [-71.08438842644898, 42.39322960618163], [-71.08439123617251, 42.39323193545688], [-71.08449650883779, 42.393315927544265], [-71.08449943449273, 42.39331817440948], [-71.08460892841741, 42.3933991458818], [-71.08461230130973, 42.39340153570282], [-71.08500793959493, 42.393666889938906], [-71.08500989391347, 42.39366816998589], [-71.08512207057014, 42.393739927243246], [-71.08512609649634, 42.39374238332337], [-71.0852426938032, 42.39381015914632], [-71.08524687249368, 42.393812472627886], [-71.08536763394814, 42.39387611573137], [-71.08537137335708, 42.39387800089184], [-71.08549661138088, 42.39393765193226], [-71.08551371241873, 42.393944316199814], [-71.08553211231037, 42.39394868312179], [-71.08555125566025, 42.39395061925613], [-71.08557056106565, 42.39395006759123], [-71.08558944664576, 42.39394704403724], [-71.0856073385259, 42.393941640157], [-71.085623696367, 42.393934019657095], [-71.08563802554593, 42.39392441302999], [-71.08564989055742, 42.39391311129984], [-71.08565893451112, 42.39390045618973], [-71.08566488283418, 42.39388683113219], [-71.08566755429037, 42.39387264780436], [-71.0856668707668, 42.39385833535966], [-71.08566285006911, 42.39384432779806], [-71.08565561573755, 42.393831048696704], [-71.08564538497222, 42.39381890036293], [-71.0856324699418, 42.393808249434514], [-71.0856172596184, 42.393799418712], [-71.0854942253716, 42.39374081646479], [-71.08537770882087, 42.39367941068319], [-71.0852652024175, 42.39361401297961], [-71.08515599992481, 42.39354415807452], [-71.08476388905777, 42.39328117400716], [-71.08465780601756, 42.39320272497848], [-71.08455538953388, 42.393121012059765], [-71.08445723544668, 42.393036481251414], [-71.08436286694905, 42.39294868520221], [-71.08425924807698, 42.392848436257], [-71.08424689079321, 42.3928383633649], [-71.08423246403831, 42.39282993771306], [-71.08421635980339, 42.392823390289145], [-71.08419902143177, 42.39281890005011], [-71.08418092057879, 42.39281658843727], [-71.08416255356256, 42.392816520263665]]], [[[-71.08598208780641, 42.394250016756615], [-71.08598362804348, 42.394264087403535], [-71.08598838951218, 42.39427775641046], [-71.08599623153407, 42.39429062084485], [-71.08600692459802, 42.394302303562455], [-71.08602015152735, 42.39431246041404], [-71.08603552683546, 42.39432079201864], [-71.086052595441, 42.394327054562496], [-71.08607085694057, 42.394331062587334], [-71.08644650538913, 42.39438810376498], [-71.08654120477921, 42.394402483057455], [-71.08654713893546, 42.39440326061563], [-71.08660794253022, 42.3944099700978], [-71.08661458848913, 42.394410552147626], [-71.08662496007118, 42.39441086579242], [-71.08668643361297, 42.394410593252644], [-71.08669440401897, 42.394410345493625], [-71.08670342984195, 42.39440954695104], [-71.08676412184082, 42.39440230067997], [-71.08677320243822, 42.39440092614819], [-71.08678070671267, 42.39439933708983], [-71.08683918527417, 42.394385286602784], [-71.08684905834072, 42.394382523074526], [-71.08685495994851, 42.39438047541539], [-71.08690984556289, 42.39435995246996], [-71.08692011774471, 42.39435558786654], [-71.08692274849318, 42.39435428740004], [-71.08696120708636, 42.39433468676802], [-71.08697143580115, 42.39432879422559], [-71.08700655325647, 42.394306007191986], [-71.08700822322211, 42.39430490133732], [-71.08701130169806, 42.39430273910529], [-71.08710244461469, 42.394236250853325], [-71.08720083027123, 42.39416447954837], [-71.08721339213459, 42.39415356097753], [-71.08722320519402, 42.39414119119367], [-71.0872299706354, 42.39412774724408], [-71.0872334841852, 42.39411363622421], [-71.08723363859778, 42.39409928628388], [-71.0872304297986, 42.39408513584585], [-71.0872239533753, 42.39407161288651], [-71.08721440826211, 42.394059128647605], [-71.08720208347391, 42.39404806318383], [-71.08718735333582, 42.39403875184177], [-71.08717066538507, 42.39403147801438], [-71.08715252829013, 42.394026463194535], [-71.08713349125694, 42.39402385879885], [-71.08711413189566, 42.39402374432369], [-71.08709504167551, 42.3940261227915], [-71.08707679797388, 42.394030923351444], [-71.08705995559197, 42.3940379985481], [-71.08704502725828, 42.39404713415428], [-71.08694664282204, 42.39411890533233], [-71.08685781863586, 42.39418370205533], [-71.08683001350978, 42.394201745605734], [-71.0868030928984, 42.39421546467016], [-71.08676255852724, 42.394230622106356], [-71.0867203528954, 42.39424076255674], [-71.08667655426837, 42.39424599163354], [-71.08663218853769, 42.394246188781295], [-71.08658282169816, 42.39424074118253], [-71.0864910807142, 42.39422681099124], [-71.0861154331837, 42.394169769956996], [-71.0860977341287, 42.39416816501402], [-71.08607991673857, 42.39416868070703], [-71.08606244020638, 42.39417130338297], [-71.08604575557695, 42.39417596534289], [-71.08603029237584, 42.39418254659427], [-71.08601644887528, 42.394190877516785], [-71.08600458234874, 42.39420074332878], [-71.08599499931908, 42.394211889453544], [-71.08598794700984, 42.39422402869083], [-71.08598360480185, 42.39423684748811], [-71.08598208780641, 42.394250016756615]]]]}, "properties": {"OBJECTID_1": 11, "FID_1": 534, "FID_1_1": 534, "OBJECTID": 535, "Street": "RAMP I-93 N TO MYSTIC AVE", "SUM_fixed_": 0.156661823471, "BUFF_DIST": 30, "ORIG_FID": 523, "Shape_Leng": 2031.28191935, "Count_": 18, "Count_1": 5, "Count_2": 0, "cpm_all": 114.897168954, "cpm_injury": 31.915880265, "cpm_NM": 0, "intersecti": "ramp", "Shape_Length": 2030.828749424362, "Shape_Area": 55256.838842730984}}, {"type": "Feature", "id": 12, "geometry": {"type": "Polygon", "coordinates": [[[-71.08244902701989, 42.390380089314625], [-71.08243131314265, 42.3903821902133], [-71.08241428624494, 42.3903863777575], [-71.08239839155007, 42.390392542828565], [-71.08238404305042, 42.390400523978215], [-71.08237161495929, 42.390410114599874], [-71.08236143320914, 42.390421062897644], [-71.08235376201573, 42.39043308354114], [-71.08234880141305, 42.39044586305813], [-71.08234668112749, 42.39045906791492], [-71.08234745808933, 42.390472353509814], [-71.08235110908595, 42.39048537314973], [-71.0823575404183, 42.390497787087405], [-71.08236658541189, 42.39050927151599], [-71.08305242401546, 42.39123780444216], [-71.08311250993323, 42.39130605831752], [-71.08316590007385, 42.39137583278959], [-71.08321332641192, 42.39144791916674], [-71.08325462419133, 42.391522067481176], [-71.08328993423584, 42.39159865276705], [-71.08333129628939, 42.39170362155977], [-71.08345630783631, 42.392020877316696], [-71.0835420733306, 42.39223853126558], [-71.08354336967379, 42.39224159871848], [-71.0835789840354, 42.392320406898705], [-71.08358201300807, 42.392326317411445], [-71.08362575875489, 42.392402726939466], [-71.08363006165582, 42.39240939379636], [-71.08363369399001, 42.39241405419785], [-71.08407688964812, 42.392942080038296], [-71.08408783254198, 42.39295299140082], [-71.08410104788877, 42.39296241920773], [-71.08411617788057, 42.39297010558471], [-71.08413280730092, 42.39297584196542], [-71.08415048415989, 42.392979470966935], [-71.08416872450464, 42.39298089360943], [-71.08418703305499, 42.39298007119137], [-71.08420490926993, 42.39297702621161], [-71.08422186557148, 42.392971841535264], [-71.0842374394964, 42.392964659536894], [-71.08425120588824, 42.39295567494255], [-71.08426278905507, 42.392945133072836], [-71.0842718749674, 42.39293332178458], [-71.08427821252612, 42.39292056337249], [-71.08428163183925, 42.39290720563253], [-71.08428203820841, 42.39289361283716], [-71.0842794206893, 42.39288015676349], [-71.08427384975708, 42.39286720228028], [-71.08426547975291, 42.39285510465592], [-71.08382684556001, 42.39233251483262], [-71.08378817147127, 42.39226496359917], [-71.08375466255168, 42.39219081575972], [-71.08366950799699, 42.391974715366615], [-71.08354449547154, 42.3916574598379], [-71.08350242593214, 42.391550695197964], [-71.08350097516038, 42.39154728957909], [-71.08346368079744, 42.39146640012547], [-71.08346124447156, 42.391461609004445], [-71.08341731181189, 42.39138272924185], [-71.08341447755049, 42.39137805911751], [-71.08336401360128, 42.391301356877975], [-71.08336212367479, 42.391298614975966], [-71.08336079464036, 42.39129682670366], [-71.0833039954352, 42.39122259798079], [-71.08330040259338, 42.39121822490047], [-71.08323748850539, 42.39114675767279], [-71.08323555564309, 42.391144635007564], [-71.08254872578418, 42.39041505163554], [-71.08253640891209, 42.390404121628535], [-71.08252173660516, 42.39039492872292], [-71.08250514548315, 42.39038774728775], [-71.08248713326851, 42.3903827942958], [-71.08246823822984, 42.390380215744884], [-71.08244902701989, 42.390380089314625]]]}, "properties": {"OBJECTID_1": 12, "FID_1": 535, "FID_1_1": 535, "OBJECTID": 536, "Street": "RAMP I-93 N TO MYSTIC AVE / RT 28 N", "SUM_fixed_": 0.191375101551, "BUFF_DIST": 30, "ORIG_FID": 524, "Shape_Leng": 2209.40035067, "Count_": 132, "Count_1": 33, "Count_2": 0, "cpm_all": 689.744898528, "cpm_injury": 172.436224632, "cpm_NM": 0, "intersecti": "ramp", "Shape_Length": 2209.1852683167695, "Shape_Area": 63441.79245411473}}, {"type": "Feature", "id": 13, "geometry": {"type": "Polygon", "coordinates": [[[-71.0794857282044, 42.38781486797827], [-71.07946699964297, 42.38781715557133], [-71.07944907046743, 42.38782177421672], [-71.07943246499828, 42.38782858898818], [-71.07941766669173, 42.38783740089014], [-71.07940510839478, 42.38784795132363], [-71.07939515890841, 42.387859933740486], [-71.07938810596238, 42.38787299718226], [-71.07938415733938, 42.38788675978851], [-71.07938342865273, 42.38790082045563], [-71.07938593964319, 42.38791476782624], [-71.07939161894632, 42.38792819381078], [-71.0794002991448, 42.38794070707366], [-71.07941172764379, 42.387951941175736], [-71.07942556900427, 42.38796156898737], [-71.07944142069377, 42.387969308147966], [-71.07945881907513, 42.387974933691766], [-71.07951596318931, 42.387989240977994], [-71.0795629712433, 42.38800670090344], [-71.07960628919594, 42.38802882340027], [-71.07964831349516, 42.388057384484206], [-71.07987664897117, 42.38823213071444], [-71.07987822113915, 42.38823330952438], [-71.0801135985912, 42.388406331733776], [-71.0801152024984, 42.3884074872488], [-71.08035564047852, 42.38857724498468], [-71.0815384636109, 42.389395670898004], [-71.08181639299414, 42.38958577321414], [-71.08208698183606, 42.38977983643796], [-71.08235132549817, 42.3899786091308], [-71.08260907960117, 42.39018182630299], [-71.08280644490016, 42.390346367458605], [-71.0829964041859, 42.39051530361581], [-71.08317904804296, 42.39068870806188], [-71.08335468154606, 42.39086691053904], [-71.08351146730466, 42.391031043320574], [-71.08384471820078, 42.391377292314665], [-71.08454515177888, 42.39210133416071], [-71.08505893244973, 42.39263241904204], [-71.08513344351802, 42.39271618079115], [-71.08520311544603, 42.3928020731195], [-71.08526789649324, 42.39289002022561], [-71.08532758693163, 42.39297973240728], [-71.08538299725748, 42.39307373968515], [-71.08543179371297, 42.39316954167591], [-71.08547394519643, 42.39326706175197], [-71.08550938820807, 42.393366162848956], [-71.08553483238354, 42.393454078824384], [-71.0855548165082, 42.393542102967146], [-71.08556951233537, 42.39363071124769], [-71.08557891679445, 42.39371999818666], [-71.08558216783246, 42.393778602054915], [-71.08558310159978, 42.393837561290816], [-71.08558164106665, 42.39389806488969], [-71.08557770516666, 42.39395876753806], [-71.08556370878703, 42.394101592791316], [-71.08556218590346, 42.39411712977555], [-71.08555168250199, 42.394198262273726], [-71.08553625671267, 42.394278240884454], [-71.08550056833936, 42.394420267763095], [-71.08545699826782, 42.394563248441045], [-71.08533171060346, 42.39499098280754], [-71.08533078124862, 42.394994531970795], [-71.08531832042023, 42.39504848777333], [-71.08531709245389, 42.3950557135117], [-71.08531111733056, 42.3951102463579], [-71.08531075469507, 42.39511701787133], [-71.08531130829931, 42.39517223775172], [-71.08531181565725, 42.39517951115631], [-71.08531888927313, 42.39523397218668], [-71.08532241740859, 42.39524808151312], [-71.08532919651941, 42.395261521941265], [-71.08533902158116, 42.39527388670473], [-71.0853515938528, 42.395284798408454], [-71.08536653170182, 42.395293925273116], [-71.08538338146367, 42.39530099197751], [-71.08540162956999, 42.39530578240339], [-71.0854207231254, 42.39530815051319], [-71.0854400820181, 42.395308025795124], [-71.08545911715575, 42.39530541062842], [-71.08547724986387, 42.3953003857546], [-71.08549393136603, 42.3952931031456], [-71.0855086525124, 42.39528378423793], [-71.08552096569498, 42.39527271190919], [-71.08553049947571, 42.39526022242804], [-71.08553696228888, 42.395246696464405], [-71.08554015711601, 42.39523254383772], [-71.08553998883201, 42.395218194540355], [-71.08553338561458, 42.39516735615175], [-71.08553290695626, 42.3951199428866], [-71.0855380860984, 42.39507267243713], [-71.08554929294483, 42.395024143495746], [-71.08567387233991, 42.39459881550501], [-71.08571769016287, 42.39445502538604], [-71.08571854100103, 42.39445196208889], [-71.0857551868015, 42.3943061024905], [-71.08575581160139, 42.39430324364356], [-71.08577192612478, 42.394219689763446], [-71.08577253514248, 42.394215902668826], [-71.08578341181685, 42.39413188519133], [-71.08578362829181, 42.39412998817604], [-71.08578524221954, 42.3941135233261], [-71.08579933699961, 42.393969691886966], [-71.08579950078905, 42.3939676794459], [-71.08580358107547, 42.39390474191017], [-71.08580369083673, 42.393902262928464], [-71.08580521960813, 42.393838726522894], [-71.08580522235378, 42.39383682423674], [-71.08580425068106, 42.39377546201405], [-71.08580416449024, 42.393773045346684], [-71.08580076217977, 42.393711731091756], [-71.08580051843808, 42.393708706166834], [-71.08579076034918, 42.39361606442305], [-71.08579026799178, 42.393612427311524], [-71.08577497130499, 42.393520197762754], [-71.0857743168333, 42.393516834653596], [-71.08575345774896, 42.3934249460895], [-71.08575252674656, 42.393421338908446], [-71.0857260074326, 42.39332971174884], [-71.08572476937867, 42.39332588469346], [-71.08568791868375, 42.39322284706224], [-71.0856863309129, 42.393218824286244], [-71.08564217862474, 42.39311669484046], [-71.08564059004267, 42.39311335267415], [-71.08558979560271, 42.39301362734837], [-71.08558766402365, 42.393009744856904], [-71.08553008771047, 42.3929120648263], [-71.08552792296064, 42.39290861164878], [-71.08546607950483, 42.39281566250148], [-71.08546417719649, 42.39281293589566], [-71.08539694740625, 42.39272166163555], [-71.08539465076225, 42.39271869143166], [-71.0853226040167, 42.39262987194473], [-71.0853201429311, 42.39262697587013], [-71.08524317704307, 42.39254045322933], [-71.08524071075021, 42.392537796609254], [-71.08472564819117, 42.392005388990434], [-71.08402536922269, 42.391281509039764], [-71.08369256898463, 42.3909357285399], [-71.0835349808309, 42.39077076393769], [-71.0833573444669, 42.39059052164172], [-71.0833554234403, 42.39058863219431], [-71.0831703957023, 42.390412962379855], [-71.08316816723973, 42.390410916066585], [-71.08297589321488, 42.39023992095557], [-71.08297357940215, 42.390237927445774], [-71.08277403505521, 42.39007157090341], [-71.0827719512143, 42.39006988161868], [-71.08251223856304, 42.38986512091694], [-71.08251041638783, 42.38986371796646], [-71.08224424307724, 42.389663569660385], [-71.08224237576508, 42.3896621989519], [-71.08196988922855, 42.389466774267504], [-71.08196813153195, 42.38946554169599], [-71.08168964971082, 42.389275061414125], [-71.0805079596102, 42.38845742260779], [-71.08026918497697, 42.38828883802051], [-71.08003541007703, 42.38811699324274], [-71.07980554728618, 42.38794107857888], [-71.07980111160133, 42.387937869073966], [-71.07975068488342, 42.38790359656644], [-71.07973864114558, 42.38789648445027], [-71.07968262077098, 42.38786787497191], [-71.07968081603384, 42.387866972596974], [-71.07966936607619, 42.38786206743714], [-71.07960854755326, 42.38783947769605], [-71.07960391067624, 42.38783785374809], [-71.07959433620732, 42.38783508370377], [-71.07952988614535, 42.387818947389405], [-71.07951545915081, 42.387816119993126], [-71.07950065083647, 42.387814751461526], [-71.0794857282044, 42.38781486797827]]]}, "properties": {"OBJECTID_1": 13, "FID_1": 540, "FID_1_1": 540, "OBJECTID": 541, "Street": "RAMP RT 28 S TO I-93 S", "SUM_fixed_": 0.625913879482, "BUFF_DIST": 30, "ORIG_FID": 529, "Shape_Leng": 6798.10457736, "Count_": 147, "Count_1": 35, "Count_2": 1, "cpm_all": 234.856591008, "cpm_injury": 55.9182359544, "cpm_NM": 1.59766388441, "intersecti": "ramp", "Shape_Length": 6797.875867198938, "Shape_Area": 201101.36856149882}}, {"type": "Feature", "id": 14, "geometry": {"type": "MultiPolygon", "coordinates": [[[[-71.09552947833375, 42.37970969458311], [-71.09553211484867, 42.3797105969346], [-71.09564792686751, 42.37974884749847], [-71.09566529280771, 42.37975333883351], [-71.09567239614351, 42.37975451616253], [-71.09569834886537, 42.379758160793365], [-71.09570623359876, 42.3797590527753], [-71.09573792608394, 42.379761774969786], [-71.09574101131619, 42.37976200728103], [-71.09574901637751, 42.379762311797045], [-71.09578091825297, 42.37976267146862], [-71.09578782563517, 42.37976259040459], [-71.09615995149457, 42.37974960524796], [-71.09616305367899, 42.37974946488958], [-71.09629633991135, 42.37974203718305], [-71.09629967579032, 42.37974181031346], [-71.09643241718648, 42.379731273655736], [-71.09645140927236, 42.37972850798138], [-71.09646946468692, 42.379723339760325], [-71.09648603478648, 42.37971592551872], [-71.0965006166336, 42.379706490365], [-71.0965127676138, 42.37969532083857], [-71.09652211883876, 42.379682757754566], [-71.09652838495788, 42.37966918093327], [-71.09653137512073, 42.37965500383663], [-71.09653100037175, 42.37964065648904], [-71.09652727007006, 42.379626575561154], [-71.09652029927241, 42.379613189091366], [-71.09651029909931, 42.37960090384776], [-71.0964975731779, 42.3795900918118], [-71.09648250797405, 42.379581082941876], [-71.09646556316989, 42.37957415073538], [-71.09644725106756, 42.379569504954276], [-71.09642812811262, 42.379567287994306], [-71.09640877795213, 42.37956756582278], [-71.09627778270715, 42.37957796363432], [-71.09614795146825, 42.37958519908222], [-71.09578083054203, 42.379598009121466], [-71.09575796479749, 42.37959775142294], [-71.09573573860999, 42.37959584214449], [-71.09572643340654, 42.37959453554344], [-71.09562377367187, 42.379560629245], [-71.09505885395208, 42.379360757848296], [-71.09505611809163, 42.37935982362619], [-71.09504833598258, 42.37935751581292], [-71.09486837503735, 42.37930992607389], [-71.09414455594778, 42.379045781833696], [-71.09397698167652, 42.378983512032086], [-71.09310997698068, 42.378661331202224], [-71.09257735030695, 42.37846340191596], [-71.09204055870133, 42.37826392038763], [-71.09193561423469, 42.378224928664736], [-71.0918795506641, 42.378204996442626], [-71.09178575943162, 42.37817125769865], [-71.09166600951559, 42.378128180814926], [-71.09166262925417, 42.37812701735238], [-71.09164587037985, 42.37812264820193], [-71.09158226909489, 42.37811020555771], [-71.0915247154945, 42.378092771564276], [-71.09117534619953, 42.37796676003648], [-71.09106535223485, 42.37792708605885], [-71.09031892887766, 42.377657855021766], [-71.09019443535252, 42.377612950128146], [-71.09019176518979, 42.37761201872427], [-71.09017814919962, 42.377607434582764], [-71.09009154466186, 42.377575160504456], [-71.09000817090983, 42.37753826680713], [-71.08927398002581, 42.3771860734207], [-71.08895334960312, 42.3770272747623], [-71.08848119942587, 42.37679343016177], [-71.08846936095401, 42.37678834981528], [-71.08810571215935, 42.37665377099959], [-71.08751717888693, 42.376376863609174], [-71.08720198917355, 42.37622720931463], [-71.08716359651311, 42.37620846083741], [-71.08707193672932, 42.37615930216998], [-71.08698533019866, 42.376106123789505], [-71.08690365965137, 42.37604903422069], [-71.08682671996225, 42.37598802193371], [-71.08675379738975, 42.37592249648736], [-71.08665706249992, 42.37583160271061], [-71.08665411594143, 42.375828950684834], [-71.0866134047869, 42.3757938174918], [-71.08660530096445, 42.37578752868358], [-71.08647707061193, 42.37569801153954], [-71.08647114118028, 42.37569418021552], [-71.08643097759389, 42.37567003691297], [-71.0864222323645, 42.37566528527442], [-71.08641748703656, 42.37566308772196], [-71.08637295951236, 42.37564360299363], [-71.08636162041668, 42.375639272360566], [-71.08635823732159, 42.375638205961316], [-71.08631032051039, 42.375623804639446], [-71.08629553415923, 42.37562023584889], [-71.08624442007233, 42.37561107616904], [-71.08622821361102, 42.37560910026944], [-71.08617663573015, 42.37560569081754], [-71.0861572874196, 42.37560567703237], [-71.08613822879288, 42.37560815357653], [-71.086120039512, 42.37561304601134], [-71.08610327301655, 42.375620205080345], [-71.08608843704408, 42.37562941474195], [-71.08607598147641, 42.3756403939258], [-71.08606628732993, 42.375652809097346], [-71.08605964726353, 42.375666284090556], [-71.0860562618773, 42.37568040909741], [-71.0860562359693, 42.37569475595929], [-71.08605956997715, 42.375708887138806], [-71.08606616227642, 42.37572237553444], [-71.08607581278753, 42.37573480989555], [-71.08608822770834, 42.375745813744864], [-71.08610303040055, 42.37575505172053], [-71.086119772217, 42.37576224491936], [-71.08613794341744, 42.37576717273724], [-71.08615699250177, 42.37576968734333], [-71.08620029195826, 42.37577255026168], [-71.08623453144622, 42.37577868192565], [-71.08626719386032, 42.37578849817901], [-71.08629753150926, 42.37580177396353], [-71.08632810897977, 42.37582015432257], [-71.08644880918145, 42.37590441660073], [-71.0864841691186, 42.37593493105601], [-71.08658021965218, 42.376025183314034], [-71.08658174284649, 42.37602658243033], [-71.08665763006789, 42.376094771778604], [-71.08666216807053, 42.376098600793945], [-71.08674385864263, 42.37616337994624], [-71.08674879349907, 42.37616705463419], [-71.086835886283, 42.376227935082305], [-71.08684094983704, 42.37623124111128], [-71.0869331038028, 42.376287825492255], [-71.086938847385, 42.376291123155184], [-71.08703542826234, 42.37634292122435], [-71.08703937705455, 42.37634494483713], [-71.08708106924351, 42.37636529960422], [-71.08739777363206, 42.37651567808436], [-71.08799154075152, 42.376795048193735], [-71.08800144492015, 42.376799196168626], [-71.08836393025575, 42.37693334440888], [-71.08883000634202, 42.377164181525], [-71.08915195644721, 42.37732363073845], [-71.08988922405184, 42.37767730512296], [-71.08989263439587, 42.3776788765744], [-71.08998120006822, 42.37771806748032], [-71.089988238706, 42.377720932065984], [-71.09008039366857, 42.377755275047136], [-71.0900843539464, 42.377756679198725], [-71.09009864240741, 42.377761489017864], [-71.09022178421218, 42.3778059066452], [-71.09096820890322, 42.378075138303444], [-71.09107820306447, 42.37811481237258], [-71.09143081841508, 42.3782419952843], [-71.0914343028579, 42.378243196935614], [-71.09143739774944, 42.37824417573325], [-71.09150497135155, 42.37826464419829], [-71.09151863535963, 42.37826803457375], [-71.09157878173193, 42.37827980147671], [-71.09168882577102, 42.378319386906725], [-71.09178303512282, 42.378353275758634], [-71.09183785343937, 42.37837275796768], [-71.09194105489858, 42.378411109794676], [-71.09247784743968, 42.37861059178056], [-71.09301047504165, 42.37880852152083], [-71.09387748125438, 42.37913070218942], [-71.09404589894667, 42.37919328480694], [-71.09477603216499, 42.37945973411635], [-71.09477998194478, 42.37946110385725], [-71.09478776405678, 42.37946341168863], [-71.0949683702834, 42.37951117217579], [-71.09552947833375, 42.37970969458311]]], [[[-71.09697942404095, 42.38011139077406], [-71.09696094762292, 42.380113634376656], [-71.09694324238026, 42.38011814849442], [-71.09692681064121, 42.380124803446094], [-71.09691212232221, 42.380133410918695], [-71.09689959306009, 42.3801437256912], [-71.09688957929744, 42.38015545462033], [-71.09688236609414, 42.380168263799746], [-71.09687815733847, 42.3801817902295], [-71.09687707570671, 42.380195648117784], [-71.0968791492084, 42.38020944413856], [-71.09688431963419, 42.38022278556366], [-71.09689244004691, 42.380235292858224], [-71.0969032795635, 42.38024661140077], [-71.09691653059473, 42.38025641871149], [-71.0969318148475, 42.3802644352762], [-71.09719848474569, 42.38038062004779], [-71.09720387798029, 42.38038282392044], [-71.09752355169212, 42.380504955312865], [-71.09769028048404, 42.38057227113961], [-71.0979273809833, 42.380668421207375], [-71.0983782856937, 42.38085127648523], [-71.09888976369744, 42.381058692965496], [-71.09889292280332, 42.38105992566503], [-71.09899077245146, 42.38109662654213], [-71.0989931445934, 42.38109749098056], [-71.09902845786382, 42.38110996235773], [-71.09903139503052, 42.38111096020608], [-71.09914270051561, 42.38114710645899], [-71.09914676661153, 42.38114835671625], [-71.09976479007699, 42.38132775989984], [-71.10040951829254, 42.38153086694551], [-71.10041948415218, 42.381534721463346], [-71.10042496836162, 42.38153774295743], [-71.10042974806716, 42.381541372396974], [-71.10043369034486, 42.38154550668804], [-71.10044059238554, 42.38155591003182], [-71.10044845503236, 42.38156591698515], [-71.10045813524543, 42.381575006558656], [-71.10046943987533, 42.38158299802446], [-71.10048214647584, 42.38158973486037], [-71.10049600210645, 42.3815950820454], [-71.1008399678918, 42.38170329088256], [-71.10124151271322, 42.38183605364428], [-71.10156905821468, 42.3819448848882], [-71.10198606923711, 42.38208287882589], [-71.1033641142509, 42.38253838018999], [-71.10336560607803, 42.38253886248323], [-71.10411852655317, 42.382777529828125], [-71.10421122808962, 42.382806484984954], [-71.10423368393414, 42.38281382932131], [-71.10423842534576, 42.38281528428417], [-71.10435942648131, 42.38285000124773], [-71.10436652257218, 42.38285183521936], [-71.10449033839924, 42.38288038757971], [-71.10449567813626, 42.38288151148391], [-71.1045561342974, 42.38289297913865], [-71.105061325023, 42.38300602095807], [-71.10539625257427, 42.383081251794096], [-71.1062753157487, 42.38327842032998], [-71.1068921113363, 42.383416358765906], [-71.10795982154305, 42.383655983242946], [-71.10840110390512, 42.383754910187676], [-71.10872852971995, 42.38382817644311], [-71.10904232446562, 42.38389839210055], [-71.10944706875343, 42.383989635678034], [-71.10968072070155, 42.38404190045602], [-71.11060049063364, 42.38424794265551], [-71.1106939076722, 42.384269599091205], [-71.11095842874657, 42.38434019913889], [-71.11097428934684, 42.38434479379494], [-71.11124945682916, 42.38443327637343], [-71.1115150811499, 42.38453403653338], [-71.11171780255889, 42.38462334468042], [-71.11177164099705, 42.38464685808633], [-71.11181387865783, 42.38466836791045], [-71.11202143653152, 42.384770747733896], [-71.11230024197224, 42.38491825357348], [-71.11273200632841, 42.38514457395301], [-71.11287797870894, 42.38522108054781], [-71.11317814876278, 42.38537840167136], [-71.11336112459574, 42.38547242550308], [-71.11359680307197, 42.38559352738655], [-71.11368131002736, 42.38563695089437], [-71.11482562753844, 42.386274204420566], [-71.11611211804923, 42.386991973911925], [-71.1167152637984, 42.387327048498186], [-71.11708890822786, 42.38753533039052], [-71.11711388620418, 42.387549254445695], [-71.11715004200279, 42.387569371816056], [-71.11772799812704, 42.38788873100387], [-71.11774321904814, 42.38789731534271], [-71.11809330299351, 42.38809790466686], [-71.11809489448727, 42.38809881563265], [-71.11811028542924, 42.38810621031414], [-71.11812710801122, 42.38811162642441], [-71.11814490406685, 42.38811491569644], [-71.11816318714428, 42.38811598828787], [-71.11818145949181, 42.38811481553824], [-71.11819922177375, 42.38811143000142], [-71.11821599008871, 42.38810592280101], [-71.11823130810873, 42.38809844457094], [-71.11824475561296, 42.388089200082035], [-71.11825596675303, 42.38807844020011], [-71.11826463735576, 42.388066459209014], [-71.1182705286319, 42.38805358401959], [-71.11827348058866, 42.388040165211365], [-71.11827341329294, 42.388026568933945], [-71.11827032814534, 42.38801316700843], [-71.11826430917574, 42.38800032342703], [-71.11825552185586, 42.38798838984826], [-71.11824420346532, 42.38797769206036], [-71.11823066436553, 42.38796852008285], [-71.1182290982889, 42.387967623607764], [-71.11787833204349, 42.38776664530263], [-71.11786165027722, 42.38775723867376], [-71.1172831984452, 42.38743760211043], [-71.11724728595821, 42.38741762063284], [-71.11722238425605, 42.38740373917312], [-71.11684859492158, 42.38719537709915], [-71.11624548603348, 42.38686032312891], [-71.11495909714671, 42.38614261036032], [-71.11381299672048, 42.38550436454449], [-71.11380956028232, 42.38550252543672], [-71.11372331863198, 42.38545821121989], [-71.11348763920338, 42.38533710958774], [-71.113305502498, 42.385243519108876], [-71.11300618376504, 42.385086642313496], [-71.11286021638065, 42.38501013859613], [-71.11242886404621, 42.38478403524462], [-71.11214895254999, 42.38463594349974], [-71.11214595756381, 42.38463441282612], [-71.1119382703595, 42.38453197426859], [-71.11189335488929, 42.38450910503237], [-71.11188769757742, 42.384506456222944], [-71.11183081080034, 42.3844816118711], [-71.11162550641761, 42.38439116534536], [-71.11161936134948, 42.38438864901824], [-71.11134747740314, 42.384285514610134], [-71.11134152284798, 42.384283420243925], [-71.11106079172487, 42.38419314731641], [-71.11105702211432, 42.384191995715405], [-71.11103785463696, 42.384186442793485], [-71.11103505181012, 42.38418566267581], [-71.11076690871562, 42.38411409534638], [-71.11076243455719, 42.384112980064344], [-71.11066582483254, 42.38409058635067], [-71.10974491463512, 42.3838842869115], [-71.1095114487599, 42.38383206340436], [-71.10910671509137, 42.38374082188363], [-71.10879270034783, 42.383670557033525], [-71.10846532984732, 42.38359730284744], [-71.10802413458504, 42.38349839534466], [-71.10695635282211, 42.38325875499799], [-71.10633953801616, 42.38312081232949], [-71.10546060416199, 42.3829236726226], [-71.10512560581951, 42.382848426420814], [-71.1046180200455, 42.382734849078744], [-71.10461357522959, 42.38273392901885], [-71.10455359224768, 42.38272255034727], [-71.10443607006106, 42.38269544934185], [-71.10432096394224, 42.38266242365698], [-71.10429914796498, 42.382655294905184], [-71.10420523103521, 42.38262595481655], [-71.10345371909156, 42.38238773311915], [-71.10207654194217, 42.38193251939453], [-71.10165978740355, 42.38179461039167], [-71.101332139519, 42.3816857457348], [-71.10092937396983, 42.381552580222106], [-71.10092759376198, 42.38155200506768], [-71.10061940180246, 42.38145505628897], [-71.10060600674234, 42.38144100587228], [-71.10060327726438, 42.38143826493538], [-71.10059477551492, 42.381431007041314], [-71.10057770149287, 42.381418044896456], [-71.10057384664167, 42.38141525683819], [-71.10056449154929, 42.381409486849336], [-71.10054487692808, 42.38139868016136], [-71.10053981284167, 42.381396049054246], [-71.1005300087586, 42.38139176927409], [-71.10050834362437, 42.38138338892748], [-71.10050123266979, 42.38138087585064], [-71.09985018568564, 42.38117577120705], [-71.0998472441766, 42.38117488139867], [-71.0992297686147, 42.38099563810565], [-71.09912240295607, 42.380960771462526], [-71.09908980251939, 42.38094925756615], [-71.0989947599166, 42.38091360998485], [-71.09848485243921, 42.380706830541946], [-71.09803394724209, 42.380523974771194], [-71.09779666544527, 42.38042775136166], [-71.09762860339957, 42.38035989805468], [-71.09762636255405, 42.38035901694163], [-71.09730832106892, 42.38023750913716], [-71.09704432531329, 42.380122489046144], [-71.09702915015623, 42.380116982870966], [-71.09701302385791, 42.380113246922264], [-71.0969963198662, 42.380111368034925], [-71.09697942404095, 42.38011139077406]]]]}, "properties": {"OBJECTID_1": 14, "FID_1": 579, "FID_1_1": 579, "OBJECTID": 580, "Street": "SOMERVILLE AVE", "SUM_fixed_": 1.82387469781, "BUFF_DIST": 30, "ORIG_FID": 571, "Shape_Leng": 19636.0857034, "Count_": 165, "Count_1": 70, "Count_2": 56, "cpm_all": 90.4667410531, "cpm_injury": 38.3798295377, "cpm_NM": 0, "intersecti": " ", "Shape_Length": 19635.613816704845, "Shape_Area": 583410.3930996507}}, {"type": "Feature", "id": 15, "geometry": {"type": "Polygon", "coordinates": [[[-71.09341593999883, 42.39248009064465], [-71.0933986526923, 42.39248211641419], [-71.09338200844462, 42.39248613047553], [-71.09336642205444, 42.39249203256292], [-71.09335228067678, 42.39249967729903], [-71.09333993410704, 42.3925088741605], [-71.0933296910971, 42.392519393766825], [-71.09323721764031, 42.39263212882609], [-71.09264641567655, 42.3933468136072], [-71.09264472965144, 42.39334892330089], [-71.09245714152111, 42.393591795211776], [-71.0924558270025, 42.393593548806514], [-71.09245378287194, 42.39359638105564], [-71.09245189189743, 42.39359900588202], [-71.0922221989349, 42.39389622232478], [-71.09222114664722, 42.39389761493275], [-71.09221992966145, 42.393899309451776], [-71.09192661148786, 42.39431948354698], [-71.09192504665175, 42.394321815128876], [-71.09192307510808, 42.39432487269611], [-71.09192182250104, 42.39432681466298], [-71.09154273677201, 42.39487013197746], [-71.09154150804483, 42.394871946184836], [-71.09147296114958, 42.39497642450528], [-71.09145443420913, 42.395002323750674], [-71.09143458237317, 42.39502593247422], [-71.09141103706399, 42.39504990439771], [-71.0913824424004, 42.395074865801625], [-71.09135200158961, 42.3950953111322], [-71.09131823838841, 42.395112637783875], [-71.09128171824386, 42.39512655517055], [-71.09124259248068, 42.395136953092575], [-71.09122157198927, 42.39514047774873], [-71.09059181572754, 42.395246082763464], [-71.09011124376106, 42.39532977630224], [-71.08920723489967, 42.395480934804844], [-71.08920492940693, 42.395481339803915], [-71.08920152907773, 42.3954820073779], [-71.08915999686724, 42.39549068906843], [-71.0891547614861, 42.39549188755759], [-71.08911437172708, 42.39550194894075], [-71.0891074592064, 42.39550386256489], [-71.08906682581646, 42.395516273696614], [-71.08906007955393, 42.39551858223493], [-71.08903884679958, 42.39552650811175], [-71.0890232016859, 42.39553360497498], [-71.0890093460248, 42.3955425141919], [-71.08899765670763, 42.395552992232716], [-71.08898845502563, 42.395564753956116], [-71.08898198963695, 42.39557747704966], [-71.0889784376876, 42.39559081643858], [-71.08897789751177, 42.3956044060596], [-71.08898038122761, 42.39561787684071], [-71.0889858219947, 42.39563086122805], [-71.08899407272921, 42.395643003985], [-71.08900490723626, 42.39565397480002], [-71.08901802988535, 42.39566347462338], [-71.08903308285078, 42.395671242895354], [-71.08904965575215, 42.395677069284325], [-71.0890672965796, 42.395680794626244], [-71.08908552501924, 42.39568231637399], [-71.08910384092, 42.39568159402936], [-71.08912174738829, 42.395678646524566], [-71.08913875562905, 42.39567355494052], [-71.08915621889655, 42.395667036231785], [-71.08918863265473, 42.39565714172146], [-71.08922292509685, 42.39564859892888], [-71.08925898552178, 42.39564106084885], [-71.09016110582282, 42.39549021661202], [-71.09064171177086, 42.39540651758324], [-71.09127058314527, 42.39530106219892], [-71.09129820725975, 42.395296430234005], [-71.0913004495055, 42.39529603577179], [-71.09131118621183, 42.39529362873938], [-71.09136352150627, 42.39527971979041], [-71.09137016207697, 42.395277773555435], [-71.09137681972393, 42.395275440259674], [-71.0914262658027, 42.3952565964829], [-71.09143578171695, 42.39525251688292], [-71.09143870244013, 42.3952510678964], [-71.09148441430146, 42.39522760949794], [-71.09149576766139, 42.39522093100123], [-71.09153709588674, 42.3951931734808], [-71.0915470549999, 42.39518553843251], [-71.09158304077032, 42.39515412479521], [-71.09158569683916, 42.3951517151656], [-71.09158816958558, 42.39514929318167], [-71.09161650265894, 42.39512044608417], [-71.09162096636426, 42.39511553918593], [-71.09164498459108, 42.39508697656226], [-71.09164850314092, 42.395082477737546], [-71.091670124733, 42.395052259988894], [-71.09167188176983, 42.395049698620674], [-71.09174067742288, 42.3949448411482], [-71.09211992250212, 42.39440129148768], [-71.09212147383947, 42.39439898056182], [-71.09212347481518, 42.39439587808157], [-71.09212468816878, 42.394393995392], [-71.0924161126127, 42.39397653204556], [-71.0926454509932, 42.39367977401227], [-71.09264677530575, 42.39367800784611], [-71.09264971650869, 42.39367393007851], [-71.0926507140773, 42.39367254537538], [-71.09283666297364, 42.393431794720996], [-71.09342679524927, 42.39271791686967], [-71.09351947536562, 42.392604930312146], [-71.0935278213838, 42.39259250169248], [-71.09353323134685, 42.392579210133974], [-71.09353555100655, 42.392565434110956], [-71.0935347146932, 42.39255156501421], [-71.09353074659293, 42.39253799725258], [-71.09352375839396, 42.39252511654097], [-71.09351394935004, 42.3925132899975], [-71.0935015990799, 42.39250285261382], [-71.09348705909447, 42.39249410272398], [-71.09347074073884, 42.39248728845766], [-71.09345311036301, 42.392482603221794], [-71.09343466870457, 42.39248018112653], [-71.09341593999883, 42.39248009064465]]]}, "properties": {"OBJECTID_1": 15, "FID_1": 606, "FID_1_1": 606, "OBJECTID": 607, "Street": "TEMPLE ST", "SUM_fixed_": 0.330333517852, "BUFF_DIST": 30, "ORIG_FID": 600, "Shape_Leng": 3676.7736567, "Count_": 83, "Count_1": 25, "Count_2": 7, "cpm_all": 251.261211819, "cpm_injury": 75.6810878974, "cpm_NM": 21.1907046113, "intersecti": " ", "Shape_Length": 3676.558681209794, "Shape_Area": 107462.90457284177}}, {"type": "Feature", "id": 16, "geometry": {"type": "MultiPolygon", "coordinates": [[[[-71.09797717735569, 42.37940561963975], [-71.09725018841243, 42.37948086057319], [-71.09647349953268, 42.37956124058406], [-71.09640613903696, 42.379567799641976], [-71.09638821606741, 42.3795706770937], [-71.09637117673877, 42.379575703020876], [-71.09635548579183, 42.37958273860999], [-71.0963415706478, 42.37959159450106], [-71.0963298105088, 42.37960202624748], [-71.09632052774339, 42.379613752291824], [-71.09631397455232, 42.37962645031744], [-71.09631032921105, 42.37963977524103], [-71.09630969118946, 42.37965336279684], [-71.09631207985099, 42.37966684303575], [-71.09631742832953, 42.37967984840704], [-71.0963255895429, 42.37969202278163], [-71.09633634338634, 42.37970303588267], [-71.09634939550077, 42.379712585981586], [-71.09636439054324, 42.37972041344923], [-71.09638091702134, 42.379726304374074], [-71.09639852667499, 42.37973009783255], [-71.09641673929953, 42.379731691307704], [-71.09643505610838, 42.379731039835974], [-71.09650328067596, 42.379724395563436], [-71.09728088890527, 42.379643921335095], [-71.09800977521364, 42.37956848426981], [-71.09801352404921, 42.37956804812695], [-71.09808410890362, 42.37955890927467], [-71.09934615534475, 42.37942419942387], [-71.0993733937136, 42.37942119009988], [-71.09949260946244, 42.37941311280574], [-71.0996114961057, 42.379409639197476], [-71.09972997750168, 42.379412635300504], [-71.099848356845, 42.379420822866535], [-71.09996742791583, 42.37943503111686], [-71.10012902958873, 42.37945801450331], [-71.10040805794743, 42.379497410840685], [-71.10041122582986, 42.37949782337057], [-71.10057742100375, 42.37951760896561], [-71.10058472907544, 42.37951829514677], [-71.10075290912769, 42.37952990199405], [-71.10077929074357, 42.37953142139525], [-71.10078547729411, 42.37953164812799], [-71.10089488161795, 42.37953339074638], [-71.10092664958043, 42.3795341743613], [-71.10093409435768, 42.37953417227695], [-71.10110229176566, 42.37952995347607], [-71.10110810618428, 42.37952969184731], [-71.10127634303801, 42.37951786462638], [-71.10128384941281, 42.37951714430601], [-71.10144821321659, 42.37949713333108], [-71.10145369084503, 42.37949636185754], [-71.10179051558863, 42.379442354290816], [-71.10197839391464, 42.37941862204802], [-71.10198222226373, 42.379418087019815], [-71.10216606785352, 42.379389910220034], [-71.10217024575452, 42.379389207140875], [-71.10235023946328, 42.37935620560807], [-71.10235470391505, 42.37935531175212], [-71.10271281261393, 42.37927765616425], [-71.10271765989073, 42.379276515137796], [-71.10284853601571, 42.37924323876622], [-71.10351784939066, 42.3790684515729], [-71.10397434730761, 42.37894951546442], [-71.10406807254238, 42.37892635054771], [-71.10410788692307, 42.3789165106143], [-71.1042161709596, 42.378889302083614], [-71.1052405240191, 42.378627257536984], [-71.10524302833956, 42.37862659271764], [-71.10526611118263, 42.37862022498536], [-71.10528883786313, 42.37861450153029], [-71.10624116480564, 42.37841321501075], [-71.10624344101953, 42.37841271414089], [-71.10641824451913, 42.3783727490973], [-71.10660207579258, 42.37832966366495], [-71.10730104525261, 42.37817797256864], [-71.10732642402397, 42.37817255935973], [-71.1073435676983, 42.37816773473281], [-71.10735940770448, 42.378160882715235], [-71.10737350937652, 42.378152192684205], [-71.10738548998154, 42.37814189920878], [-71.10739502235145, 42.37813028386234], [-71.10740184587773, 42.37811766445671], [-71.10740577507833, 42.37810438426797], [-71.10740670207034, 42.378090804842586], [-71.10740460268589, 42.378077298815775], [-71.10739953293513, 42.378064232794195], [-71.10739163146262, 42.378051962862955], [-71.10738111474583, 42.37804082556634], [-71.10736826747639, 42.37803112257015], [-71.10735344255993, 42.37802312066197], [-71.1073370442118, 42.37801703638873], [-71.10731951702361, 42.378013036919526], [-71.10730134238233, 42.37801123013072], [-71.10728301417447, 42.37801166632325], [-71.10726503274346, 42.37801433370094], [-71.10723905217732, 42.37801987538295], [-71.10653859119736, 42.37817188960519], [-71.10653631491043, 42.378172403984884], [-71.1063520961269, 42.37821558161587], [-71.10617915349059, 42.37825511989256], [-71.10522530646895, 42.37845672748564], [-71.10522003624622, 42.378457947291494], [-71.10519316124952, 42.37846471523121], [-71.10519015099804, 42.378465508854404], [-71.10516679452309, 42.37847195215656], [-71.10414440786157, 42.378733493253726], [-71.10403704105862, 42.37876047170035], [-71.10399784700336, 42.378770157995376], [-71.1039024083845, 42.37879375179315], [-71.10344415156669, 42.37891314069911], [-71.1027757311509, 42.37908769557391], [-71.1026480296437, 42.37912016356905], [-71.10229460431918, 42.3791968034198], [-71.10211902273046, 42.3792289963645], [-71.10193917884366, 42.37925656033686], [-71.1017508003049, 42.37928035560375], [-71.10174597770157, 42.379281046532796], [-71.10140946008828, 42.37933500461644], [-71.10125160657984, 42.37935422334305], [-71.10109140493043, 42.379365490502806], [-71.10093031868549, 42.37936953138999], [-71.10090099839205, 42.379368811184264], [-71.1007933463996, 42.379367093557185], [-71.10077188572599, 42.379365861320885], [-71.10060899565111, 42.379354615872636], [-71.10044800138489, 42.37933544887363], [-71.10017071828915, 42.37929629907077], [-71.10000762601005, 42.379273103492594], [-71.1000043513843, 42.37927267527554], [-71.09987999521006, 42.37925783648729], [-71.09987266534235, 42.37925714658425], [-71.09974703174385, 42.37924845755335], [-71.09974081646452, 42.37924817034564], [-71.09961499746389, 42.37924498846543], [-71.09960683984758, 42.37924500508879], [-71.09948097862741, 42.37924868308236], [-71.0994759743379, 42.37924891503901], [-71.09935004837841, 42.37925744249622], [-71.0993437852455, 42.37925800046752], [-71.09931401583131, 42.37926128996041], [-71.09805083402262, 42.379396120625316], [-71.09804755543375, 42.379396507996404], [-71.09797717735569, 42.37940561963975]]], [[[-71.08898197800916, 42.38039950549135], [-71.08895165130735, 42.38041756038582], [-71.08854143294397, 42.380600069876806], [-71.08853871283159, 42.380601200809195], [-71.08852869579576, 42.38060515774591], [-71.08852527762856, 42.38060644913287], [-71.0881902929041, 42.38072181941091], [-71.08814179650818, 42.38073702357171], [-71.0876555636192, 42.38087415169469], [-71.08752671450274, 42.38091138923347], [-71.08706941060238, 42.38102497982173], [-71.08706659347834, 42.38102571154503], [-71.08702660834285, 42.38103653889146], [-71.08625742503988, 42.381240579677616], [-71.08620175141006, 42.381252406350974], [-71.08605478863554, 42.381278772776], [-71.08588547465463, 42.38130927369596], [-71.08495861782039, 42.38144803650164], [-71.08464630743812, 42.38149009966863], [-71.0845647152668, 42.38149889974862], [-71.08456231028993, 42.38149917915546], [-71.08389075421259, 42.3815827933403], [-71.08380213683671, 42.381594194501986], [-71.08359975832863, 42.38161697854314], [-71.08359353913461, 42.38161781400504], [-71.08304908297505, 42.381702854643564], [-71.08275175797021, 42.38175327300905], [-71.08232151503917, 42.3818268018979], [-71.08218953218733, 42.38185051512033], [-71.08187834634502, 42.381901530900144], [-71.08150849603577, 42.38196369135627], [-71.08084687922232, 42.38207085649486], [-71.08082934696553, 42.38207484570161], [-71.08081293993749, 42.38208091866332], [-71.08079810487826, 42.38208891225615], [-71.0807852476184, 42.38209860648946], [-71.08077471720915, 42.382109737051664], [-71.08076680102388, 42.382122001594674], [-71.08076171622173, 42.38213506510402], [-71.08075960118177, 42.38214856977113], [-71.08076051297873, 42.38216214938807], [-71.08076442615055, 42.3821754320445], [-71.08077123623345, 42.38218805634517], [-71.0807807560831, 42.38219967679861], [-71.08079272549938, 42.382209977356396], [-71.08080681847613, 42.3822186768414], [-71.08082265042736, 42.38222553797708], [-71.08083979028855, 42.38223037373347], [-71.08085777020153, 42.38223305186433], [-71.08087609884193, 42.38223349945687], [-71.08089427719368, 42.382231704789994], [-71.0815567733022, 42.38212439672886], [-71.08192677768466, 42.382062209667964], [-71.08223857208968, 42.38201109603449], [-71.08224075307491, 42.38201072133293], [-71.08237264994328, 42.38198702034335], [-71.08280144842132, 42.38191374080487], [-71.08309674884548, 42.38186365978284], [-71.08363621391224, 42.381779404808704], [-71.08383660603454, 42.38175684399008], [-71.08383892116643, 42.38175656427337], [-71.0839279775094, 42.38174510615198], [-71.08459788728108, 42.38166169826988], [-71.0846801990468, 42.38165282063825], [-71.08468406124605, 42.38165235202791], [-71.08499938172694, 42.3816098836837], [-71.0850015124233, 42.381609580771226], [-71.08593155981929, 42.38147034024544], [-71.0859357975149, 42.381469641571364], [-71.08610712032578, 42.38143877868723], [-71.08625652102468, 42.38141197442127], [-71.08626068178748, 42.38141115482045], [-71.08632205376739, 42.38139811701876], [-71.08632887430866, 42.38139649042099], [-71.08710198346073, 42.381191407214196], [-71.08714134584994, 42.381180748660924], [-71.08759979526761, 42.381066873802325], [-71.08760484837465, 42.38106551628059], [-71.08773524893432, 42.381027829570435], [-71.08822263002102, 42.380890379318465], [-71.08822639682637, 42.38088925754153], [-71.08827910342738, 42.38087273238998], [-71.08828239401586, 42.38087164221757], [-71.08861922324917, 42.38075506468486], [-71.08867878965246, 42.380747438885386], [-71.08868663352213, 42.38074621643337], [-71.088689209874, 42.38074571878396], [-71.08876182650462, 42.38073098233415], [-71.08877197463124, 42.38072852842091], [-71.08884234757039, 42.380708690089854], [-71.0888471437807, 42.38070724156709], [-71.08941525747444, 42.38052344811915], [-71.08945336434316, 42.38051153199937], [-71.089462115772, 42.38050817185628], [-71.08946983063431, 42.38050511681127], [-71.08959729055375, 42.380454294050864], [-71.09001022982015, 42.380289010244866], [-71.09072148300784, 42.38000414304878], [-71.09072993076222, 42.380000777227586], [-71.09073763588638, 42.37999770675816], [-71.0914672393546, 42.37970580779039], [-71.09149208931673, 42.37969684726937], [-71.09162142791627, 42.37965752467523], [-71.09175425204819, 42.37962467744867], [-71.09188957239046, 42.379597697076804], [-71.09202652923375, 42.379577341242786], [-71.09205758675827, 42.379574361597484], [-71.0921654794764, 42.37956344375285], [-71.09220108868561, 42.379561694688554], [-71.0923054524819, 42.379556076783935], [-71.09244549855416, 42.379555266677286], [-71.09258768526014, 42.37956107567175], [-71.09277940075907, 42.37957264068066], [-71.09306137143241, 42.37959008211334], [-71.09361241509745, 42.37962647753759], [-71.09362074794026, 42.379626789661685], [-71.09365916552458, 42.379627159433156], [-71.09366924807283, 42.379626916856374], [-71.09367595439774, 42.37962637606388], [-71.09371400622689, 42.379622438463834], [-71.09372540185065, 42.37962080507805], [-71.09373045013064, 42.379619782176555], [-71.09376726255311, 42.379611625949686], [-71.09377958707537, 42.37960829520089], [-71.09378390353874, 42.37960683217471], [-71.09381563615123, 42.37962842680755], [-71.09382881011635, 42.3796363373056], [-71.0938394160343, 42.379641764753686], [-71.09384131756129, 42.379642716765744], [-71.09385331468481, 42.379647823221006], [-71.0938648693575, 42.37965205483697], [-71.09386895844531, 42.37965347551684], [-71.09387981257353, 42.379656557695654], [-71.09389207250645, 42.37965950349119], [-71.09389853448013, 42.379660897435116], [-71.0939077354782, 42.37966235416381], [-71.09392044121184, 42.379663952003284], [-71.09392843709375, 42.37966473736565], [-71.09397465238894, 42.37966801456518], [-71.09469787374825, 42.379719300732255], [-71.09471720357948, 42.37971936162677], [-71.0947362542747, 42.37971693584904], [-71.09475444978868, 42.37971209699402], [-71.09477123668, 42.379704991659686], [-71.09478610720566, 42.37969583592713], [-71.09479861152137, 42.37968490640058], [-71.09480836985314, 42.379672535748846], [-71.09481508474343, 42.37965909654307], [-71.09481855564557, 42.37964499770695], [-71.0948186753898, 42.37963066739875], [-71.09481544120973, 42.379616537745356], [-71.0948089511452, 42.37960303762723], [-71.09479940171155, 42.37959057736546], [-71.09478708192033, 42.379579534296205], [-71.09477236606277, 42.379570241941984], [-71.0947556991849, 42.37956298275831], [-71.0947375862286, 42.379557977292315], [-71.09471857751214, 42.37955537602885], [-71.09399579617168, 42.37950412034539], [-71.09395786106136, 42.37950142965455], [-71.09389809411833, 42.37945888101015], [-71.0938782886235, 42.37944478826239], [-71.09386364165792, 42.37943613883747], [-71.09384724333924, 42.37942943684552], [-71.09382955871959, 42.379424873887665], [-71.09381109089139, 42.37942257958004], [-71.09379236643952, 42.37942261790123], [-71.09377391721051, 42.37942498982875], [-71.09375626700233, 42.37942962608994], [-71.0937399193642, 42.379436396121434], [-71.09371506813407, 42.37944883312167], [-71.09369559207765, 42.37945566862299], [-71.09367495148376, 42.379460242094], [-71.09365361209036, 42.379462449845846], [-71.0936278417755, 42.37946220217112], [-71.09308044325492, 42.37942604747947], [-71.0927976357864, 42.37940855451311], [-71.09260421416327, 42.379396887160226], [-71.09260131905282, 42.379396740064806], [-71.09245423802754, 42.37939073098987], [-71.0924472627748, 42.37939060904916], [-71.09230013633841, 42.37939145978611], [-71.09229296099197, 42.37939167383342], [-71.09218586681057, 42.379397439597064], [-71.09214630759165, 42.37939938441935], [-71.09213927827497, 42.37939992577816], [-71.09202823999982, 42.37941116284749], [-71.09199422395523, 42.379414425485166], [-71.09198664330151, 42.37941535110151], [-71.091842391679, 42.37943679195879], [-71.09183747585297, 42.37943760908228], [-71.09183538227109, 42.379438010383815], [-71.09169339940695, 42.37946631927375], [-71.09168710278827, 42.3794677238776], [-71.09154762499116, 42.37950221563173], [-71.09154062921378, 42.37950414171103], [-71.09140457606013, 42.37954550562082], [-71.0914025891213, 42.37954612696278], [-71.09139813869575, 42.37954764254084], [-71.09136799674184, 42.37955851175478], [-71.0913638117537, 42.37956010299798], [-71.09065393843147, 42.37984424984523], [-71.08987799783444, 42.37979243072549], [-71.08987396048488, 42.37979221917045], [-71.089803698799, 42.379789497391556], [-71.08978982608522, 42.379789603676755], [-71.08971937630301, 42.37979341544276], [-71.08970590823597, 42.37979478716074], [-71.08963692357013, 42.379805041137814], [-71.08963201132981, 42.37980585818], [-71.08962352007623, 42.37980768878005], [-71.08955679923565, 42.379824239273724], [-71.08954791734341, 42.37982676169386], [-71.08954394396567, 42.37982810604764], [-71.08948052681063, 42.379850696590886], [-71.08946842172539, 42.379855721998965], [-71.08940925267984, 42.37988402106301], [-71.08939813400963, 42.37989010331733], [-71.08934422893049, 42.37992362568148], [-71.08934077673867, 42.37992586407081], [-71.08933417713652, 42.379930715555375], [-71.08928633099175, 42.37996895990688], [-71.08928044615327, 42.37997406692003], [-71.0892701733428, 42.37998564391898], [-71.08923884897561, 42.38002871874357], [-71.08923609514488, 42.38003317702461], [-71.0892313345655, 42.380040926783984], [-71.08905073526368, 42.38032532637678], [-71.08903047057332, 42.38035511013141], [-71.08900835860483, 42.380378588891304], [-71.08898197800916, 42.38039950549135]], [[-71.08925968337275, 42.380394098967194], [-71.0892512033943, 42.38039661019533], [-71.08925637150013, 42.380388003019085], [-71.08925968337275, 42.380394098967194]], [[-71.08986029642526, 42.37995655795802], [-71.0902999964672, 42.37998592274285], [-71.08990473373139, 42.38014413314464], [-71.0894917951353, 42.38030941657748], [-71.08945999747964, 42.38032214387386], [-71.08944285854345, 42.38029058535199], [-71.08942917964008, 42.38025184500002], [-71.08942221476362, 42.380212143695765], [-71.0894220752299, 42.38017210213385], [-71.08942876042533, 42.380132373918954], [-71.0894417544195, 42.3800953663707], [-71.08945875975348, 42.38007323863717], [-71.0894922635157, 42.38004645858176], [-71.08953552610477, 42.380019554884655], [-71.08958295787868, 42.37999686857381], [-71.08963384748108, 42.37997874101553], [-71.08968738798269, 42.379965459219], [-71.0897427474715, 42.37995723088069], [-71.08979905083251, 42.379954185219376], [-71.08986029642526, 42.37995655795802]]]]}, "properties": {"OBJECTID_1": 16, "FID_1": 647, "FID_1_1": 647, "OBJECTID": 648, "Street": "WASHINGTON ST", "SUM_fixed_": 1.47626889555, "BUFF_DIST": 30, "ORIG_FID": 646, "Shape_Leng": 14949.8010927, "Count_": 185, "Count_1": 60, "Count_2": 21, "cpm_all": 125.315923513, "cpm_injury": 40.6430022206, "cpm_NM": 14.2250507772, "intersecti": " ", "Shape_Length": 14949.311715720005, "Shape_Area": 456038.40431157674}}]}