{"nodes":[[-71.444194,42.52008,72.6],[-71.444644,42.519841,70.3],[-71.450584,42.517022,86.2],[-71.448482,42.518012,82.3],[-71.448392,42.516726,86.6],[-71.4503,42.508786,76.9],[-71.448522,42.506395,91.9],[-71.447712,42.509838,71.2],[-71.445804,42.519257,72.1],[-71.448986,42.505499,99.5],[-71.448952,42.505414,99.5],[-71.450229,42.505744,102.7],[-71.449905,42.504509,104.8],[-71.442003,42.502434,104.7],[-71.448798,42.504549,102.4],[-71.44944,42.503486,94.9],[-71.448241,42.504465,100.2],[-71.439727,42.500791,87.0],[-71.440728,42.501429,95.9],[-71.450302,42.502478,86.1],[-71.450113,42.50338,94.9],[-71.450538,42.500729,78.0],[-71.450698,42.500775,77.3],[-71.447781,42.500644,87.3],[-71.446954,42.50192,90.9],[-71.442734,42.501977,104.7],[-71.447745,42.500654,87.3],[-71.442202,42.502336,104.9],[-71.442298,42.502288,105.1],[-71.441863,42.502305,104.5],[-71.448525,42.505474,98.5],[-71.438991,42.503448,90.4],[-71.440296,42.502119,95.3],[-71.443121,42.518358,70.4]],"nodeIds":[193688,241837,193692,193718,193693,193702,204937,241741,226890,204917,211243,211245,211242,211238,205227,205462,211241,205397,225003,211239,211240,211232,211233,211388,211234,211235,230143,211237,211236,218716,211244,211294,225004,241838],"names":["Nashoba Road","","Nagog Hill Road","Yellow","Blue","Red"],"edges":[[0,1,45.5,3,0,0,1.0,0.0,0.0,0],[2,3,204.5,3,0,1,1.0,0.0,0.0,0],[4,3,156.1,7,1,2,1.0,0.0,0.0,0],[5,6,305.6,5,2,3,1.0,0.0,15.1,0],[5,7,251.0,4,1,4,1.0,0.0,0.0,0],[3,8,259.5,3,0,5,1.0,0.0,0.0,0],[3,2,204.5,3,0,6,1.0,0.0,3.9,0],[3,4,156.1,7,1,7,1.0,0.0,4.4,0],[9,10,9.8,7,1,-1,1.0,0.0,0.0,0],[9,6,115.0,7,1,8,1.0,0.0,0.0,0],[9,11,106.2,7,1,9,1.0,0.0,3.2,0],[9,12,144.7,7,1,10,1.0,0.0,5.4,0],[6,5,305.6,5,2,11,1.0,0.0,0.0,0],[6,13,707.3,5,2,12,1.0,0.0,12.8,0],[6,9,115.0,7,1,13,1.0,0.0,7.5,0],[14,10,98.2,7,1,14,1.0,0.0,0.0,0],[14,15,139.7,7,1,15,1.0,0.0,0.0,0],[14,16,46.6,7,1,16,1.0,0.0,0.0,0],[17,18,108.5,5,2,17,1.0,0.0,8.8,0],[15,14,139.7,7,1,18,1.0,0.0,7.5,0],[15,19,138.1,7,1,19,1.0,0.0,0.0,0],[15,20,58.3,7,1,20,1.0,0.0,0.0,0],[21,22,14.1,4,3,-1,1.0,0.0,0.0,0],[21,23,317.9,4,3,21,1.0,0.0,9.2,0],[22,21,14.1,4,3,-1,1.0,0.0,0.7,0],[22,24,434.3,4,3,22,1.0,0.0,13.6,0],[24,22,434.3,4,3,23,1.0,0.0,0.0,0],[24,25,420.5,4,3,24,1.0,0.0,13.8,0],[24,26,158.6,4,4,25,1.0,0.0,0.0,0],[25,27,68.9,4,5,26,1.0,0.0,0.2,0],[25,24,420.5,4,3,27,1.0,0.0,0.0,0],[25,26,630.6,4,3,28,1.0,0.0,0.0,0],[28,27,9.5,7,1,-1,1.0,0.0,0.0,0],[27,28,9.5,7,1,-1,1.0,0.0,0.2,0],[27,13,19.6,7,1,-1,1.0,0.0,0.0,0],[27,25,68.9,4,5,29,1.0,0.0,0.0,0],[13,29,18.4,5,2,-1,1.0,0.0,0.0,0],[13,27,19.6,7,1,-1,1.0,0.0,0.2,0],[13,6,707.3,5,2,30,1.0,0.0,0.0,0],[19,15,138.1,7,1,31,1.0,0.0,8.9,0],[20,15,58.3,7,1,32,1.0,0.0,0.0,0],[16,14,46.6,7,1,33,1.0,0.0,2.2,0],[12,9,144.7,7,1,34,1.0,0.0,0.0,0],[10,9,9.8,7,1,-1,1.0,0.0,0.0,0],[10,30,35.7,7,1,-1,1.0,0.0,0.0,0],[10,14,98.2,7,1,35,1.0,0.0,3.0,0],[30,10,35.7,7,1,-1,1.0,0.0,1.0,0],[11,9,106.2,7,1,36,1.0,0.0,0.0,0],[31,29,286.4,4,5,37,1.0,0.0,14.0,0],[23,26,3.2,4,3,-1,1.0,0.0,0.0,0],[23,21,317.9,4,3,38,1.0,0.0,0.0,0],[29,13,18.4,5,2,-1,1.0,0.0,0.2,0],[29,18,135.2,5,2,39,1.0,0.0,0.0,0],[29,31,286.4,4,5,40,1.0,0.0,0.0,0],[18,29,135.2,5,2,41,1.0,0.0,8.6,0],[18,17,108.5,5,2,42,1.0,0.0,0.0,0],[18,32,87.3,7,1,43,1.0,0.0,0.0,0],[32,18,87.3,7,1,44,1.0,0.0,0.6,0],[8,1,115.1,3,0,45,1.0,0.0,0.0,0],[8,3,259.5,3,0,46,1.0,0.0,10.2,0],[26,23,3.2,4,3,-1,1.0,0.0,0.0,0],[26,25,630.6,4,3,47,1.0,0.0,17.4,0],[26,24,158.6,4,4,48,1.0,0.0,3.6,0],[7,5,251.0,4,1,49,1.0,0.0,5.7,0],[1,0,45.5,3,0,50,1.0,0.0,2.3,0],[1,8,115.1,3,0,51,1.0,0.0,1.8,0],[1,33,242.0,4,1,52,1.0,0.0,0.1,0],[33,1,242.0,4,1,53,1.0,0.0,0.0,0]],"geoms":[[-71.444194,42.52008,-71.444358,42.519992,-71.444644,42.519841],[-71.450584,42.517022,-71.450344,42.517138,-71.450077,42.517265,-71.449902,42.517348,-71.449795,42.517399,-71.449757,42.517417,-71.449528,42.517524,-71.448482,42.518012],[-71.448392,42.516726,-71.448481,42.5168,-71.448538,42.516914,-71.448246,42.51749,-71.448232,42.517553,-71.448231,42.517624,-71.448253,42.517696,-71.448283,42.517763,-71.448326,42.517823,-71.448482,42.518012],[-71.4503,42.508786,-71.450182,42.508604,-71.450074,42.508432,-71.449992,42.508288,-71.449881,42.50815,-71.449791,42.508057,-71.449698,42.507923,-71.449569,42.507725,-71.449465,42.507477,-71.44944,42.507409,-71.449415,42.507358,-71.449261,42.507165,-71.449121,42.506979,-71.44891,42.506753,-71.44873,42.50655,-71.448576,42.50643,-71.448522,42.506395],[-71.4503,42.508786,-71.450159,42.508929,-71.450048,42.509015,-71.449737,42.509082,-71.449029,42.50924,-71.448724,42.509293,-71.448276,42.509508,-71.447926,42.509666,-71.447738,42.509757,-71.447712,42.509838],[-71.448482,42.518012,-71.44794,42.518263,-71.447222,42.518596,-71.446895,42.518748,-71.446853,42.518768,-71.446529,42.518918,-71.446076,42.519128,-71.445804,42.519257],[-71.448482,42.518012,-71.449528,42.517524,-71.449757,42.517417,-71.449795,42.517399,-71.449902,42.517348,-71.450077,42.517265,-71.450344,42.517138,-71.450584,42.517022],[-71.448482,42.518012,-71.448326,42.517823,-71.448283,42.517763,-71.448253,42.517696,-71.448231,42.517624,-71.448232,42.517553,-71.448246,42.51749,-71.448538,42.516914,-71.448481,42.5168,-71.448392,42.516726],[-71.448986,42.505499,-71.448959,42.505609,-71.448959,42.505828,-71.448942,42.505994,-71.448926,42.506111,-71.448871,42.506196,-71.448686,42.506294,-71.448522,42.506395],[-71.448986,42.505499,-71.449393,42.505526,-71.450229,42.505744],[-71.448986,42.505499,-71.449008,42.50541,-71.449069,42.505236,-71.449129,42.505119,-71.449227,42.504961,-71.449326,42.504787,-71.449557,42.504564,-71.449905,42.504509],[-71.448522,42.506395,-71.448576,42.50643,-71.44873,42.50655,-71.44891,42.506753,-71.449121,42.506979,-71.449261,42.507165,-71.449415,42.507358,-71.44944,42.507409,-71.449465,42.507477,-71.449569,42.507725,-71.449698,42.507923,-71.449791,42.508057,-71.449881,42.50815,-71.449992,42.508288,-71.450074,42.508432,-71.450182,42.508604,-71.4503,42.508786],[-71.448522,42.506395,-71.448372,42.506332,-71.448113,42.506238,-71.447745,42.506116,-71.447189,42.505952,-71.447097,42.505915,-71.446935,42.505854,-71.44679,42.505793,-71.446611,42.505661,-71.446457,42.505549,-71.446287,42.505419,-71.446129,42.505323,-71.445989,42.50525,-71.445963,42.505237,-71.445745,42.50516,-71.445454,42.505067,-71.44521,42.504984,-71.444981,42.504876,-71.444708,42.504706,-71.4444,42.504503,-71.444077,42.504287,-71.443765,42.50407,-71.443526,42.503909,-71.443278,42.503739,-71.443112,42.503619,-71.443018,42.503558,-71.442744,42.503253,-71.44255,42.502994,-71.442281,42.502713,-71.442159,42.502578,-71.442003,42.502434],[-71.448522,42.506395,-71.448686,42.506294,-71.448871,42.506196,-71.448926,42.506111,-71.448942,42.505994,-71.448959,42.505828,-71.448959,42.505609,-71.448986,42.505499],[-71.448798,42.504549,-71.448876,42.504733,-71.448932,42.504842,-71.448955,42.504954,-71.448961,42.505168,-71.448952,42.505414],[-71.448798,42.504549,-71.448776,42.504408,-71.448774,42.50427,-71.448784,42.504168,-71.448832,42.504044,-71.448891,42.503912,-71.448964,42.50378,-71.449017,42.503714,-71.44944,42.503486],[-71.448798,42.504549,-71.448584,42.504517,-71.448241,42.504465],[-71.439727,42.500791,-71.440271,42.501136,-71.440728,42.501429],[-71.44944,42.503486,-71.449017,42.503714,-71.448964,42.50378,-71.448891,42.503912,-71.448832,42.504044,-71.448784,42.504168,-71.448774,42.50427,-71.448776,42.504408,-71.448798,42.504549],[-71.44944,42.503486,-71.449569,42.503174,-71.449683,42.502873,-71.450302,42.502478],[-71.44944,42.503486,-71.449848,42.503488,-71.450113,42.50338],[-71.450538,42.500729,-71.450415,42.500756,-71.45017,42.500859,-71.450037,42.50084,-71.450014,42.500807,-71.449986,42.500732,-71.449913,42.500615,-71.449895,42.500504,-71.449796,42.50038,-71.449621,42.500479,-71.449562,42.500553,-71.449434,42.500563,-71.449344,42.500608,-71.449313,42.500735,-71.449118,42.500808,-71.448871,42.50088,-71.448727,42.500884,-71.448436,42.500613,-71.448248,42.500571,-71.448235,42.500519,-71.448094,42.500507,-71.44801,42.500611,-71.447781,42.500644],