{"nodes":[[-71.446818,42.359395,57.3],[-71.446808,42.360347,52.9],[-71.445383,42.359257,59.4],[-71.449962,42.359199,54.4],[-71.442038,42.359201,57.7],[-71.443361,42.359013,61.0],[-71.441692,42.358905,63.1],[-71.444207,42.35891,62.8],[-71.440695,42.35931,67.4],[-71.448196,42.359919,57.2],[-71.447799,42.359924,56.7],[-71.448263,42.359918,57.1],[-71.44777,42.359817,56.7],[-71.444453,42.360508,54.2],[-71.44447,42.3596,62.8]],"nodeIds":[202170,202595,209257,202351,202180,227008,227009,202210,209358,221565,221568,221570,221567,224313,224314],"names":["Uplook Drive","Easy Street",""],"edges":[[0,1,105.9,5,0,-1,1.0,125.0,0.0,0],[0,2,120.7,5,1,0,1.0,0.0,2.0,0],[0,3,262.2,5,1,1,1.0,0.0,0.0,0],[4,5,112.1,7,2,2,1.0,0.0,3.3,0],[4,6,43.5,7,2,3,1.0,0.0,5.4,0],[7,5,70.5,7,2,4,1.0,0.0,0.0,0],[3,0,262.2,5,1,5,1.0,0.0,2.9,0],[1,0,105.9,5,0,-1,1.0,125.0,4.5,0],[2,0,120.7,5,1,6,1.0,0.0,0.0,0],[8,6,98.1,7,2,7,1.0,0.0,0.0,0],[9,10,32.6,5,2,-1,1.0,0.0,0.0,0],[9,11,5.5,5,2,-1,1.0,0.0,0.0,0],[12,10,12.1,5,2,-1,1.0,0.0,0.0,0],[10,12,12.1,5,2,-1,1.0,0.0,0.0,0],[10,9,32.6,5,2,-1,1.0,0.0,0.5,0],[11,9,5.5,5,2,-1,1.0,0.0,0.1,0],[13,14,102.9,7,2,8,1.0,125.0,8.6,0],[14,13,102.9,7,2,9,1.0,125.0,0.0,0],[5,4,112.1,7,2,10,1.0,0.0,0.0,0],[5,7,70.5,7,2,11,1.0,0.0,1.8,0],[5,6,175.8,7,2,12,1.0,0.0,2.1,0],[6,4,43.5,7,2,13,1.0,0.0,0.0,0],[6,8,98.1,7,2,14,1.0,0.0,4.3,0],[6,5,175.8,7,2,15,1.0,0.0,0.0,0]],"geoms":[[-71.446818,42.359395,-71.446519,42.359406,-71.446323,42.359408,-71.446087,42.359408,-71.445996,42.359401,-71.445905,42.359389,-71.445842,42.35938,-71.445785,42.359369,-71.445707,42.359351,-71.445631,42.359331,-71.445383,42.359257],[-71.446818,42.359395,-71.447325,42.359351,-71.447644,42.359317,-71.44802,42.359269,-71.448433,42.359197,-71.448556,42.359168,-71.448711,42.359133,-71.448789,42.359118,-71.448853,42.359111,-71.448912,42.359109,-71.449015,42.359116,-71.449214,42.359134,-71.449425,42.359154,-71.449626,42.35918,-71.449746,42.359189,-71.449962,42.359199],[-71.442038,42.359201,-71.442053,42.359193,-71.442114,42.359161,-71.44218,42.35913,-71.442469,42.359095,-71.442683,42.359085,-71.442971,42.35906,-71.443361,42.359013],[-71.442038,42.359201,-71.441911,42.359078,-71.441692,42.358905],[-71.444207,42.35891,-71.444086,42.358932,-71.443979,42.358947,-71.443737,42.358972,-71.443478,42.358999,-71.443361,42.359013],[-71.449962,42.359199,-71.449746,42.359189,-71.449626,42.35918,-71.449425,42.359154,-71.449214,42.359134,-71.449015,42.359116,-71.448912,42.359109,-71.448853,42.359111,-71.448789,42.359118,-71.448711,42.359133,-71.448556,42.359168,-71.448433,42.359197,-71.44802,42.359269,-71.447644,42.359317,-71.447325,42.359351,-71.446818,42.359395],[-71.445383,42.359257,-71.445631,42.359331,-71.445707,42.359351,-71.445785,42.359369,-71.445842,42.35938,-71.445905,42.359389,-71.445996,42.359401,-71.446087,42.359408,-71.446323,42.359408,-71.446519,42.359406,-71.446818,42.359395],[-71.440695,42.35931,-71.440981,42.35918,-71.441131,42.359124,-71.441312,42.359049,-71.441467,42.358971,-71.441645,42.358868,-71.441692,42.358905],[-71.444453,42.360508,-71.444434,42.360352,-71.444536,42.35977,-71.444513,42.359648,-71.44447,42.3596],[-71.44447,42.3596,-71.444513,42.359648,-71.444536,42.35977,-71.444434,42.360352,-71.444453,42.360508],[-71.443361,42.359013,-71.442971,42.35906,-71.442683,42.359085,-71.442469,42.359095,-71.44218,42.35913,-71.442114,42.359161,-71.442053,42.359193,-71.442038,42.359201],[-71.443361,42.359013,-71.443478,42.358999,-71.443737,42.358972,-71.443979,42.358947,-71.444086,42.358932,-71.444207,42.35891],[-71.443361,42.359013,-71.443319,42.358927,-71.443189,42.358835,-71.443019,42.35875,-71.442749,42.358664,-71.44262,42.358606,-71.442556,42.35857,-71.442461,42.358528,-71.442343,42.358509,-71.442196,42.358527,-71.442081,42.358576,-71.442001,42.358647,-71.441909,42.358733,-71.441692,42.358905],[-71.441692,42.358905,-71.441911,42.359078,-71.442038,42.359201],[-71.441692,42.358905,-71.441645,42.358868,-71.441467,42.358971,-71.441312,42.359049,-71.441131,42.359124,-71.440981,42.35918,-71.440695,42.35931],[-71.441692,42.358905,-71.441909,42.358733,-71.442001,42.358647,-71.442081,42.358576,-71.442196,42.358527,-71.442343,42.358509,-71.442461,42.358528,-71.442556,42.35857,-71.44262,42.358606,-71.442749,42.358664,-71.443019,42.35875,-71.443189,42.358835,-71.443319,42.358927,-71.443361,42.359013]]}