{"nodes":[[-71.44152,42.11903,58.9],[-71.441105,42.119632,59.3],[-71.444681,42.117177,59.5],[-71.44052,42.12044,60.3],[-71.443505,42.106394,76.2],[-71.444358,42.106715,76.8],[-71.443171,42.1193,58.4],[-71.446328,42.107221,73.0],[-71.447298,42.107311,72.1],[-71.446071,42.108246,74.3],[-71.444501,42.106068,76.6],[-71.44267,42.110072,68.2],[-71.44785,42.110592,71.7],[-71.44762,42.116282,63.7],[-71.445132,42.118171,57.5],[-71.447119,42.109224,73.2],[-71.448177,42.111232,69.9],[-71.449031,42.103251,69.5],[-71.447911,42.104687,70.3],[-71.45092,42.099884,71.9],[-71.448118,42.102977,67.4],[-71.451742,42.110071,73.1],[-71.44958,42.11561,70.2],[-71.45256,42.11874,65.2],[-71.448791,42.115222,70.1],[-71.446106,42.10967,73.7],[-71.448784,42.118074,63.3],[-71.44808,42.12151,61.6],[-71.447461,42.102811,65.8],[-71.447304,42.102763,65.4],[-71.447305,42.1007,67.0],[-71.44764,42.102684,66.1],[-71.448139,42.102666,68.5],[-71.447871,42.101474,60.8],[-71.44833,42.104779,69.9],[-71.445762,42.11953,60.9],[-71.445706,42.118228,58.1],[-71.447357,42.11557,64.3],[-71.44766,42.114937,66.6],[-71.448102,42.114853,68.7],[-71.447959,42.114775,67.9]],"nodeIds":[144041,144293,157618,144044,144284,144388,173710,144355,157623,184048,184049,144465,157619,157637,177832,157635,157646,157621,174355,170381,170379,157625,157634,157642,184046,174651,180972,157639,157640,176122,170380,170376,170378,170377,174356,181080,177833,184043,184044,184045,184047],"names":["Pine Street","","Bainbridge Road","Maple Street","Greenbriar Lane","Brittany Road","Ray Avenue"],"edges":[[0,1,75.2,5,0,0,1.0,0.0,0.4,0],[0,2,344.4,5,0,1,1.0,0.0,0.6,0],[3,1,102.0,5,0,2,1.0,0.0,0.0,0],[4,5,78.9,7,1,-1,1.0,0.0,0.6,0],[1,0,75.2,5,0,3,1.0,0.0,0.0,0],[1,6,208.4,7,1,4,1.0,0.0,0.0,0],[7,5,174.7,7,1,5,1.0,0.0,3.9,0],[7,8,80.7,7,1,6,1.0,125.0,0.0,0],[7,9,116.0,7,1,7,1.0,0.0,1.3,0],[5,4,78.9,7,1,-1,1.0,0.0,0.0,0],[5,7,174.7,7,1,8,1.0,0.0,0.0,0],[5,10,73.2,7,1,9,1.0,0.0,0.0,0],[11,12,457.7,7,1,10,1.0,125.0,3.5,0],[2,0,344.4,5,0,11,1.0,0.0,0.0,0],[2,13,262.1,5,0,12,1.0,0.0,4.2,0],[2,14,116.8,5,2,13,1.0,0.0,0.0,0],[12,11,457.7,7,1,14,1.0,125.0,0.0,0],[12,15,163.7,1,3,15,1.0,0.0,1.5,1],[12,16,76.2,1,3,16,1.0,0.0,0.0,1],[17,18,184.6,1,3,17,1.0,0.0,0.8,1],[17,19,414.6,1,3,18,1.0,0.0,2.4,1],[17,20,81.2,7,1,19,1.0,125.0,0.0,0],[8,7,80.7,7,1,20,1.0,125.0,0.8,0],[8,18,298.7,1,3,21,1.0,0.0,0.0,1],[8,15,215.1,1,3,22,1.0,0.0,1.1,1],[21,16,325.2,7,1,23,1.0,125.0,0.0,0],[22,13,178.1,5,0,24,1.0,125.0,0.0,0],[22,16,507.3,1,3,25,1.0,0.0,0.0,1],[22,23,428.1,1,3,26,1.0,0.0,0.0,1],[22,24,78.3,5,4,27,1.0,125.0,0.0,0],[15,8,215.1,1,3,28,1.0,0.0,0.0,1],[15,12,163.7,1,3,29,1.0,0.0,0.0,1],[15,25,100.4,7,1,30,1.0,125.0,0.5,0],[13,2,262.1,5,0,31,1.0,0.0,0.0,0],[13,22,178.1,5,0,32,1.0,125.0,6.5,0],[13,26,259.9,7,5,33,1.0,0.0,0.0,0],[27,23,614.6,5,6,34,1.0,125.0,3.6,0],[28,29,14.0,7,1,-1,1.0,0.0,0.0,0],[28,20,57.3,7,1,-1,1.0,0.0,1.5,0],[28,30,259.1,7,1,35,1.0,0.0,1.2,0],[23,27,614.6,5,6,36,1.0,125.0,0.0,0],[23,22,428.1,1,3,37,1.0,0.0,5.0,1],[16,21,325.2,7,1,38,1.0,125.0,3.2,0],[16,12,76.2,1,3,39,1.0,0.0,1.9,1],[16,22,507.3,1,3,40,1.0,0.0,0.3,1],[31,32,41.2,7,1,-1,1.0,0.0,2.5,0],[33,32,140.9,7,1,41,1.0,0.0,7.7,0],[32,31,41.2,7,1,-1,1.0,0.0,0.0,0],[32,33,140.9,7,1,42,1.0,0.0,0.0,0],[32,20,35.5,7,1,43,1.0,0.0,0.0,0],[20,28,57.3,7,1,-1,1.0,0.0,0.0,0],[20,17,81.2,7,1,44,1.0,125.0,2.1,0],[20,32,35.5,7,1,45,1.0,0.0,1.1,0],[30,28,259.1,7,1,46,1.0,0.0,0.0,0],[19,17,414.6,1,3,47,1.0,0.0,0.0,1],[6,1,208.4,7,1,48,1.0,0.0,0.9,0],[18,34,37.1,7,1,49,1.0,125.0,0.0,0],[18,8,298.7,1,3,50,1.0,0.0,1.9,1],[18,17,184.6,1,3,51,1.0,0.0,0.0,1],[34,34,189.6,7,1,52,1.0,0.0,0.0,0],[34,34,189.6,7,1,53,1.0,0.0,0.0,0],[34,18,37.1,7,1,54,1.0,125.0,0.4,0],[25,25,178.4,7,1,55,1.0,0.0,0.0,0],[25,25,178.4,7,1,56,1.0,0.0,0.0,0],[25,15,100.4,7,1,57,1.0,125.0,0.0,0],[29,28,14.0,7,1,-1,1.0,0.0,0.4,0],[29,29,229.9,7,1,58,1.0,0.0,0.0,0],[29,29,229.9,7,1,59,1.0,0.0,0.0,0],[14,2,116.8,5,2,60,1.0,0.0,1.9,0],[14,35,215.9,7,2,61,1.0,0.0,3.4,0],[14,36,48.1,7,1,62,1.0,0.0,0.5,0],[36,14,48.1,7,1,63,1.0,0.0,0.0,0],[26,13,259.9,7,5,64,1.0,0.0,0.4,0],[35,14,215.9,7,2,65,1.0,0.0,0.0,0],[37,24,124.7,7,1,66,1.0,0.0,5.8,0],[38,39,37.6,7,1,-1,1.0,0.0,2.1,0],[39,38,37.6,7,1,-1,1.0,0.0,0.0,0],[39,24,70.1,5,4,-1,1.0,0.0,1.4,0],[39,40,14.6,5,4,-1,1.0,0.0,0.0,0],[24,39,70.1,5,4,-1,1.0,0.0,0.0,0],[24,37,124.7,7,1,67,1.0,0.0,0.0,0],[24,22,78.3,5,4,68,1.0,125.0,0.1,0],[40,39,14.6,5,4,-1,1.0,0.0,0.8,0],[9,7,116.0,7,1,69,1.0,0.0,0.0,0],[10,5,73.2,7,1,70,1.0,0.0,0.2,0]],