{"nodes":[[-71.447278,42.560876,88.2],[-71.447582,42.560803,87.2],[-71.446873,42.560728,88.5],[-71.44716,42.56111,91.2],[-71.447509,42.561142,89.9],[-71.446954,42.561879,96.1],[-71.448199,42.560635,84.4],[-71.448155,42.561574,92.0],[-71.449108,42.559342,81.1],[-71.447255,42.56013,84.3],[-71.446293,42.561467,97.9]],"nodeIds":[203066,218579,203165,203319,203149,226490,203155,226489,203185,203256,214842],"names":["April Lane",""],"edges":[[0,1,26.2,5,0,-1,1.0,0.0,0.0,0],[0,2,51.7,7,1,0,1.0,0.0,0.3,0],[0,3,31.6,5,0,1,1.0,0.0,3.0,0],[4,5,96.2,7,1,2,1.0,0.0,6.2,0],[4,1,39.0,5,0,3,1.0,0.0,0.0,0],[4,3,33.3,5,0,4,1.0,0.0,1.2,0],[6,7,116.9,7,1,5,1.0,0.0,7.6,0],[6,1,53.8,5,0,6,1.0,0.0,2.8,0],[6,8,168.6,5,0,7,1.0,0.0,0.0,0],[2,0,51.7,7,1,8,1.0,0.0,0.0,0],[8,6,168.6,5,0,9,1.0,0.0,3.3,0],[9,10,344.9,4,1,10,1.0,0.0,13.6,0],[3,10,83.3,7,1,11,1.0,0.0,6.7,0],[3,4,33.3,5,0,12,1.0,0.0,0.0,0],[3,0,31.6,5,0,13,1.0,0.0,0.0,0],[10,3,83.3,7,1,14,1.0,0.0,0.0,0],[1,0,26.2,5,0,-1,1.0,0.0,1.0,0],[1,6,53.8,5,0,15,1.0,0.0,0.0,0],[1,4,39.0,5,0,16,1.0,0.0,2.8,0],[7,6,116.9,7,1,17,1.0,0.0,0.0,0],[5,4,96.2,7,1,18,1.0,0.0,0.0,0]],"geoms":[[-71.447278,42.560876,-71.447254,42.560756,-71.447194,42.560679,-71.447133,42.560659,-71.447062,42.560664,-71.446873,42.560728],[-71.447278,42.560876,-71.447229,42.560894,-71.447187,42.56092,-71.447155,42.560954,-71.447136,42.560992,-71.447131,42.561032,-71.447139,42.561073,-71.44716,42.56111],[-71.447509,42.561142,-71.447494,42.561254,-71.44746,42.56136,-71.447367,42.561511,-71.447296,42.561587,-71.447168,42.561693,-71.446954,42.561879],[-71.447509,42.561142,-71.447544,42.561107,-71.447565,42.561066,-71.447571,42.561023,-71.447582,42.560803],[-71.447509,42.561142,-71.447464,42.561168,-71.447411,42.561185,-71.447353,42.561191,-71.447295,42.561186,-71.447242,42.56117,-71.447195,42.561144,-71.44716,42.56111],[-71.448199,42.560635,-71.448324,42.560806,-71.448354,42.560906,-71.448347,42.560984,-71.448318,42.561068,-71.448201,42.561142,-71.448103,42.561225,-71.448059,42.561302,-71.448068,42.561394,-71.448111,42.561492,-71.448155,42.561574],[-71.448199,42.560635,-71.44765,42.560786,-71.447582,42.560803],[-71.448199,42.560635,-71.44832,42.560594,-71.448426,42.560547,-71.448516,42.560494,-71.448587,42.560435,-71.448648,42.560364,-71.448705,42.56029,-71.448754,42.560194,-71.448802,42.560093,-71.449108,42.559342],[-71.446873,42.560728,-71.447062,42.560664,-71.447133,42.560659,-71.447194,42.560679,-71.447254,42.560756,-71.447278,42.560876],[-71.449108,42.559342,-71.448802,42.560093,-71.448754,42.560194,-71.448705,42.56029,-71.448648,42.560364,-71.448587,42.560435,-71.448516,42.560494,-71.448426,42.560547,-71.44832,42.560594,-71.448199,42.560635],[-71.447255,42.56013,-71.447095,42.559899,-71.446515,42.55982,-71.445657,42.560057,-71.445314,42.560247,-71.446293,42.561467],[-71.44716,42.56111,-71.446954,42.561227,-71.446613,42.561419,-71.446462,42.561448,-71.446293,42.561467],[-71.44716,42.56111,-71.447195,42.561144,-71.447242,42.56117,-71.447295,42.561186,-71.447353,42.561191,-71.447411,42.561185,-71.447464,42.561168,-71.447509,42.561142],[-71.44716,42.56111,-71.447139,42.561073,-71.447131,42.561032,-71.447136,42.560992,-71.447155,42.560954,-71.447187,42.56092,-71.447229,42.560894,-71.447278,42.560876],[-71.446293,42.561467,-71.446462,42.561448,-71.446613,42.561419,-71.446954,42.561227,-71.44716,42.56111],[-71.447582,42.560803,-71.44765,42.560786,-71.448199,42.560635],[-71.447582,42.560803,-71.447571,42.561023,-71.447565,42.561066,-71.447544,42.561107,-71.447509,42.561142],[-71.448155,42.561574,-71.448111,42.561492,-71.448068,42.561394,-71.448059,42.561302,-71.448103,42.561225,-71.448201,42.561142,-71.448318,42.561068,-71.448347,42.560984,-71.448354,42.560906,-71.448324,42.560806,-71.448199,42.560635],[-71.446954,42.561879,-71.447168,42.561693,-71.447296,42.561587,-71.447367,42.561511,-71.44746,42.56136,-71.447494,42.561254,-71.447509,42.561142]]}