{"nodes":[[-71.42065,42.09987,112.4],[-71.42632,42.10056,92.8],[-71.42886,42.09994,77.7],[-71.42781,42.09961,85.7],[-71.42796,42.10038,85.3]],"nodeIds":[144094,144444,144110,144199,144257],"names":["Martello Road","White Avenue","Pond Street"],"edges":[[0,1,584.4,5,0,0,1.0,0.0,0.0,0],[2,3,102.5,5,1,1,1.0,125.0,8.1,0],[3,4,86.5,1,2,-1,1.0,0.0,0.0,1],[3,2,102.5,5,1,2,1.0,125.0,0.0,0],[4,3,86.5,1,2,-1,1.0,0.0,0.4,1],[1,0,584.4,5,0,3,1.0,0.0,19.6,0]],"geoms":[[-71.42065,42.09987,-71.42273,42.09963,-71.42349,42.09953,-71.42397,42.09946,-71.42493,42.09929,-71.42539,42.09922,-71.42556,42.09922,-71.42575,42.09926,-71.42583,42.0993,-71.42596,42.0994,-71.42601,42.09947,-71.42606,42.09957,-71.42622,42.10021,-71.42632,42.10056],[-71.42886,42.09994,-71.42872,42.09985,-71.42841,42.09963,-71.42831,42.09959,-71.42819,42.09956,-71.42809,42.09956,-71.42781,42.09961],[-71.42781,42.09961,-71.42809,42.09956,-71.42819,42.09956,-71.42831,42.09959,-71.42841,42.09963,-71.42872,42.09985,-71.42886,42.09994],[-71.42632,42.10056,-71.42622,42.10021,-71.42606,42.09957,-71.42601,42.09947,-71.42596,42.0994,-71.42583,42.0993,-71.42575,42.09926,-71.42556,42.09922,-71.42539,42.09922,-71.42493,42.09929,-71.42397,42.09946,-71.42349,42.09953,-71.42273,42.09963,-71.42065,42.09987]]}