{"nodes":[[-71.40643,42.10167,87.8],[-71.405034,42.099271,88.1],[-71.42083,42.10051,107.4],[-71.417544,42.097046,113.5],[-71.409602,42.09911,84.4],[-71.41074,42.10133,89.0],[-71.40845,42.10014,85.0],[-71.407512,42.099632,89.4]],"nodeIds":[143985,171494,144128,144366,144187,144484,144417,144203],"names":["Maple Street","Irondequoit Road","Marissa Lane","Angelo Way","Lydia Lane"],"edges":[[0,1,290.7,5,0,0,1.0,0.0,0.4,0],[2,3,503.4,5,1,1,1.0,0.0,6.1,0],[4,5,295.2,5,2,2,1.0,0.0,4.5,0],[4,6,152.2,5,3,3,1.0,0.0,0.6,0],[7,6,96.0,5,4,4,1.0,0.0,0.0,0],[3,2,503.4,5,1,5,1.0,0.0,0.0,0],[6,7,96.0,5,4,6,1.0,0.0,4.4,0],[6,4,152.2,5,3,7,1.0,0.0,0.0,0],[5,4,295.2,5,2,8,1.0,0.0,0.0,0]],"geoms":[[-71.40643,42.10167,-71.40611,42.10111,-71.40553,42.10005,-71.405426,42.099873,-71.40528,42.09962,-71.405034,42.099271],[-71.42083,42.10051,-71.42069,42.10053,-71.42039,42.10053,-71.42027,42.10049,-71.42004,42.10035,-71.41891,42.09955,-71.41875,42.09943,-71.41866,42.09931,-71.41836,42.09886,-71.41813,42.0984,-71.41772,42.09751,-71.417544,42.097046],[-71.409602,42.09911,-71.409646,42.099159,-71.409669,42.099183,-71.409716,42.099229,-71.410092,42.099606,-71.410215,42.099722,-71.410233,42.099794,-71.410237,42.099862,-71.410236,42.099895,-71.410528,42.100193,-71.411017,42.100504,-71.411044,42.100558,-71.411013,42.100638,-71.410943,42.100782,-71.410945,42.100947,-71.41074,42.10133],[-71.409602,42.09911,-71.40954,42.099135,-71.40929,42.099244,-71.40924,42.09928,-71.409196,42.099302,-71.409154,42.099328,-71.409044,42.099419,-71.408988,42.099464,-71.40894,42.099525,-71.408868,42.09964,-71.40845,42.10014],[-71.407512,42.099632,-71.40765,42.09971,-71.407819,42.099815,-71.40802,42.09994,-71.40845,42.10014],[-71.417544,42.097046,-71.41772,42.09751,-71.41813,42.0984,-71.41836,42.09886,-71.41866,42.09931,-71.41875,42.09943,-71.41891,42.09955,-71.42004,42.10035,-71.42027,42.10049,-71.42039,42.10053,-71.42069,42.10053,-71.42083,42.10051],[-71.40845,42.10014,-71.40802,42.09994,-71.407819,42.099815,-71.40765,42.09971,-71.407512,42.099632],[-71.40845,42.10014,-71.408868,42.09964,-71.40894,42.099525,-71.408988,42.099464,-71.409044,42.099419,-71.409154,42.099328,-71.409196,42.099302,-71.40924,42.09928,-71.40929,42.099244,-71.40954,42.099135,-71.409602,42.09911],[-71.41074,42.10133,-71.410945,42.100947,-71.410943,42.100782,-71.411013,42.100638,-71.411044,42.100558,-71.411017,42.100504,-71.410528,42.100193,-71.410236,42.099895,-71.410237,42.099862,-71.410233,42.099794,-71.410215,42.099722,-71.410092,42.099606,-71.409716,42.099229,-71.409669,42.099183,-71.409646,42.099159,-71.409602,42.09911]]}