{"nodes":[[-71.38981,42.09864,89.8],[-71.39001,42.10168,85.2],[-71.38068,42.09853,77.1],[-71.379381,42.100268,77.8],[-71.394201,42.099805,96.5],[-71.394095,42.100188,96.8],[-71.396062,42.100125,93.5],[-71.39543,42.09867,94.5]],"nodeIds":[143990,144024,144032,144394,144192,144290,144263,144310],"names":["Mackintosh Street","Pleasant Street","York Lane","Lincoln Street"],"edges":[[0,1,360.2,5,0,0,1.0,0.0,0.0,0],[1,0,360.2,5,0,1,1.0,0.0,4.6,0],[2,3,221.9,3,1,2,1.0,0.0,0.7,0],[4,5,43.4,5,2,3,1.0,0.0,0.2,0],[6,7,174.4,1,3,4,1.0,0.0,1.0,1],[5,4,43.4,5,2,5,1.0,0.0,0.0,0],[7,6,174.4,1,3,6,1.0,0.0,0.0,1],[3,2,221.9,3,1,7,1.0,0.0,0.0,0]],"geoms":[[-71.38981,42.09864,-71.38974,42.09868,-71.389689,42.098741,-71.38967,42.09877,-71.38964,42.0989,-71.38956,42.09939,-71.38955,42.09957,-71.38956,42.09963,-71.3896,42.0997,-71.38974,42.09984,-71.39001,42.10006,-71.39013,42.10021,-71.39016,42.10027,-71.39018,42.10042,-71.39014,42.10074,-71.39005,42.1013,-71.39001,42.10168],[-71.39001,42.10168,-71.39005,42.1013,-71.39014,42.10074,-71.39018,42.10042,-71.39016,42.10027,-71.39013,42.10021,-71.39001,42.10006,-71.38974,42.09984,-71.3896,42.0997,-71.38956,42.09963,-71.38955,42.09957,-71.38956,42.09939,-71.38964,42.0989,-71.38967,42.09877,-71.389689,42.098741,-71.38974,42.09868,-71.38981,42.09864],[-71.38068,42.09853,-71.38029,42.09891,-71.38006,42.0992,-71.3798,42.09957,-71.379381,42.100268],[-71.394201,42.099805,-71.394189,42.099862,-71.394161,42.099961,-71.394095,42.100188],[-71.396062,42.100125,-71.39603,42.09967,-71.396,42.0995,-71.39596,42.09936,-71.39589,42.09922,-71.3958,42.09908,-71.39564,42.09888,-71.39543,42.09867],[-71.394095,42.100188,-71.394161,42.099961,-71.394189,42.099862,-71.394201,42.099805],[-71.39543,42.09867,-71.39564,42.09888,-71.3958,42.09908,-71.39589,42.09922,-71.39596,42.09936,-71.396,42.0995,-71.39603,42.09967,-71.396062,42.100125],[-71.379381,42.100268,-71.3798,42.09957,-71.38006,42.0992,-71.38029,42.09891,-71.38068,42.09853]]}