{"nodes":[[-71.35037,42.09903,68.5],[-71.35319,42.10163,73.1],[-71.343509,42.099233,72.1],[-71.345603,42.100541,72.5],[-71.346531,42.099826,74.5],[-71.346935,42.100025,71.0]],"nodeIds":[149780,149866,149791,172622,178396,178397],"names":["Bush Pond Road","Essex Street",""],"edges":[[0,1,396.4,5,0,0,1.0,125.0,4.6,0],[2,3,232.6,5,1,1,1.0,0.0,0.4,0],[1,0,396.4,5,0,2,1.0,125.0,0.0,0],[3,2,232.6,5,1,3,1.0,0.0,0.0,0],[4,5,47.7,7,2,4,1.0,0.0,0.0,0],[5,4,47.7,7,2,5,1.0,0.0,3.5,0]],"geoms":[[-71.35037,42.09903,-71.35115,42.099282,-71.35139,42.09936,-71.35157,42.09943,-71.35169,42.0995,-71.35185,42.09962,-71.35194,42.09972,-71.35208,42.09993,-71.35219,42.10013,-71.3528,42.10143,-71.35288,42.10151,-71.352978,42.101548,-71.35319,42.10163],[-71.343509,42.099233,-71.343614,42.099412,-71.343799,42.099617,-71.344507,42.099905,-71.345075,42.100117,-71.345505,42.100431,-71.345603,42.100541],[-71.35319,42.10163,-71.352978,42.101548,-71.35288,42.10151,-71.3528,42.10143,-71.35219,42.10013,-71.35208,42.09993,-71.35194,42.09972,-71.35185,42.09962,-71.35169,42.0995,-71.35157,42.09943,-71.35139,42.09936,-71.35115,42.099282,-71.35037,42.09903],[-71.345603,42.100541,-71.345505,42.100431,-71.345075,42.100117,-71.344507,42.099905,-71.343799,42.099617,-71.343614,42.099412,-71.343509,42.099233],[-71.346531,42.099826,-71.346676,42.099852,-71.346768,42.099875,-71.346832,42.099893,-71.346878,42.099916,-71.346909,42.099942,-71.346941,42.099977,-71.346965,42.099998,-71.346971,42.100021,-71.346935,42.100025],[-71.346935,42.100025,-71.346971,42.100021,-71.346965,42.099998,-71.346941,42.099977,-71.346909,42.099942,-71.346878,42.099916,-71.346832,42.099893,-71.346768,42.099875,-71.346676,42.099852,-71.346531,42.099826]]}