{"nodes":[[-71.32239,42.24046,75.4],[-71.31997,42.24004,79.6],[-71.31953,42.24214,81.8],[-71.32153,42.2426,75.9],[-71.323503,42.250168,58.0],[-71.317649,42.249453,79.3],[-71.326064,42.242325,57.9],[-71.31968,42.241486,81.4]],"nodeIds":[27099,27118,27197,27264,35319,35333,67486,67487],"names":["","Greystone Road","Indian Ridge Way"],"edges":[[0,1,204.8,7,0,0,1.0,0.0,4.2,0],[1,0,204.8,7,0,1,1.0,0.0,0.0,0],[2,3,173.2,5,1,2,1.0,0.0,0.0,0],[3,2,173.2,5,1,3,1.0,0.0,5.8,0],[4,5,527.9,5,2,4,1.0,0.0,21.4,0],[5,4,527.9,5,2,5,1.0,0.0,0.0,0],[6,7,606.4,4,0,6,1.0,0.0,23.5,0],[7,6,606.4,4,0,7,1.0,0.0,0.0,0]],"geoms":[[-71.32239,42.24046,-71.3215,42.24028,-71.32073,42.24014,-71.32021,42.24006,-71.31997,42.24004],[-71.31997,42.24004,-71.32021,42.24006,-71.32073,42.24014,-71.3215,42.24028,-71.32239,42.24046],[-71.31953,42.24214,-71.32004,42.24226,-71.320972,42.24242,-71.321123,42.242457,-71.3213,42.2425,-71.321392,42.24254,-71.32153,42.2426],[-71.32153,42.2426,-71.321392,42.24254,-71.3213,42.2425,-71.321123,42.242457,-71.320972,42.24242,-71.32004,42.24226,-71.31953,42.24214],[-71.323503,42.250168,-71.323315,42.250153,-71.323138,42.250126,-71.322883,42.250031,-71.32243,42.249793,-71.321963,42.249529,-71.321844,42.249459,-71.321765,42.249413,-71.321574,42.249344,-71.321453,42.249317,-71.321279,42.249312,-71.321081,42.249354,-71.320832,42.249475,-71.320364,42.249716,-71.320186,42.249769,-71.319959,42.249789,-71.319725,42.249773,-71.319551,42.249744,-71.319123,42.249672,-71.318269,42.249545,-71.317649,42.249453],[-71.317649,42.249453,-71.318269,42.249545,-71.319123,42.249672,-71.319551,42.249744,-71.319725,42.249773,-71.319959,42.249789,-71.320186,42.249769,-71.320364,42.249716,-71.320832,42.249475,-71.321081,42.249354,-71.321279,42.249312,-71.321453,42.249317,-71.321574,42.249344,-71.321765,42.249413,-71.321844,42.249459,-71.321963,42.249529,-71.32243,42.249793,-71.322883,42.250031,-71.323138,42.250126,-71.323315,42.250153,-71.323503,42.250168],[-71.326064,42.242325,-71.325998,42.242414,-71.325877,42.242469,-71.325689,42.242515,-71.325545,42.242559,-71.325377,42.242591,-71.325207,42.242606,-71.325043,42.242604,-71.324869,42.242593,-71.324723,42.242548,-71.324545,42.242461,-71.324467,42.242129,-71.324146,42.242134,-71.323967,42.242168,-71.323844,42.24226,-71.323549,42.242233,-71.323432,42.242288,-71.322942,42.242331,-71.322566,42.24223,-71.322193,42.242103,-71.321878,42.241936,-71.321645,42.24172,-71.321271,42.24154,-71.320779,42.241512,-71.320156,42.241464,-71.31968,42.241486],[-71.31968,42.241486,-71.320156,42.241464,-71.320779,42.241512,-71.321271,42.24154,-71.321645,42.24172,-71.321878,42.241936,-71.322193,42.242103,-71.322566,42.24223,-71.322942,42.242331,-71.323432,42.242288,-71.323549,42.242233,-71.323844,42.24226,-71.323967,42.242168,-71.324146,42.242134,-71.324467,42.242129,-71.324545,42.242461,-71.324723,42.242548,-71.324869,42.242593,-71.325043,42.242604,-71.325207,42.242606,-71.325377,42.242591,-71.325545,42.242559,-71.325689,42.242515,-71.325877,42.242469,-71.325998,42.242414,-71.326064,42.242325]]}