{"nodes":[[-71.32239,42.24046,75.4],[-71.320334,42.23816,81.1],[-71.31997,42.24004,79.6],[-71.320121,42.239341,80.6],[-71.320722,42.236174,67.5],[-71.319187,42.236986,75.2]],"nodeIds":[27099,27367,27118,104773,27257,97565],"names":["","Glen Street","Farm Street"],"edges":[[0,1,310.6,4,0,0,1.0,0.0,5.7,0],[2,3,78.7,3,1,1,1.0,0.0,0.9,0],[4,1,223.3,3,1,2,1.0,0.0,13.6,0],[1,0,310.6,4,0,3,1.0,0.0,0.0,0],[1,3,132.6,3,1,4,1.0,0.0,0.0,0],[1,4,223.3,3,1,5,1.0,0.0,0.0,0],[5,4,157.9,3,2,6,1.0,0.0,0.0,0],[3,2,78.7,3,1,7,1.0,0.0,0.0,0],[3,1,132.6,3,1,8,1.0,0.0,0.5,0]],"geoms":[[-71.32239,42.24046,-71.32225,42.24017,-71.32204,42.23987,-71.32188,42.23962,-71.321634,42.239314,-71.32106,42.23868,-71.320832,42.23847,-71.32065,42.23836,-71.320334,42.23816],[-71.31997,42.24004,-71.32008,42.23955,-71.320121,42.239341],[-71.320722,42.236174,-71.320673,42.236378,-71.320635,42.236564,-71.320549,42.237107,-71.32051,42.237237,-71.320429,42.237648,-71.32039,42.237862,-71.320334,42.23816],[-71.320334,42.23816,-71.32065,42.23836,-71.320832,42.23847,-71.32106,42.23868,-71.321634,42.239314,-71.32188,42.23962,-71.32204,42.23987,-71.32225,42.24017,-71.32239,42.24046],[-71.320334,42.23816,-71.320293,42.238548,-71.32028,42.23862,-71.32021,42.23891,-71.320148,42.239211,-71.320121,42.239341],[-71.320334,42.23816,-71.32039,42.237862,-71.320429,42.237648,-71.32051,42.237237,-71.320549,42.237107,-71.320635,42.236564,-71.320673,42.236378,-71.320722,42.236174],[-71.319187,42.236986,-71.31924,42.23695,-71.319588,42.236681,-71.319865,42.236484,-71.320012,42.236403,-71.320079,42.236379,-71.320341,42.236279,-71.320722,42.236174],[-71.320121,42.239341,-71.32008,42.23955,-71.31997,42.24004],[-71.320121,42.239341,-71.320148,42.239211,-71.32021,42.23891,-71.32028,42.23862,-71.320293,42.238548,-71.320334,42.23816]]}