{"nodes":[[-71.33604,42.09921,70.3],[-71.333702,42.099692,65.2],[-71.33303,42.10008,65.4],[-71.3302,42.10031,68.1],[-71.32432,42.100014,57.9],[-71.322354,42.097247,57.9],[-71.32616,42.099196,68.0]],"nodeIds":[149812,180141,149929,149979,173943,180960,173944],"names":["Sparrow Road","Robin Road","Union Street",""],"edges":[[0,1,203.2,5,0,0,1.0,0.0,0.0,0],[2,1,70.2,5,0,1,1.0,0.0,0.0,0],[2,3,288.0,5,1,2,1.0,0.0,2.7,0],[3,2,288.0,5,1,3,1.0,0.0,0.0,0],[4,5,350.1,3,2,4,1.0,0.0,0.1,0],[4,6,192.2,7,3,5,1.0,0.0,10.1,0],[6,4,192.2,7,3,6,1.0,0.0,0.0,0],[1,2,70.2,5,0,7,1.0,0.0,0.2,0],[1,0,203.2,5,0,8,1.0,0.0,5.1,0],[5,4,350.1,3,2,9,1.0,0.0,0.0,0]],"geoms":[[-71.33604,42.09921,-71.33487,42.09937,-71.33421,42.09945,-71.334118,42.099489,-71.33395,42.09956,-71.333719,42.099683,-71.333702,42.099692],[-71.33303,42.10008,-71.3335,42.0998,-71.333702,42.099692],[-71.33303,42.10008,-71.33273,42.09981,-71.33247,42.09964,-71.332274,42.099575,-71.3322,42.09955,-71.33197,42.09951,-71.33171,42.09952,-71.33147,42.09955,-71.33123,42.09965,-71.33089,42.09985,-71.33049,42.10011,-71.3302,42.10031],[-71.3302,42.10031,-71.33049,42.10011,-71.33089,42.09985,-71.33123,42.09965,-71.33147,42.09955,-71.33171,42.09952,-71.33197,42.09951,-71.3322,42.09955,-71.332274,42.099575,-71.33247,42.09964,-71.33273,42.09981,-71.33303,42.10008],[-71.32432,42.100014,-71.32421,42.09993,-71.323725,42.099475,-71.32372,42.09947,-71.323624,42.099299,-71.32345,42.09899,-71.323359,42.098852,-71.323167,42.098567,-71.32285,42.09803,-71.322535,42.097488,-71.322354,42.097247],[-71.32432,42.100014,-71.324639,42.099867,-71.325042,42.099732,-71.325833,42.099662,-71.325891,42.099612,-71.32596,42.099553,-71.32616,42.099196],[-71.32616,42.099196,-71.32596,42.099553,-71.325891,42.099612,-71.325833,42.099662,-71.325042,42.099732,-71.324639,42.099867,-71.32432,42.100014],[-71.333702,42.099692,-71.3335,42.0998,-71.33303,42.10008],[-71.333702,42.099692,-71.333719,42.099683,-71.33395,42.09956,-71.334118,42.099489,-71.33421,42.09945,-71.33487,42.09937,-71.33604,42.09921],[-71.322354,42.097247,-71.322535,42.097488,-71.32285,42.09803,-71.323167,42.098567,-71.323359,42.098852,-71.32345,42.09899,-71.323624,42.099299,-71.32372,42.09947,-71.323725,42.099475,-71.32421,42.09993,-71.32432,42.100014]]}