{"nodes":[[-71.319968,42.32492,55.8],[-71.320196,42.323588,61.9],[-71.32141,42.325262,55.3],[-71.319934,42.336213,59.8],[-71.320793,42.33568,59.8],[-71.327151,42.33052,54.5],[-71.319724,42.334522,59.8],[-71.320265,42.321036,53.2],[-71.319957,42.321176,54.0],[-71.320545,42.321449,53.4],[-71.320204,42.320952,53.1],[-71.319892,42.321055,53.6],[-71.319862,42.320551,53.0]],"nodeIds":[43770,115821,114762,44716,66623,65154,66624,113633,113636,113635,113637,113639,113640],"names":["Walnut Road","Radcliffe Road","South Avenue",""],"edges":[[0,1,149.6,5,0,0,1.0,0.0,6.0,0],[0,2,124.5,5,1,1,1.0,0.0,0.0,0],[3,4,92.2,1,2,-1,1.0,0.0,0.0,1],[5,6,786.0,4,3,2,1.0,0.0,5.3,0],[4,3,92.2,1,2,-1,1.0,0.0,0.1,1],[6,5,786.0,4,3,3,1.0,0.0,0.0,0],[7,8,29.8,7,3,-1,1.0,0.0,0.8,0],[7,9,51.5,5,0,4,1.0,0.0,0.2,0],[7,10,10.6,5,0,5,1.0,0.0,0.0,0],[9,7,51.5,5,0,6,1.0,0.0,0.0,0],[9,8,71.6,7,3,7,1.0,0.0,0.7,0],[8,7,29.8,7,3,-1,1.0,0.0,0.0,0],[8,9,71.6,7,3,8,1.0,0.0,0.0,0],[10,7,10.6,5,0,9,1.0,0.0,0.1,0],[11,10,28.1,7,3,10,1.0,0.0,0.0,0],[12,10,53.1,5,0,11,1.0,0.0,0.1,0],[2,0,124.5,5,1,12,1.0,0.0,0.6,0],[1,0,149.6,5,0,13,1.0,0.0,0.0,0]],"geoms":[[-71.319968,42.32492,-71.32,42.324801,-71.32002,42.324592,-71.320025,42.324533,-71.320049,42.324176,-71.320098,42.323926,-71.320196,42.323588],[-71.319968,42.32492,-71.320682,42.325084,-71.32141,42.325262],[-71.327151,42.33052,-71.32525,42.331849,-71.324408,42.332449,-71.324314,42.332527,-71.324214,42.332612,-71.323442,42.333356,-71.323268,42.333524,-71.322876,42.333883,-71.322774,42.33396,-71.322736,42.333979,-71.322664,42.334014,-71.322541,42.334061,-71.322404,42.334103,-71.322235,42.334135,-71.319877,42.334498,-71.319724,42.334522],[-71.319724,42.334522,-71.319877,42.334498,-71.322235,42.334135,-71.322404,42.334103,-71.322541,42.334061,-71.322664,42.334014,-71.322736,42.333979,-71.322774,42.33396,-71.322876,42.333883,-71.323268,42.333524,-71.323442,42.333356,-71.324214,42.332612,-71.324314,42.332527,-71.324408,42.332449,-71.32525,42.331849,-71.327151,42.33052],[-71.320265,42.321036,-71.320369,42.321184,-71.320373,42.32119,-71.320477,42.321334,-71.320545,42.321449],[-71.320265,42.321036,-71.32021,42.320962,-71.320204,42.320952],[-71.320545,42.321449,-71.320477,42.321334,-71.320373,42.32119,-71.320369,42.321184,-71.320265,42.321036],[-71.320545,42.321449,-71.32046,42.321486,-71.320395,42.321498,-71.320335,42.321507,-71.320276,42.321507,-71.320219,42.321496,-71.320166,42.321478,-71.320115,42.321448,-71.320081,42.32141,-71.320042,42.321351,-71.319998,42.32126,-71.319957,42.321176],[-71.319957,42.321176,-71.319998,42.32126,-71.320042,42.321351,-71.320081,42.32141,-71.320115,42.321448,-71.320166,42.321478,-71.320219,42.321496,-71.320276,42.321507,-71.320335,42.321507,-71.320395,42.321498,-71.32046,42.321486,-71.320545,42.321449],[-71.320204,42.320952,-71.32021,42.320962,-71.320265,42.321036],[-71.319892,42.321055,-71.319984,42.321031,-71.320075,42.321002,-71.320204,42.320952],[-71.319862,42.320551,-71.319935,42.320601,-71.320126,42.320845,-71.320204,42.320952],[-71.32141,42.325262,-71.320682,42.325084,-71.319968,42.32492],[-71.320196,42.323588,-71.320098,42.323926,-71.320049,42.324176,-71.320025,42.324533,-71.32002,42.324592,-71.32,42.324801,-71.319968,42.32492]]}