{"nodes":[[-71.319906,42.380194,53.8],[-71.320313,42.378749,50.9],[-71.318089,42.369562,47.8],[-71.328721,42.36831,53.7]],"nodeIds":[44782,79673,61044,61071],"names":["","Mass Central Rail Trail -- Wayside"],"edges":[[0,1,166.6,4,0,0,1.0,0.0,0.0,0],[2,3,888.7,4,1,1,1.0,0.0,6.0,0],[3,2,888.7,4,1,2,1.0,0.0,0.0,0],[1,0,166.6,4,0,3,1.0,0.0,2.8,0]],"geoms":[[-71.319906,42.380194,-71.320026,42.380048,-71.320059,42.379982,-71.320076,42.379876,-71.320056,42.379654,-71.320068,42.379547,-71.320137,42.379249,-71.320291,42.378872,-71.320313,42.378749],[-71.318089,42.369562,-71.318239,42.369544,-71.318307,42.369536,-71.319496,42.369398,-71.319543,42.369389,-71.319574,42.36938,-71.319601,42.369367,-71.319636,42.369344,-71.319679,42.369318,-71.319701,42.369309,-71.319722,42.369302,-71.319746,42.369297,-71.3198,42.36929,-71.319839,42.369284,-71.319875,42.369279,-71.319905,42.369277,-71.319938,42.369276,-71.319973,42.369278,-71.320179,42.369299,-71.320211,42.369301,-71.320252,42.369301,-71.320295,42.3693,-71.320342,42.369297,-71.32316,42.368964,-71.323197,42.368958,-71.32323,42.368949,-71.323269,42.368938,-71.32341,42.368885,-71.323444,42.368876,-71.323479,42.368869,-71.323509,42.368866,-71.32355,42.368862,-71.323595,42.368861,-71.323638,42.368863,-71.323778,42.368873,-71.323832,42.368875,-71.323886,42.368875,-71.323935,42.368873,-71.323983,42.368869,-71.324818,42.36877,-71.325608,42.368678,-71.328721,42.36831],[-71.328721,42.36831,-71.325608,42.368678,-71.324818,42.36877,-71.323983,42.368869,-71.323935,42.368873,-71.323886,42.368875,-71.323832,42.368875,-71.323778,42.368873,-71.323638,42.368863,-71.323595,42.368861,-71.32355,42.368862,-71.323509,42.368866,-71.323479,42.368869,-71.323444,42.368876,-71.32341,42.368885,-71.323269,42.368938,-71.32323,42.368949,-71.323197,42.368958,-71.32316,42.368964,-71.320342,42.369297,-71.320295,42.3693,-71.320252,42.369301,-71.320211,42.369301,-71.320179,42.369299,-71.319973,42.369278,-71.319938,42.369276,-71.319905,42.369277,-71.319875,42.369279,-71.319839,42.369284,-71.3198,42.36929,-71.319746,42.369297,-71.319722,42.369302,-71.319701,42.369309,-71.319679,42.369318,-71.319636,42.369344,-71.319601,42.369367,-71.319574,42.36938,-71.319543,42.369389,-71.319496,42.369398,-71.318307,42.369536,-71.318239,42.369544,-71.318089,42.369562],[-71.320313,42.378749,-71.320291,42.378872,-71.320137,42.379249,-71.320068,42.379547,-71.320056,42.379654,-71.320076,42.379876,-71.320059,42.379982,-71.320026,42.380048,-71.319906,42.380194]]}