{"nodes":[[-71.318946,42.419867,63.1],[-71.321549,42.418795,58.2],[-71.320204,42.410088,54.0],[-71.31977,42.413386,56.8],[-71.31907,42.416027,58.2],[-71.320734,42.415807,62.2]],"nodeIds":[130,2150,21976,22044,22111,21993],"names":["","Todd Pond Road","Lincoln Road"],"edges":[[0,1,270.2,4,0,0,1.0,0.0,0.0,0],[1,0,270.2,4,0,1,1.0,0.0,4.9,0],[2,3,384.8,5,1,2,1.0,0.0,2.8,0],[3,2,384.8,5,1,3,1.0,0.0,0.0,0],[4,5,139.6,1,2,4,1.0,0.0,4.1,1]],"geoms":[[-71.318946,42.419867,-71.319101,42.419724,-71.31932,42.419463,-71.319559,42.419179,-71.320481,42.419187,-71.320585,42.419116,-71.320722,42.41907,-71.320905,42.419098,-71.321018,42.41908,-71.321394,42.41886,-71.321549,42.418795],[-71.321549,42.418795,-71.321394,42.41886,-71.321018,42.41908,-71.320905,42.419098,-71.320722,42.41907,-71.320585,42.419116,-71.320481,42.419187,-71.319559,42.419179,-71.31932,42.419463,-71.319101,42.419724,-71.318946,42.419867],[-71.320204,42.410088,-71.320269,42.410135,-71.320425,42.410298,-71.32049,42.410449,-71.320513,42.410504,-71.3205,42.410663,-71.320468,42.410789,-71.320407,42.410891,-71.320369,42.410954,-71.320231,42.411137,-71.320087,42.411323,-71.320029,42.411445,-71.320003,42.411596,-71.319984,42.411709,-71.31997,42.411794,-71.319957,42.411914,-71.319932,42.412159,-71.319924,42.412219,-71.319928,42.412477,-71.319895,42.412951,-71.319868,42.413127,-71.319787,42.413349,-71.319772,42.413381,-71.31977,42.413386],[-71.31977,42.413386,-71.319772,42.413381,-71.319787,42.413349,-71.319868,42.413127,-71.319895,42.412951,-71.319928,42.412477,-71.319924,42.412219,-71.319932,42.412159,-71.319957,42.411914,-71.31997,42.411794,-71.319984,42.411709,-71.320003,42.411596,-71.320029,42.411445,-71.320087,42.411323,-71.320231,42.411137,-71.320369,42.410954,-71.320407,42.410891,-71.320468,42.410789,-71.3205,42.410663,-71.320513,42.410504,-71.32049,42.410449,-71.320425,42.410298,-71.320269,42.410135,-71.320204,42.410088],[-71.31907,42.416027,-71.319442,42.415929,-71.319672,42.415889,-71.319881,42.415858,-71.320258,42.415834,-71.320266,42.415834,-71.32038,42.415827,-71.320734,42.415807]]}