{"nodes":[[-71.320547,42.293505,49.8],[-71.321138,42.293817,50.3],[-71.319105,42.294392,43.0]],"nodeIds":[40540,40673,40751],"names":["Pond Road","Central Street"],"edges":[[0,1,60.7,5,0,0,1.0,125.0,0.6,0],[1,0,60.7,5,0,1,1.0,125.0,0.0,0],[1,2,179.1,1,1,2,1.0,0.0,0.0,1],[2,1,179.1,1,1,3,1.0,0.0,7.3,1]],"geoms":[[-71.320547,42.293505,-71.321008,42.293701,-71.321054,42.293728,-71.321079,42.293748,-71.321096,42.293763,-71.321138,42.293817],[-71.321138,42.293817,-71.321096,42.293763,-71.321079,42.293748,-71.321054,42.293728,-71.321008,42.293701,-71.320547,42.293505],[-71.321138,42.293817,-71.320651,42.293966,-71.32033,42.294064,-71.32006,42.294143,-71.319177,42.294373,-71.319105,42.294392],[-71.319105,42.294392,-71.319177,42.294373,-71.32006,42.294143,-71.32033,42.294064,-71.320651,42.293966,-71.321138,42.293817]]}