{"nodes":[[-71.319487,42.45767,44.3],[-71.321974,42.458441,39.5]],"nodeIds":[24422,73770],"names":["Lexington Road"],"edges":[[0,1,222.6,3,0,0,1.0,0.0,0.0,0],[1,0,222.6,3,0,1,1.0,0.0,4.8,0]],"geoms":[[-71.319487,42.45767,-71.319697,42.457694,-71.319918,42.457733,-71.320215,42.457801,-71.321009,42.458068,-71.321755,42.458354,-71.321974,42.458441],[-71.321974,42.458441,-71.321755,42.458354,-71.321009,42.458068,-71.320215,42.457801,-71.319918,42.457733,-71.319697,42.457694,-71.319487,42.45767]]}