{"nodes":[[-71.319422,42.397632,52.9],[-71.322314,42.397702,60.7],[-71.319669,42.395466,52.5],[-71.321518,42.39181,57.2],[-71.321345,42.384722,56.4],[-71.319785,42.383833,53.9],[-71.319986,42.38024,54.7],[-71.320077,42.3803,54.7],[-71.319621,42.388609,55.9],[-71.322091,42.389642,58.6],[-71.319431,42.395949,51.3],[-71.320152,42.395984,51.7]],"nodeIds":[21979,22207,22174,43824,44545,81105,44566,44769,81488,81853,113540,113549],"names":["Stonehedge Road","Tower Road","","Concord Road"],"edges":[[0,1,270.3,5,0,0,1.0,0.0,7.8,0],[2,3,451.1,3,1,1,1.0,0.0,4.8,0],[1,0,270.3,5,0,2,1.0,0.0,0.0,0],[3,2,451.1,3,1,3,1.0,0.0,0.0,0],[4,5,168.5,4,2,4,1.0,0.0,0.0,0],[6,7,10.0,3,3,-1,1.0,0.0,0.0,0],[7,6,10.0,3,3,-1,1.0,0.0,0.0,0],[5,4,168.5,4,2,5,1.0,0.0,2.5,0],[8,9,240.4,4,2,6,1.0,0.0,2.8,0],[9,8,240.4,4,2,7,1.0,0.0,0.0,0],[10,11,66.1,7,2,8,1.0,0.0,0.4,0],[11,10,66.1,7,2,9,1.0,0.0,0.0,0]],"geoms":[[-71.319422,42.397632,-71.319593,42.397579,-71.319701,42.397559,-71.319862,42.397545,-71.320037,42.397565,-71.320199,42.397601,-71.320293,42.397601,-71.320367,42.397591,-71.320468,42.397541,-71.320583,42.397426,-71.320745,42.397326,-71.320846,42.397286,-71.320974,42.397256,-71.321062,42.397251,-71.321136,42.397246,-71.321362,42.397262,-71.321553,42.397285,-71.321723,42.397332,-71.321911,42.397446,-71.322019,42.397535,-71.322151,42.397618,-71.322254,42.397673,-71.322314,42.397702],[-71.319669,42.395466,-71.319763,42.395367,-71.31986,42.395299,-71.320077,42.395147,-71.320212,42.395051,-71.320288,42.394958,-71.320342,42.394858,-71.32037,42.394743,-71.320375,42.394722,-71.320398,42.394437,-71.320409,42.394287,-71.320499,42.394168,-71.320634,42.394013,-71.320785,42.393907,-71.320964,42.39374,-71.320997,42.393695,-71.321042,42.39363,-71.321101,42.39355,-71.321153,42.393414,-71.321172,42.393365,-71.32127,42.393133,-71.321305,42.393037,-71.32134,42.392941,-71.321443,42.392756,-71.32147,42.392689,-71.321481,42.39266,-71.321498,42.392504,-71.321488,42.392167,-71.32149,42.39214,-71.32149,42.392136,-71.321507,42.391922,-71.321518,42.39181],[-71.322314,42.397702,-71.322254,42.397673,-71.322151,42.397618,-71.322019,42.397535,-71.321911,42.397446,-71.321723,42.397332,-71.321553,42.397285,-71.321362,42.397262,-71.321136,42.397246,-71.321062,42.397251,-71.320974,42.397256,-71.320846,42.397286,-71.320745,42.397326,-71.320583,42.397426,-71.320468,42.397541,-71.320367,42.397591,-71.320293,42.397601,-71.320199,42.397601,-71.320037,42.397565,-71.319862,42.397545,-71.319701,42.397559,-71.319593,42.397579,-71.319422,42.397632],[-71.321518,42.39181,-71.321507,42.391922,-71.32149,42.392136,-71.32149,42.39214,-71.321488,42.392167,-71.321498,42.392504,-71.321481,42.39266,-71.32147,42.392689,-71.321443,42.392756,-71.32134,42.392941,-71.321305,42.393037,-71.32127,42.393133,-71.321172,42.393365,-71.321153,42.393414,-71.321101,42.39355,-71.321042,42.39363,-71.320997,42.393695,-71.320964,42.39374,-71.320785,42.393907,-71.320634,42.394013,-71.320499,42.394168,-71.320409,42.394287,-71.320398,42.394437,-71.320375,42.394722,-71.32037,42.394743,-71.320342,42.394858,-71.320288,42.394958,-71.320212,42.395051,-71.320077,42.395147,-71.31986,42.395299,-71.319763,42.395367,-71.319669,42.395466],[-71.321345,42.384722,-71.321193,42.38454,-71.321101,42.384437,-71.321019,42.384404,-71.31995,42.383814,-71.319785,42.383833],[-71.319785,42.383833,-71.31995,42.383814,-71.321019,42.384404,-71.321101,42.384437,-71.321193,42.38454,-71.321345,42.384722],[-71.319621,42.388609,-71.319842,42.388749,-71.320108,42.388837,-71.320619,42.389152,-71.320672,42.389182,-71.320918,42.389341,-71.321153,42.389508,-71.321419,42.389561,-71.321906,42.389598,-71.322091,42.389642],[-71.322091,42.389642,-71.321906,42.389598,-71.321419,42.389561,-71.321153,42.389508,-71.320918,42.389341,-71.320672,42.389182,-71.320619,42.389152,-71.320108,42.388837,-71.319842,42.388749,-71.319621,42.388609],[-71.319431,42.395949,-71.319701,42.395922,-71.320122,42.395916,-71.320143,42.395923,-71.320156,42.395932,-71.320158,42.395964,-71.320152,42.395984],[-71.320152,42.395984,-71.320158,42.395964,-71.320156,42.395932,-71.320143,42.395923,-71.320122,42.395916,-71.319701,42.395922,-71.319431,42.395949]]}