{"nodes":[[-71.320793,42.473408,47.5],[-71.319597,42.475015,46.9],[-71.319435,42.473307,48.0],[-71.318291,42.477967,39.7],[-71.320467,42.476711,41.4],[-71.321458,42.475965,41.6],[-71.321459,42.466568,40.4],[-71.320132,42.465801,40.2]],"nodeIds":[2364,23784,110419,22890,24423,22993,23774,24412],"names":["Old Bedford Road","Trail from Massport Trails to Old Bedford Road in Concord","Minot Road","Butternut Circle","Fox Lane","Phillip Farm Road"],"edges":[[0,1,208.0,1,0,0,1.0,0.0,0.0,1],[0,2,116.8,4,1,1,1.0,125.0,0.5,0],[3,4,254.4,5,2,2,1.0,0.0,1.7,0],[5,1,195.4,5,3,3,1.0,125.0,5.3,0],[5,4,116.7,5,4,4,1.0,0.0,0.0,0],[6,7,138.3,5,5,5,1.0,0.0,0.0,0],[1,0,208.0,1,0,6,1.0,0.0,0.6,1],[1,5,195.4,5,3,7,1.0,125.0,0.0,0],[7,6,138.3,5,5,8,1.0,0.0,0.2,0],[4,3,254.4,5,2,9,1.0,0.0,0.0,0],[4,5,116.7,5,4,10,1.0,0.0,0.2,0],[2,0,116.8,4,1,11,1.0,125.0,0.0,0]],"geoms":[[-71.320793,42.473408,-71.320656,42.473682,-71.320591,42.473878,-71.320463,42.474154,-71.320367,42.474312,-71.320316,42.474383,-71.320111,42.474637,-71.319953,42.474769,-71.319597,42.475015],[-71.320793,42.473408,-71.320592,42.473385,-71.32039,42.473365,-71.32018,42.473265,-71.320069,42.473226,-71.31989,42.473248,-71.31966,42.473274,-71.319435,42.473307],[-71.318291,42.477967,-71.319296,42.477501,-71.320423,42.477224,-71.320531,42.477076,-71.320467,42.476711],[-71.321458,42.475965,-71.321392,42.475904,-71.321179,42.475712,-71.321036,42.475614,-71.320874,42.475527,-71.320756,42.4755,-71.320578,42.475496,-71.320425,42.4755,-71.320277,42.47548,-71.32013,42.475435,-71.319967,42.47531,-71.319649,42.475057,-71.319597,42.475015],[-71.321458,42.475965,-71.320802,42.476388,-71.320647,42.476535,-71.320521,42.476654,-71.320467,42.476711],[-71.321459,42.466568,-71.321389,42.46653,-71.320842,42.466227,-71.320532,42.466034,-71.320331,42.465916,-71.320132,42.465801],[-71.319597,42.475015,-71.319953,42.474769,-71.320111,42.474637,-71.320316,42.474383,-71.320367,42.474312,-71.320463,42.474154,-71.320591,42.473878,-71.320656,42.473682,-71.320793,42.473408],[-71.319597,42.475015,-71.319649,42.475057,-71.319967,42.47531,-71.32013,42.475435,-71.320277,42.47548,-71.320425,42.4755,-71.320578,42.475496,-71.320756,42.4755,-71.320874,42.475527,-71.321036,42.475614,-71.321179,42.475712,-71.321392,42.475904,-71.321458,42.475965],[-71.320132,42.465801,-71.320331,42.465916,-71.320532,42.466034,-71.320842,42.466227,-71.321389,42.46653,-71.321459,42.466568],[-71.320467,42.476711,-71.320531,42.477076,-71.320423,42.477224,-71.319296,42.477501,-71.318291,42.477967],[-71.320467,42.476711,-71.320521,42.476654,-71.320647,42.476535,-71.320802,42.476388,-71.321458,42.475965],[-71.319435,42.473307,-71.31966,42.473274,-71.31989,42.473248,-71.320069,42.473226,-71.32018,42.473265,-71.32039,42.473365,-71.320592,42.473385,-71.320793,42.473408]]}