{"nodes":[[-71.320789,42.214401,66.2],[-71.319783,42.217294,73.8],[-71.320598,42.218407,74.0],[-71.319868,42.219934,82.9],[-71.320632,42.220004,78.6],[-71.319859,42.218799,80.6],[-71.319773,42.209449,52.4],[-71.320212,42.209475,50.2],[-71.319657,42.205245,45.0],[-71.320484,42.20464,43.3]],"nodeIds":[27428,106069,125638,115500,140239,125639,139416,139418,140289,27091],"names":["Dover Farm Road","Farm Street","Donnelly Drive","","Fox Lane","Colonial Road"],"edges":[[0,0,113.0,5,0,0,1.0,0.0,0.0,0],[0,0,113.0,5,0,1,1.0,0.0,0.0,0],[1,2,140.7,3,1,2,1.0,0.0,0.1,0],[3,4,63.6,5,2,3,1.0,0.0,0.0,0],[2,1,140.7,3,1,4,1.0,0.0,0.0,0],[2,5,75.4,7,3,5,1.0,0.0,6.6,0],[5,2,75.4,7,3,6,1.0,0.0,0.0,0],[6,7,36.3,5,4,7,1.0,0.0,0.0,0],[7,6,36.3,5,4,8,1.0,0.0,2.1,0],[4,3,63.6,5,2,9,1.0,0.0,4.3,0],[8,9,97.4,5,5,10,1.0,0.0,0.0,0]],"geoms":[[-71.320789,42.214401,-71.320797,42.214455,-71.320829,42.214505,-71.320882,42.214544,-71.320949,42.214568,-71.321023,42.214573,-71.321095,42.21456,-71.321158,42.21453,-71.321203,42.214486,-71.321225,42.214434,-71.321223,42.214379,-71.321196,42.214327,-71.321152,42.214288,-71.321093,42.214261,-71.321025,42.214249,-71.320956,42.214253,-71.320892,42.214273,-71.32084,42.214307,-71.320804,42.214351,-71.320789,42.214401],[-71.320789,42.214401,-71.320804,42.214351,-71.32084,42.214307,-71.320892,42.214273,-71.320956,42.214253,-71.321025,42.214249,-71.321093,42.214261,-71.321152,42.214288,-71.321196,42.214327,-71.321223,42.214379,-71.321225,42.214434,-71.321203,42.214486,-71.321158,42.21453,-71.321095,42.21456,-71.321023,42.214573,-71.320949,42.214568,-71.320882,42.214544,-71.320829,42.214505,-71.320797,42.214455,-71.320789,42.214401],[-71.319783,42.217294,-71.319974,42.217556,-71.320106,42.217737,-71.320168,42.217818,-71.320481,42.218244,-71.320598,42.218407],[-71.319868,42.219934,-71.32,42.21995,-71.32021,42.21996,-71.32038,42.21999,-71.320632,42.220004],[-71.320598,42.218407,-71.320481,42.218244,-71.320168,42.217818,-71.320106,42.217737,-71.319974,42.217556,-71.319783,42.217294],[-71.320598,42.218407,-71.320457,42.218471,-71.320316,42.218558,-71.32018,42.218662,-71.319859,42.218799],[-71.319859,42.218799,-71.32018,42.218662,-71.320316,42.218558,-71.320457,42.218471,-71.320598,42.218407],[-71.319773,42.209449,-71.32008,42.20947,-71.320212,42.209475],[-71.320212,42.209475,-71.32008,42.20947,-71.319773,42.209449],[-71.320632,42.220004,-71.32038,42.21999,-71.32021,42.21996,-71.32,42.21995,-71.319868,42.219934],[-71.319657,42.205245,-71.31992,42.20497,-71.32014,42.20479,-71.320484,42.20464]]}