{"nodes":[[-71.31947,42.26303,41.8],[-71.320958,42.261869,38.2],[-71.321968,42.267968,39.1],[-71.319973,42.268757,39.2],[-71.321141,42.269903,38.8],[-71.321303,42.262049,38.3],[-71.319765,42.263264,41.8],[-71.320653,42.261723,38.4]],"nodeIds":[35266,35344,35267,35301,35282,35286,35299,35298],"names":["","Eliot Street","Farm Hill Road"],"edges":[[0,1,178.0,7,0,0,1.0,0.0,0.0,0],[2,3,186.7,1,1,1,1.0,0.0,0.0,1],[4,3,159.9,5,2,2,1.0,125.0,0.4,0],[5,1,34.7,7,0,-1,1.0,0.0,0.0,0],[5,6,185.2,7,0,3,1.0,0.0,3.5,0],[7,1,30.0,7,0,4,1.0,0.0,0.0,0],[6,5,185.2,7,0,5,1.0,0.0,0.0,0],[3,2,186.7,1,1,6,1.0,0.0,0.0,1],[3,4,159.9,5,2,7,1.0,125.0,0.0,0],[1,5,34.7,7,0,-1,1.0,0.0,0.1,0],[1,7,30.0,7,0,8,1.0,0.0,0.1,0]],"geoms":[[-71.31947,42.26303,-71.319654,42.262905,-71.319989,42.262632,-71.320465,42.262265,-71.320735,42.262052,-71.320958,42.261869],[-71.321968,42.267968,-71.321844,42.268038,-71.321746,42.268088,-71.321621,42.268144,-71.321479,42.268203,-71.321449,42.268215,-71.321041,42.268382,-71.320524,42.268586,-71.320396,42.268632,-71.320278,42.26867,-71.320247,42.26868,-71.320157,42.268707,-71.319973,42.268757],[-71.321141,42.269903,-71.320105,42.268931,-71.320058,42.268883,-71.320017,42.268827,-71.319973,42.268757],[-71.321303,42.262049,-71.321045,42.262269,-71.320633,42.262592,-71.320222,42.262916,-71.319765,42.263264],[-71.320653,42.261723,-71.320806,42.261785,-71.320958,42.261869],[-71.319765,42.263264,-71.320222,42.262916,-71.320633,42.262592,-71.321045,42.262269,-71.321303,42.262049],[-71.319973,42.268757,-71.320157,42.268707,-71.320247,42.26868,-71.320278,42.26867,-71.320396,42.268632,-71.320524,42.268586,-71.321041,42.268382,-71.321449,42.268215,-71.321479,42.268203,-71.321621,42.268144,-71.321746,42.268088,-71.321844,42.268038,-71.321968,42.267968],[-71.319973,42.268757,-71.320017,42.268827,-71.320058,42.268883,-71.320105,42.268931,-71.321141,42.269903],[-71.320958,42.261869,-71.320806,42.261785,-71.320653,42.261723]]}