{"nodes":[[-71.319564,42.312901,47.4],[-71.324375,42.312197,48.1],[-71.325304,42.3103,45.5],[-71.319537,42.307373,46.1],[-71.320412,42.30751,46.1],[-71.324124,42.309006,49.0],[-71.319948,42.31049,49.3],[-71.32165,42.319438,51.4],[-71.319124,42.318623,50.5],[-71.319595,42.30946,48.7],[-71.320998,42.308539,47.9]],"nodeIds":[40904,41402,41493,41007,41315,41055,41378,44557,44569,72534,72536],"names":["Mayo Road","Upson Road","Berkeley Road","Beechwood Road","Parker Road","Bogle Street",""],"edges":[[0,1,425.3,5,0,0,1.0,0.0,0.8,0],[0,2,566.5,5,1,1,1.0,0.0,0.0,0],[3,4,228.3,5,2,2,1.0,0.0,0.0,0],[3,4,73.5,5,3,3,1.0,0.0,0.0,0],[5,6,421.1,5,4,4,1.0,0.0,0.2,0],[4,3,73.5,5,3,5,1.0,0.0,0.0,0],[6,5,421.1,5,4,6,1.0,0.0,0.0,0],[1,0,425.3,5,0,7,1.0,0.0,0.0,0],[2,0,566.5,5,1,8,1.0,0.0,1.9,0],[7,8,229.2,3,5,9,1.0,0.0,0.0,0],[8,7,229.2,3,5,10,1.0,0.0,0.8,0],[9,10,215.4,4,6,11,1.0,0.0,0.0,0],[10,9,215.4,4,6,12,1.0,0.0,0.7,0]],"geoms":[[-71.319564,42.312901,-71.319624,42.312943,-71.319812,42.313088,-71.319889,42.313133,-71.319975,42.313164,-71.32007,42.313186,-71.320168,42.313195,-71.32028,42.313193,-71.320394,42.313181,-71.32051,42.313156,-71.322328,42.312706,-71.322986,42.312546,-71.323805,42.312348,-71.323996,42.312303,-71.324139,42.31227,-71.324256,42.312239,-71.324375,42.312197],[-71.319564,42.312901,-71.319579,42.312876,-71.319666,42.312728,-71.319689,42.312696,-71.319717,42.312672,-71.319756,42.312652,-71.319931,42.312577,-71.319984,42.312561,-71.320038,42.312554,-71.320099,42.312555,-71.320218,42.312564,-71.320257,42.31256,-71.320292,42.312548,-71.320327,42.312531,-71.320362,42.312515,-71.320454,42.312479,-71.320532,42.312448,-71.320661,42.312392,-71.320803,42.312341,-71.321452,42.312129,-71.321655,42.312064,-71.32204,42.311942,-71.322111,42.311918,-71.322159,42.311894,-71.322205,42.311865,-71.322238,42.311831,-71.322272,42.311765,-71.322305,42.311721,-71.322345,42.311682,-71.322409,42.311636,-71.322492,42.311583,-71.322582,42.311534,-71.322681,42.311481,-71.323146,42.311253,-71.323282,42.311187,-71.323388,42.311133,-71.323531,42.311057,-71.323686,42.310982,-71.323838,42.31091,-71.32398,42.310843,-71.324121,42.31078,-71.324254,42.310722,-71.324459,42.310637,-71.325182,42.310349,-71.325304,42.3103],[-71.319537,42.307373,-71.319526,42.307422,-71.319518,42.307468,-71.319519,42.307515,-71.319581,42.307983,-71.31959,42.308045,-71.319603,42.308094,-71.319625,42.308137,-71.319658,42.308175,-71.319708,42.308205,-71.319772,42.308226,-71.319838,42.308235,-71.319942,42.308243,-71.320065,42.308245,-71.32016,42.308239,-71.320235,42.308228,-71.320303,42.308206,-71.320354,42.308181,-71.320395,42.308147,-71.320424,42.308104,-71.320439,42.308055,-71.320442,42.308003,-71.320401,42.30768,-71.320395,42.307613,-71.320397,42.307558,-71.320412,42.30751],[-71.319537,42.307373,-71.320314,42.307495,-71.320412,42.30751],[-71.324124,42.309006,-71.324106,42.309311,-71.324091,42.309389,-71.324072,42.309452,-71.324043,42.309509,-71.324004,42.309559,-71.32395,42.3096,-71.323893,42.309629,-71.323832,42.309645,-71.323761,42.309652,-71.323665,42.309647,-71.32335,42.309618,-71.323243,42.309611,-71.323142,42.309612,-71.323043,42.309623,-71.32294,42.309643,-71.321579,42.309949,-71.321475,42.309976,-71.321367,42.310014,-71.321263,42.310063,-71.321095,42.310146,-71.321013,42.310181,-71.320928,42.310209,-71.320825,42.310234,-71.320503,42.310312,-71.320375,42.310341,-71.320109,42.310392,-71.320037,42.310413,-71.31999,42.310434,-71.319961,42.310457,-71.319948,42.31049],[-71.320412,42.30751,-71.320314,42.307495,-71.319537,42.307373],[-71.319948,42.31049,-71.319961,42.310457,-71.31999,42.310434,-71.320037,42.310413,-71.320109,42.310392,-71.320375,42.310341,-71.320503,42.310312,-71.320825,42.310234,-71.320928,42.310209,-71.321013,42.310181,-71.321095,42.310146,-71.321263,42.310063,-71.321367,42.310014,-71.321475,42.309976,-71.321579,42.309949,-71.32294,42.309643,-71.323043,42.309623,-71.323142,42.309612,-71.323243,42.309611,-71.32335,42.309618,-71.323665,42.309647,-71.323761,42.309652,-71.323832,42.309645,-71.323893,42.309629,-71.32395,42.3096,-71.324004,42.309559,-71.324043,42.309509,-71.324072,42.309452,-71.324091,42.309389,-71.324106,42.309311,-71.324124,42.309006],[-71.324375,42.312197,-71.324256,42.312239,-71.324139,42.31227,-71.323996,42.312303,-71.323805,42.312348,-71.322986,42.312546,-71.322328,42.312706,-71.32051,42.313156,-71.320394,42.313181,-71.32028,42.313193,-71.320168,42.313195,-71.32007,42.313186,-71.319975,42.313164,-71.319889,42.313133,-71.319812,42.313088,-71.319624,42.312943,-71.319564,42.312901],[-71.325304,42.3103,-71.325182,42.310349,-71.324459,42.310637,-71.324254,42.310722,-71.324121,42.31078,-71.32398,42.310843,-71.323838,42.31091,-71.323686,42.310982,-71.323531,42.311057,-71.323388,42.311133,-71.323282,42.311187,-71.323146,42.311253,-71.322681,42.311481,-71.322582,42.311534,-71.322492,42.311583,-71.322409,42.311636,-71.322345,42.311682,-71.322305,42.311721,-71.322272,42.311765,-71.322238,42.311831,-71.322205,42.311865,-71.322159,42.311894,-71.322111,42.311918,-71.32204,42.311942,-71.321655,42.312064,-71.321452,42.312129,-71.320803,42.312341,-71.320661,42.312392,-71.320532,42.312448,-71.320454,42.312479,-71.320362,42.312515,-71.320327,42.312531,-71.320292,42.312548,-71.320257,42.31256,-71.320218,42.312564,-71.320099,42.312555,-71.320038,42.312554,-71.319984,42.312561,-71.319931,42.312577,-71.319756,42.312652,-71.319717,42.312672,-71.319689,42.312696,-71.319666,42.312728,-71.319579,42.312876,-71.319564,42.312901],[-71.32165,42.319438,-71.321276,42.319373,-71.320964,42.31933,-71.320709,42.319285,-71.320542,42.31924,-71.320357,42.319163,-71.320306,42.31914,-71.319756,42.318893,-71.319465,42.318765,-71.319124,42.318623],[-71.319124,42.318623,-71.319465,42.318765,-71.319756,42.318893,-71.320306,42.31914,-71.320357,42.319163,-71.320542,42.31924,-71.320709,42.319285,-71.320964,42.31933,-71.321276,42.319373,-71.32165,42.319438],[-71.319595,42.30946,-71.319688,42.309472,-71.319772,42.309472,-71.319855,42.309462,-71.319924,42.309446,-71.319997,42.309438,-71.320085,42.309442,-71.320203,42.309444,-71.320402,42.309442,-71.320571,42.309436,-71.320702,42.309425,-71.320793,42.309406,-71.320909,42.309375,-71.320992,42.309362,-71.321056,42.309341,-71.321088,42.309309,-71.32111,42.309263,-71.321102,42.308991,-71.321067,42.308615,-71.321056,42.308577,-71.321032,42.308549,-71.320998,42.308539],[-71.320998,42.308539,-71.321032,42.308549,-71.321056,42.308577,-71.321067,42.308615,-71.321102,42.308991,-71.32111,42.309263,-71.321088,42.309309,-71.321056,42.309341,-71.320992,42.309362,-71.320909,42.309375,-71.320793,42.309406,-71.320702,42.309425,-71.320571,42.309436,-71.320402,42.309442,-71.320203,42.309444,-71.320085,42.309442,-71.319997,42.309438,-71.319924,42.309446,-71.319855,42.309462,-71.319772,42.309472,-71.319688,42.309472,-71.319595,42.30946]]}