{"nodes":[[-71.298914,42.501902,35.5],[-71.302548,42.499736,36.0],[-71.315546,42.510142,36.5],[-71.315269,42.509921,36.2],[-71.300714,42.506295,36.5],[-71.30208,42.504879,35.8],[-71.298823,42.501839,35.5],[-71.301167,42.500558,35.8],[-71.301269,42.500723,35.7],[-71.302466,42.499735,36.0],[-71.309971,42.507613,36.3],[-71.313294,42.509224,33.1],[-71.306224,42.506934,36.0],[-71.299672,42.509846,35.6],[-71.301108,42.512122,38.2],[-71.300259,42.512578,40.5],[-71.302066,42.499603,36.0],[-71.298593,42.501724,35.5],[-71.305763,42.507636,35.4],[-71.314284,42.509624,33.7]],"nodeIds":[1948,1950,22271,131971,43623,44320,44048,44204,44473,58262,44239,65473,118865,58258,81081,131627,58259,58260,118890,131972],"names":["","Bedford Road","Old Causeway Road","Winterberry Way","Aspen Circle","Carlisle Road","Main Trail (blue)"],"edges":[[0,1,411.2,4,0,0,1.0,0.0,0.5,0],[1,0,411.2,4,0,1,1.0,0.0,0.0,0],[2,3,33.4,1,1,-1,1.0,0.0,0.0,1],[4,5,222.9,5,2,2,1.0,125.0,0.0,0],[6,7,254.1,5,3,3,1.0,125.0,0.2,0],[7,8,20.2,5,4,4,1.0,0.0,0.0,0],[7,9,152.1,5,3,5,1.0,0.0,0.2,0],[7,6,254.1,5,3,6,1.0,125.0,0.0,0],[10,11,329.1,7,0,7,1.0,125.0,0.0,0],[10,12,317.8,1,5,8,1.0,0.0,0.0,1],[10,3,516.3,1,1,9,1.0,0.0,0.0,1],[5,4,222.9,5,2,10,1.0,125.0,0.7,0],[5,12,413.7,1,5,11,1.0,0.0,0.2,1],[8,8,74.8,5,4,12,1.0,0.0,0.0,0],[8,8,74.8,5,4,13,1.0,0.0,0.0,0],[8,7,20.2,5,4,14,1.0,0.0,0.1,0],[13,14,340.2,4,0,15,1.0,0.0,2.6,0],[13,15,319.9,4,0,16,1.0,0.0,4.9,0],[16,17,399.8,4,6,17,1.0,125.0,0.0,0],[17,16,399.8,4,6,18,1.0,125.0,0.5,0],[9,7,152.1,5,3,19,1.0,0.0,0.0,0],[11,10,329.1,7,0,20,1.0,125.0,3.2,0],[14,13,340.2,4,0,21,1.0,0.0,0.0,0],[12,5,413.7,1,5,22,1.0,0.0,0.0,1],[12,10,317.8,1,5,23,1.0,0.0,0.3,1],[12,18,86.8,7,0,24,1.0,125.0,0.0,0],[18,12,86.8,7,0,25,1.0,125.0,0.7,0],[15,13,319.9,4,0,26,1.0,0.0,0.0,0],[3,2,33.4,1,1,-1,1.0,0.0,0.2,1],[3,10,516.3,1,1,27,1.0,0.0,0.0,1],[3,19,90.0,7,0,28,1.0,125.0,0.0,0],[19,3,90.0,7,0,29,1.0,125.0,2.6,0]],"geoms":[[-71.298914,42.501902,-71.298962,42.501851,-71.298959,42.501801,-71.299003,42.501757,-71.299084,42.501685,-71.299199,42.50161,-71.299283,42.50157,-71.299424,42.501536,-71.299781,42.501444,-71.299942,42.501402,-71.300054,42.50137,-71.300175,42.501303,-71.300279,42.501219,-71.300323,42.501149,-71.300364,42.501032,-71.300408,42.500925,-71.300469,42.500838,-71.30054,42.500796,-71.300698,42.500734,-71.300923,42.50068,-71.301119,42.500628,-71.301196,42.500605,-71.30129,42.500576,-71.30158,42.500487,-71.301856,42.500408,-71.302122,42.500324,-71.30225,42.500262,-71.302327,42.500195,-71.302381,42.500123,-71.302449,42.499956,-71.302548,42.499736],[-71.302548,42.499736,-71.302449,42.499956,-71.302381,42.500123,-71.302327,42.500195,-71.30225,42.500262,-71.302122,42.500324,-71.301856,42.500408,-71.30158,42.500487,-71.30129,42.500576,-71.301196,42.500605,-71.301119,42.500628,-71.300923,42.50068,-71.300698,42.500734,-71.30054,42.500796,-71.300469,42.500838,-71.300408,42.500925,-71.300364,42.501032,-71.300323,42.501149,-71.300279,42.501219,-71.300175,42.501303,-71.300054,42.50137,-71.299942,42.501402,-71.299781,42.501444,-71.299424,42.501536,-71.299283,42.50157,-71.299199,42.50161,-71.299084,42.501685,-71.299003,42.501757,-71.298959,42.501801,-71.298962,42.501851,-71.298914,42.501902],[-71.300714,42.506295,-71.300786,42.506278,-71.301205,42.506211,-71.301361,42.506187,-71.301537,42.506146,-71.301642,42.506093,-71.30173,42.506016,-71.301821,42.505929,-71.30187,42.505854,-71.301926,42.505741,-71.301969,42.505465,-71.302023,42.505021,-71.30208,42.504879],[-71.298823,42.501839,-71.298883,42.501765,-71.298982,42.501641,-71.299213,42.501547,-71.299772,42.501396,-71.300064,42.501317,-71.300261,42.50113,-71.300339,42.500884,-71.300461,42.500788,-71.300618,42.500713,-71.301167,42.500558],[-71.301167,42.500558,-71.301196,42.500605,-71.301269,42.500723],[-71.301167,42.500558,-71.302017,42.500306,-71.302173,42.500248,-71.302327,42.500088,-71.302374,42.499968,-71.302466,42.499735],[-71.301167,42.500558,-71.300618,42.500713,-71.300461,42.500788,-71.300339,42.500884,-71.300261,42.50113,-71.300064,42.501317,-71.299772,42.501396,-71.299213,42.501547,-71.298982,42.501641,-71.298883,42.501765,-71.298823,42.501839],[-71.309971,42.507613,-71.310079,42.507756,-71.310226,42.507855,-71.311257,42.508351,-71.311931,42.508674,-71.312169,42.508767,-71.312543,42.508909,-71.313,42.509062,-71.313294,42.509224],[-71.309971,42.507613,-71.309904,42.507605,-71.308662,42.507478,-71.308246,42.507427,-71.307824,42.507354,-71.307248,42.507228,-71.306871,42.507133,-71.306401,42.506991,-71.306224,42.506934],[-71.309971,42.507613,-71.310437,42.507662,-71.310864,42.507721,-71.311264,42.507806,-71.311746,42.507931,-71.31214,42.508072,-71.312453,42.508198,-71.312671,42.508287,-71.312918,42.508418,-71.313573,42.508784,-71.313734,42.508879,-71.314091,42.509088,-71.314405,42.509285,-71.314788,42.50954,-71.315269,42.509921],[-71.30208,42.504879,-71.302023,42.505021,-71.301969,42.505465,-71.301926,42.505741,-71.30187,42.505854,-71.301821,42.505929,-71.30173,42.506016,-71.301642,42.506093,-71.301537,42.506146,-71.301361,42.506187,-71.301205,42.506211,-71.300786,42.506278,-71.300714,42.506295],[-71.30208,42.504879,-71.302321,42.505057,-71.302921,42.505471,-71.303409,42.50579,-71.303662,42.505957,-71.303896,42.50608,-71.304207,42.506226,-71.304368,42.506293,-71.304377,42.506297,-71.304568,42.506376,-71.304794,42.506455,-71.305199,42.506596,-71.305396,42.506664,-71.305693,42.506761,-71.306224,42.506934],[-71.301269,42.500723,-71.301184,42.500776,-71.301187,42.500842,-71.301215,42.500907,-71.301271,42.500936,-71.301355,42.500936,-71.301434,42.500902,-71.301463,42.500851,-71.301438,42.500779,-71.301373,42.500728,-71.301269,42.500723],[-71.301269,42.500723,-71.301373,42.500728,-71.301438,42.500779,-71.301463,42.500851,-71.301434,42.500902,-71.301355,42.500936,-71.301271,42.500936,-71.301215,42.500907,-71.301187,42.500842,-71.301184,42.500776,-71.301269,42.500723],[-71.301269,42.500723,-71.301196,42.500605,-71.301167,42.500558],[-71.299672,42.509846,-71.299984,42.509831,-71.300335,42.509856,-71.300521,42.509914,-71.300902,42.510141,-71.30116,42.510446,-71.30124,42.510773,-71.301173,42.511086,-71.301034,42.511525,-71.301108,42.512122],[-71.299672,42.509846,-71.299802,42.509924,-71.299948,42.510195,-71.300048,42.510458,-71.300184,42.510744,-71.300253,42.511047,-71.300259,42.511184,-71.300227,42.511341,-71.30022,42.51147,-71.300276,42.511576,-71.300337,42.511697,-71.300324,42.511885,-71.300315,42.512083,-71.300285,42.512247,-71.300339,42.512335,-71.300353,42.512458,-71.3003,42.512525,-71.300259,42.512578],[-71.302066,42.499603,-71.301928,42.499717,-71.301798,42.499774,-71.301511,42.499931,-71.301421,42.499972,-71.301323,42.5,-71.301138,42.500011,-71.300995,42.50002,-71.300859,42.500024,-71.300745,42.500073,-71.300681,42.500185,-71.300571,42.500245,-71.300486,42.500285,-71.300323,42.500368,-71.300241,42.500447,-71.300176,42.500534,-71.300119,42.500634,-71.300197,42.500752,-71.300146,42.50092,-71.300061,42.501007,-71.299953,42.501079,-71.299657,42.501162,-71.299537,42.501219,-71.299423,42.501301,-71.299124,42.501482,-71.298852,42.501588,-71.29873,42.50164,-71.298593,42.501724],[-71.298593,42.501724,-71.29873,42.50164,-71.298852,42.501588,-71.299124,42.501482,-71.299423,42.501301,-71.299537,42.501219,-71.299657,42.501162,-71.299953,42.501079,-71.300061,42.501007,-71.300146,42.50092,-71.300197,42.500752,-71.300119,42.500634,-71.300176,42.500534,-71.300241,42.500447,-71.300323,42.500368,-71.300486,42.500285,-71.300571,42.500245,-71.300681,42.500185,-71.300745,42.500073,-71.300859,42.500024,-71.300995,42.50002,-71.301138,42.500011,-71.301323,42.5,-71.301421,42.499972,-71.301511,42.499931,-71.301798,42.499774,-71.301928,42.499717,-71.302066,42.499603],[-71.302466,42.499735,-71.302374,42.499968,-71.302327,42.500088,-71.302173,42.500248,-71.302017,42.500306,-71.301167,42.500558],[-71.313294,42.509224,-71.313,42.509062,-71.312543,42.508909,-71.312169,42.508767,-71.311931,42.508674,-71.311257,42.508351,-71.310226,42.507855,-71.310079,