{"nodes":[[-71.305516,42.098873,49.8],[-71.306359,42.100535,56.4],[-71.310305,42.099125,65.5],[-71.311041,42.099097,65.1],[-71.3102,42.100076,69.5],[-71.307988,42.099354,63.1],[-71.310652,42.100127,73.3]],"nodeIds":[149743,150024,149858,149967,161207,179956,161208],"names":["Pond Street","Marshall Street","Mallard Way","Blue Heron Way"],"edges":[[0,1,197.5,1,0,-1,1.0,0.0,6.6,1],[2,3,60.8,5,1,-1,1.0,0.0,0.0,0],[2,4,106.4,5,2,0,1.0,0.0,4.0,0],[3,2,60.8,5,1,-1,1.0,0.0,0.4,0],[1,0,197.5,1,0,-1,1.0,0.0,0.0,1],[1,5,189.5,5,1,1,1.0,125.0,6.8,0],[6,3,123.1,5,3,2,1.0,0.0,0.0,0]],"geoms":[[-71.310305,42.099125,-71.310312,42.099426,-71.310288,42.099604,-71.3102,42.100076],[-71.306359,42.100535,-71.30648,42.1005,-71.30666,42.10042,-71.30714,42.10004,-71.307201,42.09999,-71.30755,42.0997,-71.30793,42.0994,-71.307988,42.099354],[-71.310652,42.100127,-71.310713,42.099791,-71.310742,42.099703,-71.310793,42.09962,-71.311006,42.09943,-71.311042,42.099358,-71.311053,42.099274,-71.311041,42.099097]]}