{"nodes":[[-71.303458,42.198979,62.0],[-71.301907,42.19947,64.8],[-71.3056,42.19896,59.7],[-71.306883,42.199391,60.5],[-71.30698,42.199297,60.5],[-71.305867,42.200249,61.5],[-71.301884,42.201452,67.5],[-71.300673,42.198845,66.2]],"nodeIds":[27085,27489,27122,27169,27393,27514,27291,27348],"names":["Flint Locke Lane","Pine Street","Emerson Road","Cypress Street"],"edges":[[0,1,140.1,5,0,0,1.0,0.0,2.8,0],[0,2,187.2,5,0,1,1.0,0.0,0.0,0],[2,0,187.2,5,0,2,1.0,0.0,2.3,0],[2,3,116.8,5,0,3,1.0,0.0,0.8,0],[3,4,13.2,3,1,-1,1.0,0.0,0.0,0],[3,2,116.8,5,0,4,1.0,0.0,0.0,0],[3,5,127.0,3,1,5,1.0,0.0,1.0,0],[6,0,305.4,5,2,6,1.0,0.0,0.0,0],[7,1,123.3,5,3,7,1.0,0.0,0.0,0],[4,3,13.2,3,1,-1,1.0,0.0,0.0,0],[1,7,123.3,5,3,8,1.0,0.0,1.4,0],[1,0,140.1,5,0,9,1.0,0.0,0.0,0],[5,3,127.0,3,1,10,1.0,0.0,0.0,0]],"geoms":[[-71.303458,42.198979,-71.303149,42.199059,-71.302536,42.19921,-71.302352,42.19926,-71.3022,42.19931,-71.30204,42.199384,-71.301907,42.19947],[-71.303458,42.198979,-71.304374,42.198753,-71.304532,42.198727,-71.304674,42.198715,-71.304816,42.198716,-71.304959,42.198731,-71.305099,42.198762,-71.305213,42.198791,-71.305326,42.198833,-71.3056,42.19896],[-71.3056,42.19896,-71.305326,42.198833,-71.305213,42.198791,-71.305099,42.198762,-71.304959,42.198731,-71.304816,42.198716,-71.304674,42.198715,-71.304532,42.198727,-71.304374,42.198753,-71.303458,42.198979],[-71.3056,42.19896,-71.30582,42.199063,-71.305999,42.199148,-71.306129,42.1992,-71.306271,42.199246,-71.306497,42.199296,-71.306672,42.199337,-71.306752,42.199357,-71.306883,42.199391],[-71.306883,42.199391,-71.306752,42.199357,-71.306672,42.199337,-71.306497,42.199296,-71.306271,42.199246,-71.306129,42.1992,-71.305999,42.199148,-71.30582,42.199063,-71.3056,42.19896],[-71.306883,42.199391,-71.306736,42.199535,-71.3065,42.19975,-71.305867,42.200249],[-71.301884,42.201452,-71.302388,42.200891,-71.3027,42.20037,-71.303379,42.199214,-71.303417,42.199109,-71.303458,42.198979],[-71.300673,42.198845,-71.300822,42.198939,-71.301644,42.199343,-71.30175,42.199399,-71.301907,42.19947],[-71.301907,42.19947,-71.30175,42.199399,-71.301644,42.199343,-71.300822,42.198939,-71.300673,42.198845],[-71.301907,42.19947,-71.30204,42.199384,-71.3022,42.19931,-71.302352,42.19926,-71.302536,42.19921,-71.303149,42.199059,-71.303458,42.198979],[-71.305867,42.200249,-71.3065,42.19975,-71.306736,42.199535,-71.306883,42.199391]]}