{"nodes":[[-71.294416,42.200254,74.5],[-71.29387,42.199755,68.3],[-71.29757,42.19961,67.2],[-71.293191,42.200006,67.0],[-71.290038,42.199707,76.3],[-71.292598,42.199982,66.8],[-71.300673,42.198845,66.2],[-71.29836,42.20062,68.8],[-71.298578,42.195425,62.9]],"nodeIds":[557,558,27235,27458,27321,27372,27348,27417,57603],"names":["","Erik Road","Quarry Road","Green Street","Woodcliff Hills Trail"],"edges":[[0,1,73.5,4,0,0,1.0,0.0,0.0,0],[0,2,272.0,5,1,1,1.0,0.0,0.0,0],[1,3,63.6,5,2,2,1.0,0.0,0.0,0],[2,0,272.0,5,1,3,1.0,0.0,7.4,0],[4,5,214.8,5,2,4,1.0,0.0,0.0,0],[6,7,277.6,5,3,5,1.0,0.0,2.6,0],[5,4,214.8,5,2,6,1.0,0.0,9.6,0],[7,6,277.6,5,3,7,1.0,0.0,0.0,0],[3,1,63.6,5,2,8,1.0,0.0,1.3,0],[3,8,749.6,4,4,9,1.0,0.0,0.0,0],[8,3,749.6,4,4,10,1.0,0.0,4.1,0]],"geoms":[[-71.294416,42.200254,-71.294229,42.200162,-71.294166,42.200081,-71.294096,42.199954,-71.293988,42.199824,-71.29387,42.199755],[-71.294416,42.200254,-71.294698,42.200202,-71.294833,42.200195,-71.295016,42.200183,-71.295198,42.200162,-71.295377,42.200125,-71.295731,42.200028,-71.295869,42.199998,-71.296017,42.19998,-71.296363,42.199959,-71.296414,42.199956,-71.296544,42.19994,-71.296665,42.199917,-71.296785,42.199889,-71.296898,42.199854,-71.297438,42.199658,-71.29757,42.19961],[-71.29387,42.199755,-71.293606,42.199909,-71.293404,42.199971,-71.293191,42.200006],[-71.29757,42.19961,-71.297438,42.199658,-71.296898,42.199854,-71.296785,42.199889,-71.296665,42.199917,-71.296544,42.19994,-71.296414,42.199956,-71.296363,42.199959,-71.296017,42.19998,-71.295869,42.199998,-71.295731,42.200028,-71.295377,42.200125,-71.295198,42.200162,-71.295016,42.200183,-71.294833,42.200195,-71.294698,42.200202,-71.294416,42.200254],[-71.290038,42.199707,-71.290646,42.199741,-71.291193,42.199767,-71.291499,42.199776,-71.291575,42.199775,-71.291788,42.199788,-71.292072,42.199832,-71.292598,42.199982],[-71.300673,42.198845,-71.30016,42.19942,-71.29988,42.19971,-71.29978,42.19979,-71.29951,42.19998,-71.29878,42.2004,-71.29836,42.20062],[-71.292598,42.199982,-71.292072,42.199832,-71.291788,42.199788,-71.291575,42.199775,-71.291499,42.199776,-71.291193,42.199767,-71.290646,42.199741,-71.290038,42.199707],[-71.29836,42.20062,-71.29878,42.2004,-71.29951,42.19998,-71.29978,42.19979,-71.29988,42.19971,-71.30016,42.19942,-71.300673,42.198845],[-71.293191,42.200006,-71.293404,42.199971,-71.293606,42.199909,-71.29387,42.199755],[-71.293191,42.200006,-71.293171,42.199908,-71.293128,42.199765,-71.293085,42.199606,-71.293085,42.199519,-71.293171,42.199447,-71.293321,42.199336,-71.293449,42.199241,-71.293632,42.199161,-71.293814,42.199066,-71.2939,42.19901,-71.293954,42.198907,-71.294039,42.198811,-71.29419,42.198708,-71.294329,42.198605,-71.294437,42.198517,-71.294597,42.198366,-71.294737,42.198239,-71.294866,42.198096,-71.294973,42.197953,-71.295091,42.197834,-71.295177,42.197731,-71.295263,42.197619,-71.295413,42.197413,-71.295477,42.197341,-71.295574,42.197301,-71.295724,42.197246,-71.29581,42.197198,-71.295821,42.197063,-71.295885,42.196912,-71.295906,42.196777,-71.295896,42.196658,-71.295981,42.19657,-71.296142,42.196435,-71.296357,42.196316,-71.296539,42.196196,-71.296733,42.196133,-71.296926,42.196101,-71.296999,42.196098,-71.297175,42.196094,-71.297347,42.196082,-71.297494,42.196077,-71.297719,42.196125,-71.297837,42.196117,-71.29802,42.196022,-71.298224,42.195887,-71.298374,42.195767,-71.298492,42.195656,-71.298529,42.195556,-71.298578,42.195425],[-71.298578,42.195425,-71.298529,42.195556,-71.298492,42.195656,-71.298374,42.195767,-71.298224,42.195887,-71.29802,42.196022,-71.297837,42.196117,-71.297719,42.196125,-71.297494,42.196077,-71.297347,42.196082,-71.297175,42.196094,-71.296999,42.196098,-71.296926,42.196101,-71.296733,42.196133,-71.296539,42.196196,-71.296357,42.196316,-71.296142,42.196435,-71.295981,42.19657,-71.295896,42.196658,-71.295906,42.196777,-71.295885,42.196912,-71.295821,42.197063,-71.29581,42.197198,-71.295724,42.197246,-71.295574,42.197301,-71.295477,42.197341,-71.295413,42.197413,-71.295263,42.197619,-71.295177,42.197731,-71.295091,42.197834,-71.294973,42.197953,-71.294866,42.198096,-71.294737,42.198239,-71.294597,42.198366,-71.294437,42.198517,-71.294329,42.198605,-71.29419,42.198708,-71.294039,42.198811,-71.293954,42.198907,-71.2939,42.19901,-71.293814,42.199066,-71.293632,42.199161,-71.293449,42.199241,-71.293321,42.199336,-71.293171,42.199447,-71.293085,42.199519,-71.293085,42.199606,-71.293128,42.199765,-71.293171,42.199908,-71.293191,42.200006]]}