{"nodes":[[-71.290188,42.09903,72.1],[-71.288686,42.1021,88.9],[-71.285947,42.0991,93.7],[-71.286389,42.100219,95.3]],"nodeIds":[149865,171495,181384,181385],"names":["Dedham Street",""],"edges":[[0,1,363.2,1,0,0,1.0,0.0,16.8,1],[1,0,363.2,1,0,1,1.0,0.0,0.0,1],[2,3,129.7,4,1,2,1.0,0.0,1.6,0],[3,2,129.7,4,1,3,1.0,0.0,0.0,0]],"geoms":[[-71.290188,42.09903,-71.290058,42.099261,-71.289884,42.099616,-71.288686,42.1021],[-71.288686,42.1021,-71.289884,42.099616,-71.290058,42.099261,-71.290188,42.09903],[-71.285947,42.0991,-71.286023,42.099272,-71.286095,42.099475,-71.286152,42.099633,-71.286226,42.099789,-71.286313,42.099986,-71.286389,42.100219],[-71.286389,42.100219,-71.286313,42.099986,-71.286226,42.099789,-71.286152,42.099633,-71.286095,42.099475,-71.286023,42.099272,-71.285947,42.0991]]}