{"nodes":[[-71.272015,42.200135,73.7],[-71.27346,42.19941,69.0],[-71.274448,42.199119,64.8],[-71.275458,42.200115,66.4],[-71.277024,42.199404,67.4],[-71.262146,42.200238,84.4],[-71.262225,42.199299,80.1],[-71.268696,42.199607,85.2],[-71.268658,42.200066,87.5]],"nodeIds":[27150,27429,57622,57621,57623,120538,138271,135509,135510],"names":["Main Street","","Dead End","Crosswoods Path","Old Town Road"],"edges":[[0,1,143.9,1,0,0,1.0,0.0,0.0,1],[1,2,88.2,1,0,1,1.0,0.0,0.0,1],[3,2,146.0,4,1,2,1.0,125.0,0.0,0],[3,4,158.3,4,2,3,1.0,0.0,1.0,0],[2,1,88.2,1,0,4,1.0,0.0,4.2,1],[2,3,146.0,4,1,5,1.0,125.0,1.6,0],[4,3,158.3,4,2,6,1.0,0.0,0.0,0],[5,6,107.1,5,3,7,1.0,0.0,0.0,0],[7,8,51.7,5,4,8,1.0,0.0,2.4,0],[8,7,51.7,5,4,9,1.0,0.0,0.0,0],[6,5,107.1,5,3,10,1.0,0.0,4.4,0]],"geoms":[[-71.272015,42.200135,-71.272182,42.200069,-71.27243,42.19996,-71.27346,42.19941],[-71.27346,42.19941,-71.27379,42.19927,-71.27406,42.19919,-71.274264,42.199151,-71.27437,42.19913,-71.274448,42.199119],[-71.275458,42.200115,-71.275388,42.200043,-71.275356,42.19998,-71.275297,42.199881,-71.275249,42.199813,-71.275163,42.199734,-71.275007,42.199662,-71.274841,42.199606,-71.274723,42.199559,-71.274653,42.199479,-71.274577,42.199402,-71.274546,42.199393,-71.274508,42.199324,-71.274487,42.199261,-71.274448,42.199119],[-71.275458,42.200115,-71.275463,42.200091,-71.275522,42.200024,-71.275613,42.199924,-71.275689,42.199841,-71.275737,42.199797,-71.275828,42.199753,-71.275946,42.19973,-71.27608,42.199694,-71.276214,42.199666,-71.276466,42.199598,-71.276622,42.199543,-71.276751,42.199515,-71.276863,42.199471,-71.276955,42.199455,-71.277024,42.199404],[-71.274448,42.199119,-71.27437,42.19913,-71.274264,42.199151,-71.27406,42.19919,-71.27379,42.19927,-71.27346,42.19941],[-71.274448,42.199119,-71.274487,42.199261,-71.274508,42.199324,-71.274546,42.199393,-71.274577,42.199402,-71.274653,42.199479,-71.274723,42.199559,-71.274841,42.199606,-71.275007,42.199662,-71.275163,42.199734,-71.275249,42.199813,-71.275297,42.199881,-71.275356,42.19998,-71.275388,42.200043,-71.275458,42.200115],[-71.277024,42.199404,-71.276955,42.199455,-71.276863,42.199471,-71.276751,42.199515,-71.276622,42.199543,-71.276466,42.199598,-71.276214,42.199666,-71.27608,42.199694,-71.275946,42.19973,-71.275828,42.199753,-71.275737,42.199797,-71.275689,42.199841,-71.275613,42.199924,-71.275522,42.200024,-71.275463,42.200091,-71.275458,42.200115],[-71.262146,42.200238,-71.262053,42.200073,-71.262097,42.199803,-71.262103,42.199767,-71.262107,42.199744,-71.262142,42.199612,-71.262225,42.199299],[-71.268696,42.199607,-71.268632,42.199839,-71.268637,42.19997,-71.268658,42.200066],[-71.268658,42.200066,-71.268637,42.19997,-71.268632,42.199839,-71.268696,42.199607],[-71.262225,42.199299,-71.262142,42.199612,-71.262107,42.199744,-71.262103,42.199767,-71.262097,42.199803,-71.262053,42.200073,-71.262146,42.200238]]}