{"nodes":[[-71.259435,42.101222,74.0],[-71.263443,42.098779,76.8],[-71.260989,42.100606,73.1],[-71.270368,42.100225,82.9],[-71.274661,42.097541,76.0],[-71.269536,42.099426,86.0],[-71.264426,42.099861,74.8],[-71.264857,42.09925,75.1]],"nodeIds":[150062,150068,171033,152972,179899,159507,159443,159445],"names":["","Washington Street","Summer Street","Linden Way"],"edges":[[0,0,1019.3,7,0,0,1.0,0.0,0.0,0],[0,0,1019.3,7,0,1,1.0,0.0,0.0,0],[1,2,286.8,1,1,2,1.0,0.0,0.0,1],[3,4,469.6,3,2,3,1.0,0.0,0.0,0],[3,5,113.3,5,3,4,1.0,0.0,3.0,0],[6,7,76.7,4,0,-1,1.0,0.0,0.4,0],[7,6,76.7,4,0,-1,1.0,0.0,0.0,0],[2,1,286.8,1,1,5,1.0,0.0,3.7,1],[4,3,469.6,3,2,6,1.0,0.0,7.0,0]],"geoms":[[-71.259435,42.101222,-71.259856,42.101145,-71.260131,42.100958,-71.261478,42.09996,-71.261467,42.099776,-71.262028,42.099338,-71.262198,42.099147,-71.262275,42.099031,-71.262263,42.09895,-71.261886,42.098609,-71.261933,42.098448,-71.261954,42.098378,-71.261982,42.098284,-71.261993,42.098247,-71.261957,42.098163,-71.261547,42.097829,-71.261312,42.097793,-71.26108,42.097814,-71.260679,42.098065,-71.25893,42.099339,-71.258773,42.099491,-71.258743,42.099642,-71.258733,42.099771,-71.259154,42.100548,-71.259435,42.101222],[-71.259435,42.101222,-71.259154,42.100548,-71.258733,42.099771,-71.258743,42.099642,-71.258773,42.099491,-71.25893,42.099339,-71.260679,42.098065,-71.26108,42.097814,-71.261312,42.097793,-71.261547,42.097829,-71.261957,42.098163,-71.261993,42.098247,-71.261982,42.098284,-71.261954,42.098378,-71.261933,42.098448,-71.261886,42.098609,-71.262263,42.09895,-71.262275,42.099031,-71.262198,42.099147,-71.262028,42.099338,-71.261467,42.099776,-71.261478,42.09996,-71.260131,42.100958,-71.259856,42.101145,-71.259435,42.101222],[-71.263443,42.098779,-71.263008,42.099102,-71.260989,42.100606],[-71.270368,42.100225,-71.270546,42.100016,-71.270747,42.099784,-71.270811,42.099711,-71.270874,42.099648,-71.270943,42.099581,-71.271016,42.099515,-71.271139,42.099421,-71.271243,42.099347,-71.271424,42.099235,-71.271548,42.099162,-71.271824,42.099001,-71.272033,42.098874,-71.272354,42.098675,-71.27263,42.098505,-71.273043,42.098268,-71.273527,42.097998,-71.273759,42.097879,-71.273974,42.097786,-71.274124,42.097722,-71.274195,42.097695,-71.274294,42.097658,-71.274405,42.09762,-71.2745,42.097588,-71.274661,42.097541],[-71.270368,42.100225,-71.270188,42.100127,-71.270097,42.100063,-71.270016,42.099974,-71.269753,42.099662,-71.269536,42.099426],[-71.260989,42.100606,-71.263008,42.099102,-71.263443,42.098779],[-71.274661,42.097541,-71.2745,42.097588,-71.274405,42.09762,-71.274294,42.097658,-71.274195,42.097695,-71.274124,42.097722,-71.273974,42.097786,-71.273759,42.097879,-71.273527,42.097998,-71.273043,42.098268,-71.27263,42.098505,-71.272354,42.098675,-71.272033,42.098874,-71.271824,42.099001,-71.271548,42.099162,-71.271424,42.099235,-71.271243,42.099347,-71.271139,42.099421,-71.271016,42.099515,-71.270943,42.099581,-71.270874,42.099648,-71.270811,42.099711,-71.270747,42.099784,-71.270546,42.100016,-71.270368,42.100225]]}