{"nodes":[[-71.258244,42.197721,73.4],[-71.258036,42.201149,75.9],[-71.24435,42.20279,60.8],[-71.24656,42.20158,62.6],[-71.23988,42.20079,52.0],[-71.240202,42.198079,51.1],[-71.240981,42.200903,53.1]],"nodeIds":[37313,37318,46373,47029,46774,47044,47241],"names":["Deborah Drive","Stanford Drive","Sunrise Road","Linden Street"],"edges":[[0,1,410.3,5,0,0,1.0,0.0,2.5,0],[1,0,410.3,5,0,1,1.0,0.0,0.0,0],[2,3,900.1,5,1,2,1.0,250.0,1.9,0],[4,5,302.7,5,2,3,1.0,0.0,0.0,0],[3,2,900.1,5,1,4,1.0,250.0,0.0,0],[5,6,457.3,5,3,5,1.0,0.0,2.0,0],[5,4,302.7,5,2,6,1.0,0.0,0.9,0],[6,5,457.3,5,3,7,1.0,0.0,0.0,0]],"geoms":[[-71.258244,42.197721,-71.258212,42.19773,-71.25818,42.197747,-71.258157,42.197766,-71.258138,42.197788,-71.258124,42.197821,-71.258116,42.197852,-71.258105,42.197905,-71.258094,42.197977,-71.258085,42.198038,-71.258068,42.198404,-71.258066,42.198479,-71.258059,42.198605,-71.258058,42.198624,-71.258076,42.198716,-71.258083,42.198745,-71.258099,42.198766,-71.258171,42.198879,-71.258319,42.199074,-71.258323,42.199079,-71.258479,42.199285,-71.258671,42.199558,-71.2587,42.19961,-71.258739,42.199695,-71.258741,42.199784,-71.258717,42.19989,-71.258561,42.200162,-71.258373,42.200535,-71.258163,42.200936,-71.258036,42.201149],[-71.258036,42.201149,-71.258163,42.200936,-71.258373,42.200535,-71.258561,42.200162,-71.258717,42.19989,-71.258741,42.199784,-71.258739,42.199695,-71.2587,42.19961,-71.258671,42.199558,-71.258479,42.199285,-71.258323,42.199079,-71.258319,42.199074,-71.258171,42.198879,-71.258099,42.198766,-71.258083,42.198745,-71.258076,42.198716,-71.258058,42.198624,-71.258059,42.198605,-71.258066,42.198479,-71.258068,42.198404,-71.258085,42.198038,-71.258094,42.197977,-71.258105,42.197905,-71.258116,42.197852,-71.258124,42.197821,-71.258138,42.197788,-71.258157,42.197766,-71.25818,42.197747,-71.258212,42.19773,-71.258244,42.197721],[-71.24435,42.20279,-71.244264,42.202747,-71.24419,42.20271,-71.244055,42.202609,-71.244013,42.202543,-71.24399,42.20235,-71.243978,42.202267,-71.24393,42.20193,-71.24392,42.20151,-71.24402,42.20075,-71.24407,42.2002,-71.24421,42.19895,-71.24426,42.19883,-71.24432,42.19877,-71.24459,42.19869,-71.24521,42.19869,-71.24538,42.1987,-71.245471,42.198721,-71.24558,42.1988,-71.24573,42.19896,-71.24628,42.19992,-71.24631,42.20008,-71.24628,42.20018,-71.24621,42.20059,-71.2462,42.20072,-71.24622,42.200821,-71.246532,42.201518,-71.24656,42.20158],[-71.23988,42.20079,-71.239905,42.200675,-71.239942,42.200359,-71.240028,42.199626,-71.240061,42.199214,-71.24013,42.19872,-71.240202,42.198079],[-71.24656,42.20158,-71.246532,42.201518,-71.24622,42.200821,-71.2462,42.20072,-71.24621,42.20059,-71.24628,42.20018,-71.24631,42.20008,-71.24628,42.19992,-71.24573,42.19896,-71.24558,42.1988,-71.245471,42.198721,-71.24538,42.1987,-71.24521,42.19869,-71.24459,42.19869,-71.24432,42.19877,-71.24426,42.19883,-71.24421,42.19895,-71.24407,42.2002,-71.24402,42.20075,-71.24392,42.20151,-71.24393,42.20193,-71.243978,42.202267,-71.24399,42.20235,-71.244013,42.202543,-71.244055,42.202609,-71.24419,42.20271,-71.244264,42.202747,-71.24435,42.20279],[-71.240202,42.198079,-71.241071,42.198112,-71.24194,42.198174,-71.24162,42.19912,-71.24142,42.19971,-71.24129,42.20004,-71.24116,42.20045,-71.241083,42.200672,-71.240981,42.200903],[-71.240202,42.198079,-71.24013,42.19872,-71.240061,42.199214,-71.240028,42.199626,-71.239942,42.200359,-71.239905,42.200675,-71.23988,42.20079],[-71.240981,42.200903,-71.241083,42.200672,-71.24116,42.20045,-71.24129,42.20004,-71.24142,42.19971,-71.24162,42.19912,-71.24194,42.198174,-71.241071,42.198112,-71.240202,42.198079]]}