{"nodes":[[-71.246606,42.299738,28.8],[-71.246309,42.300228,27.2],[-71.244256,42.300252,27.7],[-71.241893,42.298148,30.9],[-71.246966,42.299372,30.7],[-71.246473,42.300282,27.0],[-71.24723,42.299413,29.3]],"nodeIds":[21028,21060,21105,21129,45757,21066,46831],"names":["Central Avenue","Booth Street",""],"edges":[[0,1,59.7,2,0,0,1.0,0.0,0.0,1],[1,0,59.7,2,0,1,1.0,0.0,1.6,1],[2,3,314.7,5,1,2,1.0,0.0,3.2,0],[3,2,314.7,5,1,3,1.0,0.0,0.0,0],[4,5,109.2,7,2,4,1.0,0.0,0.0,0],[4,6,22.4,7,2,5,1.0,0.0,0.0,0],[6,4,22.4,7,2,6,1.0,0.0,1.4,0]],"geoms":[[-71.246606,42.299738,-71.246577,42.299785,-71.246548,42.299832,-71.246458,42.299982,-71.246384,42.300104,-71.246345,42.300168,-71.246309,42.300228],[-71.246309,42.300228,-71.246345,42.300168,-71.246384,42.300104,-71.246458,42.299982,-71.246548,42.299832,-71.246577,42.299785,-71.246606,42.299738],[-71.244256,42.300252,-71.24342,42.29988,-71.243096,42.29973,-71.242993,42.29967,-71.242915,42.299606,-71.242853,42.299522,-71.242049,42.298401,-71.241893,42.298148],[-71.241893,42.298148,-71.242049,42.298401,-71.242853,42.299522,-71.242915,42.299606,-71.242993,42.29967,-71.243096,42.29973,-71.24342,42.29988,-71.244256,42.300252],[-71.246966,42.299372,-71.246939,42.299453,-71.246907,42.299534,-71.246831,42.299677,-71.246749,42.299818,-71.246594,42.300079,-71.246473,42.300282],[-71.246966,42.299372,-71.247102,42.299407,-71.247126,42.299411,-71.24715,42.299413,-71.247175,42.299414,-71.247195,42.299414,-71.247214,42.299413,-71.24723,42.299413],[-71.24723,42.299413,-71.247214,42.299413,-71.247195,42.299414,-71.247175,42.299414,-71.24715,42.299413,-71.247126,42.299411,-71.247102,42.299407,-71.246966,42.299372]]}