{"nodes":[[-71.227938,42.300481,42.5],[-71.225714,42.299163,40.7],[-71.230944,42.300345,42.8],[-71.230322,42.299812,43.9],[-71.234457,42.300415,41.2],[-71.235413,42.299131,44.7],[-71.228111,42.299651,44.2],[-71.233467,42.299366,44.9],[-71.23244,42.30001,51.2],[-71.23004,42.299937,42.7],[-71.230086,42.299976,42.7],[-71.230247,42.299748,45.1],[-71.237978,42.300065,48.4],[-71.23715,42.299324,48.2],[-71.238116,42.299946,47.8],[-71.237775,42.298931,49.6],[-71.229739,42.300022,43.1],[-71.24047,42.30088,48.5],[-71.229062,42.300439,43.5],[-71.221721,42.299921,32.6],[-71.221509,42.29996,32.6],[-71.229823,42.300097,42.8]],"nodeIds":[21007,21019,21008,53866,21011,32145,21118,21026,21062,21057,53863,21070,21063,21065,34403,21087,60516,21107,21151,38264,38265,61115],"names":["David Road","","Hillside Avenue","Hunting Road","Guild Road","Putnam Street","Highland Avenue","Avery Street","Sunnyside Road","Greenough Street","Pine Grove Street"],"edges":[[0,1,278.1,5,0,0,1.0,125.0,0.0,0],[2,3,78.4,7,1,1,1.0,0.0,1.1,0],[4,5,162.9,3,2,-1,1.0,0.0,3.5,0],[1,0,278.1,5,0,2,1.0,125.0,1.8,0],[1,6,207.5,2,3,3,1.0,0.0,3.5,1],[7,8,111.4,5,4,4,1.0,0.0,6.3,0],[9,10,5.9,5,5,-1,1.0,125.0,0.0,0],[9,11,27.0,1,6,-1,1.0,0.0,2.4,1],[8,7,111.4,5,4,5,1.0,0.0,0.0,0],[12,13,106.9,5,7,-1,1.0,0.0,0.0,0],[12,14,17.4,5,8,6,1.0,0.0,0.0,0],[13,15,67.5,5,9,-1,1.0,0.0,1.4,0],[13,12,106.9,5,7,-1,1.0,0.0,0.2,0],[11,3,9.4,7,1,-1,1.0,125.0,0.0,0],[11,16,51.8,1,6,7,1.0,0.0,0.0,1],[15,13,67.5,5,9,-1,1.0,0.0,0.0,0],[15,17,315.1,5,10,8,1.0,0.0,0.0,0],[17,15,315.1,5,10,9,1.0,0.0,1.1,0],[6,1,207.5,2,3,10,1.0,0.0,0.0,1],[18,6,117.6,2,3,11,1.0,0.0,0.7,1],[5,4,162.9,3,2,-1,1.0,0.0,0.0,0],[19,20,18.0,7,1,-1,1.0,0.0,0.0,0],[20,19,18.0,7,1,-1,1.0,0.0,0.0,0],[10,9,5.9,5,5,-1,1.0,125.0,0.0,0],[10,3,26.7,4,6,-1,1.0,0.0,1.2,0],[3,11,9.4,7,1,-1,1.0,125.0,1.2,0],[21,9,25.3,1,6,12,1.0,0.0,0.0,1]],"geoms":[[-71.227938,42.300481,-71.227682,42.300641,-71.227652,42.300656,-71.227618,42.300667,-71.227585,42.30067,-71.227551,42.300666,-71.227513,42.300656,-71.227477,42.300641,-71.227443,42.300622,-71.225803,42.2996,-71.225767,42.299574,-71.225735,42.299548,-71.22571,42.299519,-71.22569,42.299489,-71.225676,42.299459,-71.225668,42.299423,-71.225669,42.299386,-71.225679,42.29934,-71.225694,42.299273,-71.225704,42.299219,-71.225714,42.299163],[-71.230944,42.300345,-71.230917,42.300326,-71.230891,42.300307,-71.230637,42.300114,-71.230599,42.30008,-71.230408,42.299888,-71.23038,42.299861,-71.230351,42.299835,-71.230335,42.299823,-71.230322,42.299812],[-71.225714,42.299163,-71.225704,42.299219,-71.225694,42.299273,-71.225679,42.29934,-71.225669,42.299386,-71.225668,42.299423,-71.225676,42.299459,-71.22569,42.299489,-71.22571,42.299519,-71.225735,42.299548,-71.225767,42.299574,-71.225803,42.2996,-71.227443,42.300622,-71.227477,42.300641,-71.227513,42.300656,-71.227551,42.300666,-71.227585,42.30067,-71.227618,42.300667,-71.227652,42.300656,-71.227682,42.300641,-71.227938,42.300481],[-71.225714,42.299163,-71.226915,42.299288,-71.227014,42.2993,-71.227102,42.299311,-71.227193,42.299325,-71.22728,42.29934,-71.227364,42.299356,-71.227443,42.299375,-71.22753,42.299399,-71.227606,42.299423,-71.227683,42.29945,-71.227765,42.299483,-71.22785,42.299518,-71.227935,42.299557,-71.228027,42.299604,-71.228111,42.299651],[-71.233467,42.299366,-71.233423,42.299375,-71.233383,42.299387,-71.23334,42.299405,-71.2333,42.299428,-71.23244,42.30001],[-71.23244,42.30001,-71.2333,42.299428,-71.23334,42.299405,-71.233383,42.299387,-71.233423,42.299375,-71.233467,42.299366],[-71.237978,42.300065,-71.238018,42.300036,-71.238046,42.300013,-71.238069,42.299993,-71.238092,42.29997,-71.238116,42.299946],[-71.230247,42.299748,-71.229893,42.299925,-71.229739,42.300022],[-71.237775,42.298931,-71.23844,42.29953,-71.23856,42.29961,-71.23865,42.29965,-71.23881,42.29969,-71.23901,42.29973,-71.23911,42.29977,-71.23927,42.29987,-71.23994,42.30045,-71.24047,42.30088],[-71.24047,42.30088,-71.23994,42.30045,-71.23927,42.29987,-71.23911,42.29977,-71.23901,42.29973,-71.23881,42.29969,-71.23865,42.29965,-71.23856,42.29961,-71.23844,42.29953,-71.237775,42.298931],[-71.228111,42.299651,-71.228027,42.299604,-71.227935,42.299557,-71.22785,42.299518,-71.227765,42.299483,-71.227683,42.29945,-71.227606,42.299423,-71.22753,42.299399,-71.227443,42.299375,-71.227364,42.299356,-71.22728,42.29934,-71.227193,42.299325,-71.227102,42.299311,-71.227014,42.2993,-71.226915,42.299288,-71.225714,42.299163],[-71.229062,42.300439,-71.228974,42.300357,-71.228954,42.300339,-71.22871,42.300125,-71.228384,42.299849,-71.228283,42.299766,-71.228212,42.299715,-71.228111,42.299651],[-71.229823,42.300097,-71.229977,42.299991,-71.23004,42.299937]]}