{"nodes":[[-71.209637,42.296891,28.7],[-71.21166,42.301992,26.9],[-71.206873,42.298977,34.4],[-71.20702,42.300464,32.6],[-71.205956,42.298907,39.1],[-71.208734,42.30008,29.8],[-71.208587,42.299945,30.1],[-71.216499,42.30003,31.7],[-71.216233,42.29976,31.7],[-71.212424,42.299695,30.0],[-71.212676,42.300122,30.0],[-71.215423,42.298975,31.7],[-71.214072,42.300148,30.8],[-71.218814,42.300667,31.9],[-71.217245,42.299836,32.0]],"nodeIds":[669,670,705,1142,1143,20062,18573,35218,46090,38296,60396,38299,50884,43916,43917],"names":["Blue Heron Trail","","Fourth Avenue"],"edges":[[0,1,749.7,4,0,0,1.0,0.0,0.0,0],[1,0,749.7,4,0,1,1.0,0.0,1.8,0],[2,3,177.7,4,1,2,1.0,0.0,0.0,0],[3,4,205.0,4,1,3,1.0,0.0,6.6,0],[3,2,177.7,4,1,4,1.0,0.0,1.8,0],[4,3,205.0,4,1,5,1.0,0.0,0.0,0],[5,6,25.9,7,1,6,1.0,0.0,0.2,0],[7,8,37.1,7,1,-1,1.0,0.0,0.0,0],[9,10,52.3,5,2,7,1.0,0.0,0.0,0],[11,12,204.3,7,1,8,1.0,0.0,0.0,0],[13,14,192.8,7,1,9,1.0,0.0,0.1,0],[14,13,192.8,7,1,10,1.0,0.0,0.0,0],[8,7,37.1,7,1,-1,1.0,0.0,0.0,0],[12,11,204.3,7,1,11,1.0,0.0,0.9,0],[10,9,52.3,5,2,12,1.0,0.0,0.0,0]],"geoms":[[-71.209637,42.296891,-71.208905,42.297065,-71.208762,42.297112,-71.208711,42.297147,-71.208663,42.297218,-71.2086,42.297336,-71.208706,42.297406,-71.208748,42.297438,-71.208792,42.297467,-71.208834,42.297491,-71.209002,42.29758,-71.20904,42.2976,-71.209078,42.297623,-71.209334,42.297811,-71.209518,42.297936,-71.209754,42.2981,-71.210181,42.298406,-71.21061,42.298684,-71.211253,42.299091,-71.211557,42.299293,-71.211613,42.299333,-71.211642,42.299368,-71.211652,42.29938,-71.211877,42.299676,-71.21202,42.299917,-71.21212,42.300126,-71.21217,42.30043,-71.212153,42.300668,-71.212113,42.300956,-71.212034,42.301231,-71.211904,42.301525,-71.21166,42.301992],[-71.21166,42.301992,-71.211904,42.301525,-71.212034,42.301231,-71.212113,42.300956,-71.212153,42.300668,-71.21217,42.30043,-71.21212,42.300126,-71.21202,42.299917,-71.211877,42.299676,-71.211652,42.29938,-71.211642,42.299368,-71.211613,42.299333,-71.211557,42.299293,-71.211253,42.299091,-71.21061,42.298684,-71.210181,42.298406,-71.209754,42.2981,-71.209518,42.297936,-71.209334,42.297811,-71.209078,42.297623,-71.20904,42.2976,-71.209002,42.29758,-71.208834,42.297491,-71.208792,42.297467,-71.208748,42.297438,-71.208706,42.297406,-71.2086,42.297336,-71.208663,42.297218,-71.208711,42.297147,-71.208762,42.297112,-71.208905,42.297065,-71.209637,42.296891],[-71.206873,42.298977,-71.207172,42.299268,-71.207275,42.299932,-71.20702,42.300464],[-71.20702,42.300464,-71.206517,42.300037,-71.206358,42.299618,-71.206098,42.299508,-71.205981,42.299327,-71.205956,42.298907],[-71.20702,42.300464,-71.207275,42.299932,-71.207172,42.299268,-71.206873,42.298977],[-71.205956,42.298907,-71.205981,42.299327,-71.206098,42.299508,-71.206358,42.299618,-71.206517,42.300037,-71.20702,42.300464],[-71.208734,42.30008,-71.208737,42.300013,-71.208706,42.299939,-71.208587,42.299945],[-71.212424,42.299695,-71.212461,42.299735,-71.212509,42.29979,-71.212546,42.299839,-71.212579,42.299888,-71.21261,42.299939,-71.212635,42.299992,-71.212655,42.300049,-71.212671,42.300103,-71.212676,42.300122],[-71.215423,42.298975,-71.215407,42.298966,-71.215389,42.298958,-71.215366,42.298954,-71.215272,42.298942,-71.21525,42.298942,-71.215227,42.298943,-71.215207,42.298947,-71.215188,42.298954,-71.214526,42.299329,-71.213941,42.299671,-71.214072,42.300148],[-71.218814,42.300667,-71.217801,42.299662,-71.217612,42.299635,-71.217245,42.299836],[-71.217245,42.299836,-71.217612,42.299635,-71.217801,42.299662,-71.218814,42.300667],[-71.214072,42.300148,-71.213941,42.299671,-71.214526,42.299329,-71.215188,42.298954,-71.215207,42.298947,-71.215227,42.298943,-71.21525,42.298942,-71.215272,42.298942,-71.215366,42.298954,-71.215389,42.298958,-71.215407,42.298966,-71.215423,42.298975],[-71.212676,42.300122,-71.212671,42.300103,-71.212655,42.300049,-71.212635,42.299992,-71.21261,42.299939,-71.212579,42.299888,-71.212546,42.299839,-71.212509,42.29979,-71.212461,42.299735,-71.212424,42.299695]]}