{"nodes":[[-71.20207,42.19981,52.9],[-71.20307,42.199308,53.1],[-71.218472,42.20026,55.6],[-71.216466,42.197282,65.5],[-71.20444,42.19862,54.6],[-71.210489,42.199619,58.6],[-71.20989,42.19984,59.4],[-71.212571,42.198938,62.1],[-71.213085,42.200402,57.4],[-71.20922,42.20045,59.0],[-71.20716,42.19957,60.7],[-71.20683,42.20009,57.9],[-71.20073,42.20046,52.9],[-71.20039,42.19794,48.3],[-71.20631,42.20078,56.1],[-71.215116,42.199392,58.5],[-71.21629,42.19836,60.7],[-71.21751,42.200578,56.2],[-71.20515,42.19827,56.5]],"nodeIds":[39364,39372,39368,39513,39553,39397,39548,39400,67568,39405,39412,39534,39423,39525,39429,39430,39446,39562,39451],"names":["Fulton Street","Winter Street","","Irving Street","Prospect Street","Howard Street","Nahatan Street","Brierwood Lane","Hickory Road","Lydon Street"],"edges":[[0,1,99.5,5,0,0,1.0,0.0,0.2,0],[2,3,373.0,3,1,1,1.0,0.0,9.9,0],[1,0,99.5,5,0,2,1.0,0.0,0.0,0],[1,4,136.4,5,0,3,1.0,125.0,1.4,0],[5,6,55.3,7,2,4,1.0,0.0,0.8,0],[7,8,215.9,7,2,5,1.0,0.0,0.0,0],[9,10,197.0,5,3,6,1.0,0.0,1.7,0],[10,9,197.0,5,3,7,1.0,0.0,0.0,0],[10,11,64.0,3,4,8,1.0,0.0,0.0,0],[12,13,283.1,5,5,9,1.0,0.0,0.0,0],[14,4,285.5,1,6,10,1.0,0.0,0.0,1],[15,16,150.3,5,7,11,1.0,0.0,2.2,0],[16,15,150.3,5,7,12,1.0,0.0,0.0,0],[16,17,266.5,5,8,13,1.0,0.0,0.0,0],[18,11,245.2,5,9,-1,1.0,0.0,1.5,0],[18,4,70.3,5,0,14,1.0,125.0,0.0,0],[3,2,373.0,3,1,15,1.0,0.0,0.0,0],[13,12,283.1,5,5,16,1.0,0.0,4.6,0],[11,18,245.2,5,9,-1,1.0,0.0,0.0,0],[11,10,64.0,3,4,17,1.0,0.0,2.8,0],[6,5,55.3,7,2,18,1.0,0.0,0.0,0],[4,1,136.4,5,0,19,1.0,125.0,0.0,0],[4,18,70.3,5,0,20,1.0,125.0,1.9,0],[17,16,266.5,5,8,21,1.0,0.0,4.5,0],[8,7,215.9,7,2,22,1.0,0.0,4.7,0]],"geoms":[[-71.20207,42.19981,-71.202246,42.199721,-71.20307,42.199308],[-71.218472,42.20026,-71.218105,42.199627,-71.217864,42.199178,-71.217485,42.198419,-71.217365,42.198218,-71.217213,42.198002,-71.21693,42.19769,-71.216466,42.197282],[-71.20307,42.199308,-71.202246,42.199721,-71.20207,42.19981],[-71.20307,42.199308,-71.2035,42.1991,-71.204342,42.19867,-71.204365,42.198658,-71.20444,42.19862],[-71.210489,42.199619,-71.210143,42.199764,-71.20989,42.19984],[-71.212571,42.198938,-71.21255,42.19906,-71.21249,42.19915,-71.212407,42.199239,-71.212314,42.199327,-71.212212,42.199426,-71.212323,42.1995,-71.212446,42.199627,-71.21247,42.199741,-71.212452,42.199862,-71.212464,42.199954,-71.212464,42.200058,-71.212458,42.200152,-71.212486,42.200229,-71.212588,42.2003,-71.212694,42.200358,-71.21282,42.200395,-71.213017,42.200411,-71.213085,42.200402],[-71.20922,42.20045,-71.20903,42.20035,-71.20794,42.19981,-71.20763,42.19969,-71.20731,42.1996,-71.20716,42.19957],[-71.20716,42.19957,-71.20731,42.1996,-71.20763,42.19969,-71.20794,42.19981,-71.20903,42.20035,-71.20922,42.20045],[-71.20716,42.19957,-71.20712,42.19966,-71.20683,42.20009],[-71.20073,42.20046,-71.20068,42.20031,-71.20067,42.19997,-71.20068,42.19903,-71.20065,42.19894,-71.2006,42.19869,-71.20051,42.19839,-71.20039,42.19794],[-71.20631,42.20078,-71.206247,42.200688,-71.20618,42.20059,-71.20563,42.19995,-71.204483,42.198669,-71.20444,42.19862],[-71.215116,42.199392,-71.21577,42.19876,-71.21629,42.19836],[-71.21629,42.19836,-71.21577,42.19876,-71.215116,42.199392],[-71.21629,42.19836,-71.21648,42.19863,-71.2167,42.19905,-71.21712,42.19991,-71.21751,42.200578],[-71.20515,42.19827,-71.204999,42.198344,-71.20455,42.198566,-71.204522,42.198579,-71.20444,42.19862],[-71.216466,42.197282,-71.21693,42.19769,-71.217213,42.198002,-71.217365,42.198218,-71.217485,42.198419,-71.217864,42.199178,-71.218105,42.199627,-71.218472,42.20026],[-71.20039,42.19794,-71.20051,42.19839,-71.2006,42.19869,-71.20065,42.19894,-71.20068,42.19903,-71.20067,42.19997,-71.20068,42.20031,-71.20073,42.20046],[-71.20683,42.20009,-71.20712,42.19966,-71.20716,42.19957],[-71.20989,42.19984,-71.210143,42.199764,-71.210489,42.199619],[-71.20444,42.19862,-71.204365,42.198658,-71.204342,42.19867,-71.2035,42.1991,-71.20307,42.199308],[-71.20444,42.19862,-71.204522,42.198579,-71.20455,42.198566,-71.204999,42.198344,-71.20515,42.19827],[-71.21751,42.200578,-71.21712,42.19991,-71.2167,42.19905,-71.21648,42.19863,-71.21629,42.19836],[-71.213085,42.200402,-71.213017,42.200411,-71.21282,42.200395,-71.212694,42.200358,-71.212588,42.2003,-71.212486,42.200229,-71.212458,42.200152,-71.212464,42.200058,-71.212464,42.199954,-71.212452,42.199862,-71.21247,42.199741,-71.212446,42.199627,-71.212323,42.1995,-71.212212,42.199426,-71.212314,42.199327,-71.212407,42.199239,-71.21249,42.19915,-71.21255,42.19906,-71.212571,42.198938]]}