{"nodes":[[-71.195576,42.198845,47.6],[-71.19534,42.20025,46.5],[-71.199388,42.199496,50.4],[-71.198027,42.199344,47.5],[-71.197063,42.199154,46.3],[-71.191257,42.199751,34.5],[-71.190242,42.200064,29.5],[-71.19449,42.19952,47.1],[-71.19379,42.1999,45.2],[-71.193211,42.200501,39.4],[-71.189922,42.199544,30.3],[-71.18862,42.19869,25.2],[-71.189676,42.200154,26.4],[-71.199633,42.200303,49.9]],"nodeIds":[39365,39459,39379,39526,39395,39407,39475,39440,39452,39545,39489,39496,39546,73407],"names":["Hill Street","Granite Street","Bahama Drive","Jefferson Drive","","Neponset Street","George Street"],"edges":[[0,1,157.6,3,0,0,1.0,0.0,0.0,0],[2,3,114.2,5,1,1,1.0,125.0,0.0,0],[4,3,82.2,5,1,2,1.0,125.0,1.2,0],[5,6,90.6,5,2,3,1.0,0.0,0.0,0],[7,8,71.5,5,3,4,1.0,0.0,0.0,0],[8,9,234.0,5,3,5,1.0,0.0,0.0,0],[8,7,71.5,5,3,6,1.0,0.0,1.9,0],[1,0,157.6,3,0,7,1.0,0.0,1.1,0],[6,10,63.5,7,4,-1,1.0,0.0,0.8,0],[6,5,90.6,5,2,8,1.0,0.0,4.9,0],[10,6,63.5,7,4,-1,1.0,0.0,0.0,0],[11,12,184.7,3,5,9,1.0,0.0,1.2,0],[3,2,114.2,5,1,10,1.0,125.0,2.9,0],[3,4,82.2,5,1,11,1.0,125.0,0.0,0],[9,8,234.0,5,3,12,1.0,0.0,5.8,0],[12,11,184.7,3,5,13,1.0,0.0,0.0,0],[13,2,93.0,5,6,14,1.0,0.0,0.5,0]],"geoms":[[-71.195576,42.198845,-71.195556,42.198932,-71.1954,42.19972,-71.19535,42.20008,-71.19534,42.20025],[-71.199388,42.199496,-71.198749,42.199477,-71.198603,42.199466,-71.198481,42.199449,-71.198348,42.199425,-71.198111,42.199365,-71.198027,42.199344],[-71.197063,42.199154,-71.197845,42.199299,-71.19794,42.19932,-71.197964,42.199327,-71.198027,42.199344],[-71.191257,42.199751,-71.190778,42.199899,-71.190242,42.200064],[-71.19449,42.19952,-71.19423,42.19967,-71.19399,42.19979,-71.19379,42.1999],[-71.19379,42.1999,-71.19353,42.199659,-71.193369,42.19953,-71.19318,42.19945,-71.193082,42.19944,-71.192979,42.199441,-71.19288,42.199469,-71.19278,42.19951,-71.19271,42.199581,-71.192694,42.199614,-71.192654,42.199693,-71.19263,42.19975,-71.192631,42.199833,-71.19267,42.19991,-71.193211,42.200501],[-71.19379,42.1999,-71.19399,42.19979,-71.19423,42.19967,-71.19449,42.19952],[-71.19534,42.20025,-71.19535,42.20008,-71.1954,42.19972,-71.195556,42.198932,-71.195576,42.198845],[-71.190242,42.200064,-71.190778,42.199899,-71.191257,42.199751],[-71.18862,42.19869,-71.188669,42.198764,-71.189028,42.19931,-71.189158,42.199486,-71.189609,42.200073,-71.189676,42.200154],[-71.198027,42.199344,-71.198111,42.199365,-71.198348,42.199425,-71.198481,42.199449,-71.198603,42.199466,-71.198749,42.199477,-71.199388,42.199496],[-71.198027,42.199344,-71.197964,42.199327,-71.19794,42.19932,-71.197845,42.199299,-71.197063,42.199154],[-71.193211,42.200501,-71.19267,42.19991,-71.192631,42.199833,-71.19263,42.19975,-71.192654,42.199693,-71.192694,42.199614,-71.19271,42.199581,-71.19278,42.19951,-71.19288,42.199469,-71.192979,42.199441,-71.193082,42.19944,-71.19318,42.19945,-71.193369,42.19953,-71.19353,42.199659,-71.19379,42.1999],[-71.189676,42.200154,-71.189609,42.200073,-71.189158,42.199486,-71.189028,42.19931,-71.188669,42.198764,-71.18862,42.19869],[-71.199633,42.200303,-71.199593,42.200238,-71.199547,42.200173,-71.199504,42.200116,-71.199451,42.1998,-71.199432,42.199721,-71.199406,42.19958,-71.199388,42.199496]]}