{"nodes":[[-71.184603,42.300219,48.4],[-71.186295,42.299189,49.6],[-71.184261,42.300334,47.0],[-71.184356,42.299431,46.1],[-71.187916,42.300013,49.6],[-71.187632,42.299691,49.9],[-71.192392,42.299991,40.0],[-71.189717,42.300049,46.6],[-71.189692,42.299925,47.1]],"nodeIds":[18843,46265,19052,18394,46266,48719,48911,48915,48914],"names":["Brookline Street","Old Farm Road","Dedham Street","Nahanton Street",""],"edges":[[0,1,186.0,1,0,0,1.0,0.0,1.3,1],[2,3,101.7,5,1,1,1.0,125.0,0.0,0],[1,0,186.0,1,0,2,1.0,0.0,0.0,1],[4,5,42.8,8,2,3,1.0,0.0,0.2,1],[5,4,42.8,8,2,4,1.0,0.0,0.0,1],[6,7,222.0,2,3,5,1.0,0.0,6.6,1],[8,7,13.9,4,4,-1,1.0,125.0,0.0,0],[7,8,13.9,4,4,-1,1.0,125.0,0.5,0],[7,6,222.0,2,3,6,1.0,0.0,0.0,1]],"geoms":[[-71.184603,42.300219,-71.185301,42.300007,-71.185562,42.299882,-71.185778,42.299738,-71.18596,42.299571,-71.186295,42.299189],[-71.184261,42.300334,-71.184239,42.300201,-71.184241,42.300101,-71.184258,42.299804,-71.184278,42.299593,-71.184356,42.299431],[-71.186295,42.299189,-71.18596,42.299571,-71.185778,42.299738,-71.185562,42.299882,-71.185301,42.300007,-71.184603,42.300219],[-71.187916,42.300013,-71.18774,42.299807,-71.187691,42.299752,-71.187632,42.299691],[-71.187632,42.299691,-71.187691,42.299752,-71.18774,42.299807,-71.187916,42.300013],[-71.192392,42.299991,-71.192319,42.299994,-71.192245,42.299999,-71.192158,42.300006,-71.19207,42.300011,-71.191987,42.300013,-71.191908,42.300013,-71.191832,42.300011,-71.191761,42.300007,-71.191682,42.300001,-71.191607,42.299992,-71.19153,42.299981,-71.191311,42.299947,-71.19125,42.299939,-71.191189,42.299933,-71.191126,42.299927,-71.191064,42.299923,-71.191002,42.29992,-71.190937,42.29992,-71.190872,42.299921,-71.190808,42.299923,-71.190734,42.299929,-71.19065,42.299937,-71.189717,42.300049],[-71.189717,42.300049,-71.19065,42.299937,-71.190734,42.299929,-71.190808,42.299923,-71.190872,42.299921,-71.190937,42.29992,-71.191002,42.29992,-71.191064,42.299923,-71.191126,42.299927,-71.191189,42.299933,-71.19125,42.299939,-71.191311,42.299947,-71.19153,42.299981,-71.191607,42.299992,-71.191682,42.300001,-71.191761,42.300007,-71.191832,42.300011,-71.191908,42.300013,-71.191987,42.300013,-71.19207,42.300011,-71.192158,42.300006,-71.192245,42.299999,-71.192319,42.299994,-71.192392,42.299991]]}