{"nodes":[[-71.171765,42.298453,44.1],[-71.17003,42.300614,47.6],[-71.165571,42.295236,50.3],[-71.169813,42.300565,48.8],[-71.167115,42.30005,43.7],[-71.166808,42.299852,43.7],[-71.176844,42.299877,44.9],[-71.177615,42.300123,45.9],[-71.178784,42.300466,46.2],[-71.179288,42.299579,39.8]],"nodeIds":[6070,41718,6149,41717,9945,50622,19360,61222,19831,20954],"names":["Lagrange Street","Corey Street","","Pudding Stone Lane","Oak Hill Street"],"edges":[[0,1,282.5,2,0,0,1.0,0.0,3.5,1],[2,3,710.0,3,1,1,1.0,125.0,0.0,0],[4,5,33.5,7,2,-1,1.0,0.0,0.1,0],[6,7,69.1,5,3,2,1.0,0.0,1.0,0],[8,9,107.0,5,4,3,1.0,0.0,0.0,0],[9,8,107.0,5,4,4,1.0,0.0,6.4,0],[3,2,710.0,3,1,5,1.0,125.0,1.5,0],[1,0,282.5,2,0,6,1.0,0.0,0.0,1],[5,4,33.5,7,2,-1,1.0,0.0,0.0,0],[7,6,69.1,5,3,7,1.0,0.0,0.0,0]],"geoms":[[-71.171765,42.298453,-71.171454,42.298998,-71.171419,42.299052,-71.171387,42.299098,-71.171354,42.29914,-71.171315,42.299183,-71.171274,42.299224,-71.171231,42.299261,-71.171182,42.299301,-71.171121,42.299345,-71.171049,42.299394,-71.170975,42.299439,-71.170903,42.299488,-71.170833,42.299539,-71.170776,42.299587,-71.170721,42.299638,-71.170677,42.299683,-71.170641,42.299725,-71.170604,42.29977,-71.170574,42.29981,-71.170546,42.29985,-71.170405,42.300055,-71.170195,42.300368,-71.17003,42.300614],[-71.165571,42.295236,-71.166873,42.296021,-71.167008,42.296108,-71.167151,42.296199,-71.167249,42.296264,-71.167344,42.296332,-71.167432,42.296399,-71.167521,42.296473,-71.167616,42.296555,-71.167916,42.296836,-71.168003,42.29692,-71.168086,42.29701,-71.168161,42.297096,-71.168224,42.297176,-71.168285,42.297262,-71.168345,42.297355,-71.16861,42.297797,-71.16883,42.298197,-71.169251,42.298984,-71.169306,42.299098,-71.169728,42.300084,-71.169759,42.30016,-71.169785,42.300241,-71.169799,42.30029,-71.16981,42.300339,-71.169819,42.300387,-71.169823,42.300437,-71.169821,42.300493,-71.169813,42.300565],[-71.176844,42.299877,-71.176952,42.299913,-71.177035,42.299944,-71.177446,42.300069,-71.177615,42.300123],[-71.178784,42.300466,-71.179181,42.299761,-71.179288,42.299579],[-71.179288,42.299579,-71.179181,42.299761,-71.178784,42.300466],[-71.169813,42.300565,-71.169821,42.300493,-71.169823,42.300437,-71.169819,42.300387,-71.16981,42.300339,-71.169799,42.30029,-71.169785,42.300241,-71.169759,42.30016,-71.169728,42.300084,-71.169306,42.299098,-71.169251,42.298984,-71.16883,42.298197,-71.16861,42.297797,-71.168345,42.297355,-71.168285,42.297262,-71.168224,42.297176,-71.168161,42.297096,-71.168086,42.29701,-71.168003,42.29692,-71.167916,42.296836,-71.167616,42.296555,-71.167521,42.296473,-71.167432,42.296399,-71.167344,42.296332,-71.167249,42.296264,-71.167151,42.296199,-71.167008,42.296108,-71.166873,42.296021,-71.165571,42.295236],[-71.17003,42.300614,-71.170195,42.300368,-71.170405,42.300055,-71.170546,42.29985,-71.170574,42.29981,-71.170604,42.29977,-71.170641,42.299725,-71.170677,42.299683,-71.170721,42.299638,-71.170776,42.299587,-71.170833,42.299539,-71.170903,42.299488,-71.170975,42.299439,-71.171049,42.299394,-71.171121,42.299345,-71.171182,42.299301,-71.171231,42.299261,-71.171274,42.299224,-71.171315,42.299183,-71.171354,42.29914,-71.171387,42.299098,-71.171419,42.299052,-71.171454,42.298998,-71.171765,42.298453],[-71.177615,42.300123,-71.177446,42.300069,-71.177035,42.299944,-71.176952,42.299913,-71.176844,42.299877]]}