{"nodes":[[-71.16087,42.09958,90.6],[-71.16078,42.10023,89.3],[-71.17075,42.10034,78.3],[-71.170616,42.098829,78.6],[-71.16945,42.100113,85.5],[-71.169383,42.099813,86.1]],"nodeIds":[157877,157902,157997,158056,171908,180998],"names":["Mountain Street","Massapoag Avenue","Highland Avenue"],"edges":[[0,1,73.1,3,0,0,1.0,0.0,0.0,0],[1,0,73.1,3,0,1,1.0,0.0,1.3,0],[2,3,168.5,8,1,2,1.0,0.0,0.3,1],[4,5,33.9,5,2,-1,1.0,0.0,0.6,0],[5,4,33.9,5,2,-1,1.0,0.0,0.0,0]],"geoms":[[-71.16087,42.09958,-71.16084,42.09967,-71.16077,42.09996,-71.16078,42.10023],[-71.16078,42.10023,-71.16077,42.09996,-71.16084,42.09967,-71.16087,42.09958],[-71.17075,42.10034,-71.170733,42.100271,-71.17068,42.09973,-71.170616,42.098829]]}