{"nodes":[[-71.17136,42.19922,15.0],[-71.174188,42.200095,15.3],[-71.1601,42.199546,19.3],[-71.161829,42.200038,18.7],[-71.160601,42.200118,23.4],[-71.159708,42.199578,21.7],[-71.174427,42.199757,14.9]],"nodeIds":[39486,119213,39518,96389,96390,96392,119212],"names":["University Avenue",""],"edges":[[0,1,252.8,2,0,0,1.0,0.0,0.3,1],[2,3,152.6,7,1,1,1.0,0.0,0.0,0],[2,4,88.2,7,1,2,1.0,0.0,4.2,0],[3,2,152.6,7,1,3,1.0,0.0,0.6,0],[4,5,94.9,7,1,-1,1.0,0.0,0.0,0],[4,2,88.2,7,1,4,1.0,0.0,0.0,0],[5,4,94.9,7,1,-1,1.0,0.0,1.7,0],[6,1,42.4,7,1,5,1.0,125.0,0.4,0],[1,6,42.4,7,1,6,1.0,125.0,0.0,0],[1,0,252.8,2,0,7,1.0,0.0,0.0,1]],"geoms":[[-71.17136,42.19922,-71.171744,42.199333,-71.17373,42.19991,-71.174188,42.200095],[-71.1601,42.199546,-71.160289,42.199593,-71.160549,42.199659,-71.161219,42.199849,-71.161829,42.200038],[-71.1601,42.199546,-71.160698,42.19994,-71.160708,42.199988,-71.160601,42.200118],[-71.161829,42.200038,-71.161219,42.199849,-71.160549,42.199659,-71.160289,42.199593,-71.1601,42.199546],[-71.160601,42.200118,-71.160708,42.199988,-71.160698,42.19994,-71.1601,42.199546],[-71.174427,42.199757,-71.174337,42.199889,-71.174188,42.200095],[-71.174188,42.200095,-71.174337,42.199889,-71.174427,42.199757],[-71.174188,42.200095,-71.17373,42.19991,-71.171744,42.199333,-71.17136,42.19922]]}