{"nodes":[[-71.1415,42.101101,92.0],[-71.139786,42.099938,89.1],[-71.15032,42.09973,101.0],[-71.148719,42.100003,97.1]],"nodeIds":[26107,54634,26183,26213],"names":["Queens Circle","Dogwood Road"],"edges":[[0,1,241.3,5,0,0,1.0,0.0,0.0,0],[2,3,141.8,5,1,1,1.0,0.0,0.0,0],[3,2,141.8,5,1,2,1.0,0.0,3.9,0],[1,0,241.3,5,0,3,1.0,0.0,3.0,0]],"geoms":[[-71.1415,42.101101,-71.14127,42.10039,-71.14119,42.10019,-71.14111,42.10008,-71.14101,42.09999,-71.14085,42.09991,-71.1406,42.09982,-71.14043,42.09979,-71.14026,42.0998,-71.14008,42.09982,-71.139786,42.099938],[-71.15032,42.09973,-71.14996,42.09969,-71.14964,42.09969,-71.14941,42.09972,-71.14926,42.09975,-71.14912,42.09979,-71.14896,42.09986,-71.14881,42.09994,-71.148719,42.100003],[-71.148719,42.100003,-71.14881,42.09994,-71.14896,42.09986,-71.14912,42.09979,-71.14926,42.09975,-71.14941,42.09972,-71.14964,42.09969,-71.14996,42.09969,-71.15032,42.09973],[-71.139786,42.099938,-71.14008,42.09982,-71.14026,42.0998,-71.14043,42.09979,-71.1406,42.09982,-71.14085,42.09991,-71.14101,42.09999,-71.14111,42.10008,-71.14119,42.10019,-71.14127,42.10039,-71.1415,42.101101]]}