{"nodes":[[-71.143985,42.298926,46.2],[-71.143415,42.299219,47.4],[-71.145337,42.301085,56.1],[-71.148141,42.300427,56.4],[-71.146857,42.29928,50.2],[-71.15541,42.299908,47.7],[-71.155147,42.300155,47.6],[-71.15257,42.29933,53.0],[-71.15342,42.29919,51.7],[-71.146462,42.299399,47.8],[-71.146664,42.30078,51.2],[-71.151915,42.300709,53.0],[-71.151629,42.299518,56.4],[-71.145,42.300097,62.4],[-71.145541,42.29993,58.4],[-71.154153,42.298978,53.5]],"nodeIds":[4702,6755,11749,11536,12499,11550,51574,11900,12221,12172,12494,12306,60586,49141,49140,51575],"names":["Hackensack Road","Leland Road","West Roxbury Parkway","Independence Drive","Grassmere Road","Baker Circle","South Street",""],"edges":[[0,1,57.3,5,0,0,1.0,0.0,1.2,0],[0,2,268.7,5,1,1,1.0,0.0,9.9,0],[1,0,57.3,5,0,2,1.0,0.0,0.0,0],[3,4,166.1,2,2,3,1.36,0.0,0.0,1],[5,6,35.0,1,3,4,1.0,0.0,0.0,1],[2,0,268.7,5,1,5,1.0,0.0,0.0,0],[7,8,71.8,5,4,6,1.0,0.0,0.0,0],[9,10,154.9,5,5,7,1.0,0.0,3.5,0],[9,4,35.1,5,5,8,1.0,125.0,2.4,0],[8,7,71.8,5,4,9,1.0,0.0,1.3,0],[11,12,134.7,3,6,10,1.0,0.0,3.3,0],[10,9,154.9,5,5,11,1.0,0.0,0.0,0],[4,3,166.1,2,2,12,1.36,0.0,6.2,1],[4,9,35.1,5,5,13,1.0,125.0,0.0,0],[13,14,62.7,7,7,14,1.0,0.0,0.0,0],[6,5,35.0,1,3,15,1.0,0.0,0.1,1],[6,15,162.5,7,7,16,1.0,125.0,5.9,0],[15,6,162.5,7,7,17,1.0,125.0,0.0,0],[12,11,134.7,3,6,18,1.0,0.0,0.0,0]],"geoms":[[-71.143985,42.298926,-71.143727,42.299086,-71.143563,42.299159,-71.143415,42.299219],[-71.143985,42.298926,-71.144048,42.299048,-71.14412,42.29919,-71.144136,42.299237,-71.144143,42.299256,-71.144178,42.299382,-71.144226,42.299555,-71.144331,42.29982,-71.14444,42.300071,-71.144545,42.300259,-71.144666,42.300437,-71.14483,42.300638,-71.145104,42.30088,-71.145337,42.301085],[-71.143415,42.299219,-71.143563,42.299159,-71.143727,42.299086,-71.143985,42.298926],[-71.148141,42.300427,-71.147986,42.300313,-71.147848,42.300209,-71.147657,42.300064,-71.147488,42.299925,-71.147369,42.299818,-71.147288,42.29974,-71.147109,42.299557,-71.146857,42.29928],[-71.15541,42.299908,-71.155332,42.299989,-71.155147,42.300155],[-71.145337,42.301085,-71.145104,42.30088,-71.14483,42.300638,-71.144666,42.300437,-71.144545,42.300259,-71.14444,42.300071,-71.144331,42.29982,-71.144226,42.299555,-71.144178,42.299382,-71.144143,42.299256,-71.144136,42.299237,-71.14412,42.29919,-71.144048,42.299048,-71.143985,42.298926],[-71.15257,42.29933,-71.152641,42.299316,-71.15302,42.29924,-71.153239,42.2992,-71.153283,42.299198,-71.15342,42.29919],[-71.146462,42.299399,-71.14647,42.299491,-71.14648,42.29958,-71.146484,42.299634,-71.146501,42.299855,-71.14651,42.30014,-71.146549,42.300367,-71.1466,42.30063,-71.146664,42.30078],[-71.146462,42.299399,-71.14653,42.29937,-71.146595,42.299348,-71.14668,42.29932,-71.146857,42.29928],[-71.15342,42.29919,-71.153283,42.299198,-71.153239,42.2992,-71.15302,42.29924,-71.152641,42.299316,-71.15257,42.29933],[-71.151915,42.300709,-71.151815,42.30019,-71.151745,42.29987,-71.151668,42.299632,-71.151629,42.299518],[-71.146664,42.30078,-71.1466,42.30063,-71.146549,42.300367,-71.14651,42.30014,-71.146501,42.299855,-71.146484,42.299634,-71.14648,42.29958,-71.14647,42.299491,-71.146462,42.299399],[-71.146857,42.29928,-71.147109,42.299557,-71.147288,42.29974,-71.147369,42.299818,-71.147488,42.299925,-71.147657,42.300064,-71.147848,42.300209,-71.147986,42.300313,-71.148141,42.300427],[-71.146857,42.29928,-71.14668,42.29932,-71.146595,42.299348,-71.14653,42.29937,-71.146462,42.299399],[-71.145,42.300097,-71.144959,42.300037,-71.145005,42.299944,-71.145541,42.29993],[-71.155147,42.300155,-71.155332,42.299989,-71.15541,42.299908],[-71.155147,42.300155,-71.155051,42.300103,-71.154917,42.30003,-71.154788,42.299957,-71.154733,42.299925,-71.154539,42.299798,-71.154426,42.299717,-71.154336,42.299595,-71.154296,42.299495,-71.154243,42.299346,-71.154189,42.299117,-71.154174,42.29906,-71.154164,42.299026,-71.154153,42.298978],[-71.154153,42.298978,-71.154164,42.299026,-71.154174,42.29906,-71.154189,42.299117,-71.154243,42.299346,-71.154296,42.299495,-71.154336,42.299595,-71.154426,42.299717,-71.154539,42.299798,-71.154733,42.299925,-71.154788,42.299957,-71.154917,42.30003,-71.155051,42.300103,-71.155147,42.300155],[-71.151629,42.299518,-71.151668,42.299632,-71.151745,42.29987,-71.151815,42.30019,-71.151915,42.300709]]}