{"nodes":[[-71.15952,42.19972,23.6],[-71.159708,42.199578,21.7],[-71.1601,42.199546,19.3]],"nodeIds":[39472,96392,39518],"names":[""],"edges":[[0,1,22.1,7,0,0,1.0,125.0,0.0,0],[2,1,34.6,7,0,1,1.0,0.0,2.4,0],[1,0,22.1,7,0,2,1.0,125.0,1.9,0],[1,2,34.6,7,0,3,1.0,0.0,0.0,0]],"geoms":[[-71.15952,42.19972,-71.159621,42.199639,-71.15967,42.1996,-71.159708,42.199578],[-71.1601,42.199546,-71.159955,42.199517,-71.15991,42.199514,-71.159869,42.199517,-71.159801,42.199535,-71.15974,42.19956,-71.159708,42.199578],[-71.159708,42.199578,-71.15967,42.1996,-71.159621,42.199639,-71.15952,42.19972],[-71.159708,42.199578,-71.15974,42.19956,-71.159801,42.199535,-71.159869,42.199517,-71.15991,42.199514,-71.159955,42.199517,-71.1601,42.199546]]}