{"nodes":[[-71.133851,42.100269,71.7],[-71.133912,42.099173,79.5],[-71.136428,42.100583,78.9],[-71.139479,42.100082,89.1],[-71.139786,42.099938,89.1],[-71.125628,42.100133,57.6],[-71.125102,42.09666,55.4]],"nodeIds":[26102,26146,57831,54633,54634,64100,64101],"names":["Penny Brook Lane","Castle Drive","Queens Circle",""],"edges":[[0,1,124.5,5,0,0,1.0,0.0,7.8,0],[1,2,317.1,5,1,1,1.0,0.0,0.0,0],[1,0,124.5,5,0,2,1.0,0.0,0.0,0],[3,4,30.0,5,2,3,1.0,0.0,0.0,0],[4,3,30.0,5,2,4,1.0,0.0,0.0,0],[2,1,317.1,5,1,5,1.0,0.0,0.6,0],[5,6,400.9,7,3,6,1.0,0.0,0.0,0],[6,5,400.9,7,3,7,1.0,0.0,2.3,0]],"geoms":[[-71.133851,42.100269,-71.133782,42.100137,-71.133758,42.100073,-71.133746,42.100001,-71.133744,42.09994,-71.133761,42.099812,-71.13377,42.099772,-71.133833,42.099568,-71.133872,42.099421,-71.133905,42.099232,-71.133912,42.099173],[-71.133912,42.099173,-71.134556,42.099117,-71.134831,42.09909,-71.134933,42.099083,-71.135133,42.099076,-71.135233,42.099084,-71.135391,42.099111,-71.135491,42.09914,-71.135573,42.099174,-71.135698,42.099231,-71.135797,42.099293,-71.135883,42.099363,-71.135958,42.099438,-71.136038,42.099547,-71.136067,42.099594,-71.136111,42.099729,-71.136157,42.099884,-71.136222,42.100117,-71.136277,42.100273,-71.1363,42.10034,-71.13637,42.10048,-71.136428,42.100583],[-71.133912,42.099173,-71.133905,42.099232,-71.133872,42.099421,-71.133833,42.099568,-71.13377,42.099772,-71.133761,42.099812,-71.133744,42.09994,-71.133746,42.100001,-71.133758,42.100073,-71.133782,42.100137,-71.133851,42.100269],[-71.139479,42.100082,-71.139724,42.099963,-71.139786,42.099938],[-71.139786,42.099938,-71.139724,42.099963,-71.139479,42.100082],[-71.136428,42.100583,-71.13637,42.10048,-71.1363,42.10034,-71.136277,42.100273,-71.136222,42.100117,-71.136157,42.099884,-71.136111,42.099729,-71.136067,42.099594,-71.136038,42.099547,-71.135958,42.099438,-71.135883,42.099363,-71.135797,42.099293,-71.135698,42.099231,-71.135573,42.099174,-71.135491,42.09914,-71.135391,42.099111,-71.135233,42.099084,-71.135133,42.099076,-71.134933,42.099083,-71.134831,42.09909,-71.134556,42.099117,-71.133912,42.099173],[-71.125628,42.100133,-71.125576,42.099976,-71.125507,42.099881,-71.125427,42.099786,-71.1254,42.099662,-71.12541,42.099447,-71.125472,42.098954,-71.125562,42.098383,-71.125587,42.098178,-71.125583,42.097941,-71.125604,42.097746,-71.125594,42.097556,-71.125573,42.097412,-71.125486,42.097225,-71.125424,42.09715,-71.125324,42.097079,-71.125289,42.097025,-71.125189,42.096814,-71.125102,42.09666],[-71.125102,42.09666,-71.125189,42.096814,-71.125289,42.097025,-71.125324,42.097079,-71.125424,42.09715,-71.125486,42.097225,-71.125573,42.097412,-71.125594,42.097556,-71.125604,42.097746,-71.125583,42.097941,-71.125587,42.098178,-71.125562,42.098383,-71.125472,42.098954,-71.12541,42.099447,-71.1254,42.099662,-71.125427,42.099786,-71.125507,42.099881,-71.125576,42.099976,-71.125628,42.100133]]}