{"nodes":[[-71.12876,42.300487,50.0],[-71.129617,42.299867,53.6],[-71.127931,42.300164,46.8],[-71.129162,42.298952,46.0],[-71.125441,42.301556,35.4],[-71.122742,42.297897,20.3],[-71.131235,42.29978,41.7],[-71.13042,42.300662,49.8],[-71.131104,42.299904,42.9],[-71.129079,42.298907,46.6],[-71.127827,42.300115,47.7]],"nodeIds":[5575,6736,5665,35252,7901,27062,9935,9937,9936,59426,5666],"names":["Brownson Terrace","Centre Street","Valley Road",""],"edges":[[0,1,147.1,5,0,0,1.0,0.0,3.6,0],[2,3,168.6,2,1,1,1.0,0.0,0.0,1],[1,0,147.1,5,0,2,1.0,0.0,0.0,0],[4,5,510.4,7,2,3,1.0,0.0,0.0,0],[6,7,298.1,7,3,4,1.0,0.0,8.1,0],[6,8,40.3,7,3,5,1.0,0.0,1.1,0],[8,6,18.3,7,3,6,1.0,0.0,0.0,0],[5,4,510.4,7,2,7,1.0,0.0,15.1,0],[3,9,8.5,7,3,-1,1.0,250.0,0.6,0],[9,3,8.5,7,3,-1,1.0,250.0,0.0,0],[9,10,169.4,2,1,8,1.0,0.0,1.0,1]],"geoms":[[-71.12876,42.300487,-71.12877,42.300426,-71.128786,42.300333,-71.12877,42.300162,-71.128773,42.300087,-71.128786,42.300022,-71.128815,42.299954,-71.128876,42.299883,-71.128992,42.299762,-71.129081,42.299694,-71.129112,42.299684,-71.129145,42.299679,-71.129195,42.299677,-71.129241,42.29968,-71.129282,42.299697,-71.129402,42.299753,-71.129507,42.299799,-71.129575,42.299836,-71.129617,42.299867],[-71.127931,42.300164,-71.128043,42.300056,-71.129078,42.299035,-71.129162,42.298952],[-71.129617,42.299867,-71.129575,42.299836,-71.129507,42.299799,-71.129402,42.299753,-71.129282,42.299697,-71.129241,42.29968,-71.129195,42.299677,-71.129145,42.299679,-71.129112,42.299684,-71.129081,42.299694,-71.128992,42.299762,-71.128876,42.299883,-71.128815,42.299954,-71.128786,42.300022,-71.128773,42.300087,-71.12877,42.300162,-71.128786,42.300333,-71.12877,42.300426,-71.12876,42.300487],[-71.125441,42.301556,-71.125493,42.301458,-71.12557,42.301282,-71.125598,42.301184,-71.125623,42.301086,-71.125651,42.30092,-71.125654,42.300748,-71.125647,42.300652,-71.12563,42.300554,-71.125608,42.300458,-71.125576,42.300363,-71.125528,42.300241,-71.125476,42.30012,-71.125431,42.300047,-71.125327,42.299878,-71.125249,42.299779,-71.125181,42.299701,-71.125163,42.29968,-71.125079,42.299595,-71.124993,42.299519,-71.124918,42.299459,-71.124819,42.299385,-71.124657,42.299283,-71.124571,42.299243,-71.124481,42.299201,-71.124263,42.29913,-71.123984,42.299062,-71.123903,42.299037,-71.123825,42.299007,-71.12374,42.298964,-71.123666,42.298917,-71.123596,42.298865,-71.12353,42.298809,-71.12345,42.298711,-71.123405,42.298628,-71.123361,42.298538,-71.123313,42.29846,-71.123261,42.298392,-71.123179,42.298323,-71.123048,42.298246,-71.122931,42.29815,-71.122837,42.29802,-71.122821,42.297995,-71.122742,42.297897],[-71.131235,42.29978,-71.131337,42.299754,-71.131414,42.299703,-71.131468,42.299638,-71.131462,42.299525,-71.131379,42.299409,-71.131262,42.299242,-71.131231,42.299193,-71.131141,42.299146,-71.13101,42.299135,-71.130875,42.299167,-71.130773,42.29925,-71.130367,42.299783,-71.130213,42.30002,-71.13018,42.300165,-71.130215,42.300284,-71.130302,42.300419,-71.130391,42.3005,-71.130399,42.300508,-71.130428,42.300565,-71.130428,42.300614,-71.13042,42.300662],[-71.131235,42.29978,-71.131139,42.299738,-71.131079,42.29973,-71.131046,42.299739,-71.131009,42.299799,-71.131004,42.299843,-71.131033,42.299876,-71.131104,42.299904],[-71.131104,42.299904,-71.131133,42.299839,-71.131235,42.29978],[-71.122742,42.297897,-71.122821,42.297995,-71.122837,42.29802,-71.122931,42.29815,-71.123048,42.298246,-71.123179,42.298323,-71.123261,42.298392,-71.123313,42.29846,-71.123361,42.298538,-71.123405,42.298628,-71.12345,42.298711,-71.12353,42.298809,-71.123596,42.298865,-71.123666,42.298917,-71.12374,42.298964,-71.123825,42.299007,-71.123903,42.299037,-71.123984,42.299062,-71.124263,42.29913,-71.124481,42.299201,-71.124571,42.299243,-71.124657,42.299283,-71.124819,42.299385,-71.124918,42.299459,-71.124993,42.299519,-71.125079,42.299595,-71.125163,42.29968,-71.125181,42.299701,-71.125249,42.299779,-71.125327,42.299878,-71.125431,42.300047,-71.125476,42.30012,-71.125528,42.300241,-71.125576,42.300363,-71.125608,42.300458,-71.12563,42.300554,-71.125647,42.300652,-71.125654,42.300748,-71.125651,42.30092,-71.125623,42.301086,-71.125598,42.301184,-71.12557,42.301282,-71.125493,42.301458,-71.125441,42.301556],[-71.129079,42.298907,-71.128912,42.299069,-71.128824,42.299155,-71.128737,42.299241,-71.128649,42.299328,-71.128561,42.299413,-71.128541,42.299433,-71.128524,42.29945,-71.128512,42.299461,-71.128498,42.299473,-71.128476,42.299491,-71.128452,42.29951,-71.128419,42.299536,-71.128392,42.299559,-71.128367,42.29958,-71.128343,42.299601,-71.128321,42.299621,-71.128267,42.299672,-71.128215,42.299722,-71.127882,42.300045,-71.127827,42.300115]]}