{"nodes":[[-71.118718,42.099409,63.9],[-71.116707,42.100228,72.8],[-71.116031,42.099571,73.1],[-71.103262,42.102315,73.3],[-71.105455,42.096436,50.6],[-71.113172,42.098625,75.3],[-71.114099,42.101085,74.1],[-71.115393,42.100044,73.9]],"nodeIds":[18654,46160,54197,53294,53301,53302,53314,54198],"names":["Belevedere Road","West Street",""],"edges":[[0,1,190.7,5,0,0,1.0,0.0,8.9,0],[1,2,91.9,3,1,-1,1.0,0.0,0.3,0],[1,0,190.7,5,0,1,1.0,0.0,0.0,0],[3,4,1031.0,4,2,2,1.0,0.0,0.0,0],[4,3,1031.0,4,2,3,1.0,0.0,22.7,0],[5,6,292.5,4,2,4,1.0,0.0,0.0,0],[6,5,292.5,4,2,5,1.0,0.0,1.1,0],[2,1,91.9,3,1,-1,1.0,0.0,0.0,0],[2,7,74.9,7,2,6,1.0,0.0,0.8,0],[7,2,74.9,7,2,7,1.0,0.0,0.0,0]],"geoms":[[-71.118718,42.099409,-71.118297,42.099503,-71.118058,42.09957,-71.117103,42.100035,-71.116707,42.100228],[-71.116707,42.100228,-71.117103,42.100035,-71.118058,42.09957,-71.118297,42.099503,-71.118718,42.099409],[-71.103262,42.102315,-71.103296,42.102187,-71.103425,42.101732,-71.103516,42.101399,-71.103581,42.101158,-71.103797,42.100831,-71.104047,42.100594,-71.104444,42.100203,-71.104583,42.099861,-71.104747,42.099592,-71.104665,42.099383,-71.10447,42.099162,-71.104319,42.09896,-71.104155,42.098688,-71.103995,42.098473,-71.103987,42.098409,-71.104116,42.098268,-71.104254,42.098063,-71.104371,42.097884,-71.104362,42.097775,-71.104164,42.097631,-71.104034,42.097429,-71.103784,42.09716,-71.103412,42.097051,-71.103188,42.096888,-71.103132,42.096718,-71.103162,42.096618,-71.103261,42.09632,-71.103494,42.096045,-71.103551,42.095811,-71.103676,42.095606,-71.104138,42.09584,-71.10441,42.096016,-71.104708,42.096199,-71.104997,42.096378,-71.105273,42.096439,-71.105455,42.096436],[-71.105455,42.096436,-71.105273,42.096439,-71.104997,42.096378,-71.104708,42.096199,-71.10441,42.096016,-71.104138,42.09584,-71.103676,42.095606,-71.103551,42.095811,-71.103494,42.096045,-71.103261,42.09632,-71.103162,42.096618,-71.103132,42.096718,-71.103188,42.096888,-71.103412,42.097051,-71.103784,42.09716,-71.104034,42.097429,-71.104164,42.097631,-71.104362,42.097775,-71.104371,42.097884,-71.104254,42.098063,-71.104116,42.098268,-71.103987,42.098409,-71.103995,42.098473,-71.104155,42.098688,-71.104319,42.09896,-71.10447,42.099162,-71.104665,42.099383,-71.104747,42.099592,-71.104583,42.099861,-71.104444,42.100203,-71.104047,42.100594,-71.103797,42.100831,-71.103581,42.101158,-71.103516,42.101399,-71.103425,42.101732,-71.103296,42.102187,-71.103262,42.102315],[-71.113172,42.098625,-71.113201,42.098887,-71.113249,42.099034,-71.113417,42.099159,-71.113577,42.099319,-71.113693,42.099463,-71.113801,42.099659,-71.113836,42.099912,-71.113987,42.100194,-71.11406,42.100373,-71.114078,42.100505,-71.11413,42.100726,-71.114104,42.100963,-71.114099,42.101085],[-71.114099,42.101085,-71.114104,42.100963,-71.11413,42.100726,-71.114078,42.100505,-71.11406,42.100373,-71.113987,42.100194,-71.113836,42.099912,-71.113801,42.099659,-71.113693,42.099463,-71.113577,42.099319,-71.113417,42.099159,-71.113249,42.099034,-71.113201,42.098887,-71.113172,42.098625],[-71.116031,42.099571,-71.115872,42.099737,-71.115393,42.100044],[-71.115393,42.100044,-71.115872,42.099737,-71.116031,42.099571]]}