{"nodes":[[-71.110983,42.299297,29.3],[-71.111641,42.300021,20.1],[-71.105433,42.299066,19.1],[-71.105677,42.300139,16.4],[-71.104724,42.300187,15.6],[-71.107362,42.298375,27.2],[-71.113563,42.299937,12.7],[-71.113086,42.299771,12.7],[-71.1169,42.300405,23.9],[-71.115899,42.300148,19.0],[-71.106986,42.300017,16.8],[-71.113772,42.30005,12.7],[-71.10285,42.300135,23.9],[-71.102636,42.299774,23.3],[-71.100313,42.298996,26.5],[-71.100983,42.300026,24.8],[-71.101045,42.29997,24.8]],"nodeIds":[5587,5589,6656,51067,6657,7630,6749,38500,6797,5882,47385,28901,34055,34056,39029,39031,39030],"names":["Orchardhill Road","Forest Hills Avenue","Tower Street","Martinwood Road","Yale Terrace","Forest Hills Station - Lower Busway | Lane 2",""],"edges":[[0,1,110.5,5,0,0,1.0,0.0,0.0,0],[1,0,110.5,5,0,1,1.0,0.0,9.3,0],[2,3,122.0,5,1,2,1.0,0.0,0.0,0],[2,4,138.0,5,1,3,1.0,125.0,0.0,0],[2,5,195.5,5,1,4,1.0,0.0,8.0,0],[4,2,138.0,5,1,5,1.0,125.0,3.5,0],[6,7,43.3,5,2,6,1.0,15.0,0.0,0],[8,9,128.0,5,3,7,1.0,0.0,0.0,0],[5,10,299.0,5,4,8,1.0,0.0,0.0,0],[5,2,195.5,5,1,9,1.0,0.0,0.0,0],[11,6,21.7,5,5,10,1.0,15.0,0.0,0],[12,13,43.9,7,6,11,1.0,0.0,0.0,0],[13,12,43.9,7,6,12,1.0,0.0,0.7,0],[7,6,43.3,5,2,13,1.0,15.0,0.0,0],[14,15,129.1,7,6,14,1.0,0.0,0.0,0],[16,15,8.0,7,6,-1,1.0,0.0,0.0,0],[15,16,8.0,7,6,-1,1.0,0.0,0.0,0],[15,14,129.1,7,6,15,1.0,0.0,1.7,0],[10,5,299.0,5,4,16,1.0,0.0,10.3,0],[3,2,122.0,5,1,17,1.0,0.0,2.7,0]],"geoms":[[-71.110983,42.299297,-71.111067,42.299358,-71.111158,42.299425,-71.11127,42.299493,-71.11136,42.299541,-71.11144,42.299577,-71.111552,42.299623,-71.111615,42.299647,-71.111674,42.299681,-71.111711,42.299737,-71.111694,42.299856,-71.111641,42.300021],[-71.111641,42.300021,-71.111694,42.299856,-71.111711,42.299737,-71.111674,42.299681,-71.111615,42.299647,-71.111552,42.299623,-71.11144,42.299577,-71.11136,42.299541,-71.11127,42.299493,-71.111158,42.299425,-71.111067,42.299358,-71.110983,42.299297],[-71.105433,42.299066,-71.105422,42.299167,-71.105422,42.299251,-71.10543,42.299361,-71.105449,42.299464,-71.105467,42.299553,-71.105484,42.299639,-71.105508,42.299724,-71.10554,42.299822,-71.105579,42.299912,-71.105661,42.300101,-71.105677,42.300139],[-71.105433,42.299066,-71.105395,42.29917,-71.105361,42.299246,-71.10531,42.299344,-71.105262,42.29943,-71.105202,42.299526,-71.105137,42.299621,-71.105063,42.299723,-71.104811,42.300066,-71.104789,42.300097,-71.104757,42.300141,-71.104724,42.300187],[-71.105433,42.299066,-71.105474,42.298947,-71.105517,42.298831,-71.105597,42.298741,-71.1057,42.298641,-71.105786,42.298591,-71.105855,42.298551,-71.106047,42.298488,-71.106448,42.29843,-71.106864,42.298411,-71.107269,42.298385,-71.107362,42.298375],[-71.104724,42.300187,-71.104757,42.300141,-71.104789,42.300097,-71.104811,42.300066,-71.105063,42.299723,-71.105137,42.299621,-71.105202,42.299526,-71.105262,42.29943,-71.10531,42.299344,-71.105361,42.299246,-71.105395,42.29917,-71.105433,42.299066],[-71.113563,42.299937,-71.113453,42.299898,-71.113086,42.299771],[-71.1169,42.300405,-71.116747,42.300205,-71.1166,42.299955,-71.11658,42.299927,-71.116562,42.29991,-71.116538,42.299893,-71.116511,42.299878,-71.116481,42.299868,-71.116454,42.299867,-71.116421,42.29987,-71.116388,42.299878,-71.116356,42.299892,-71.115899,42.300148],[-71.107362,42.298375,-71.107353,42.298459,-71.107343,42.298547,-71.107337,42.29866,-71.107354,42.298729,-71.107409,42.298811,-71.107497,42.298847,-71.107723,42.298881,-71.107867,42.298923,-71.108038,42.29896,-71.108154,42.299016,-71.108207,42.299098,-71.108215,42.299187,-71.108163,42.29926,-71.107782,42.299525,-71.107694,42.299552,-71.107517,42.29957,-71.107165,42.299546,-71.107097,42.299565,-71.10704,42.299591,-71.107015,42.299627,-71.106986,42.300017],[-71.107362,42.298375,-71.107269,42.298385,-71.106864,42.298411,-71.106448,42.29843,-71.106047,42.298488,-71.105855,42.298551,-71.105786,42.298591,-71.1057,42.298641,-71.105597,42.298741,-71.105517,42.298831,-71.105474,42.298947,-71.105433,42.299066],[-71.113772,42.30005,-71.113737,42.300017,-71.113706,42.299994,-71.113676,42.299977,-71.113656,42.29997,-71.113563,42.299937],[-71.10285,42.300135,-71.102653,42.299794,-71.102636,42.299774],[-71.102636,42.299774,-71.102653,42.299794,-71.10285,42.300135],[-71.113086,42.299771,-71.113453,42.299898,-71.113563,42.299937],[-71.100313,42.298996,-71.100326,42.299024,-71.10047,42.299235,-71.100559,42.299393,-71.100615,42.299601,-71.100718,42.29979,-71.100856,42.299932,-71.100983,42.300026],[-71.100983,42.300026,-71.100856,42.299932,-71.100718,42.29979,-71.100615,42.299601,-71.100559,42.299393,-71.10047,42.299235,-71.100326,42.299024,-71.100313,42.298996],[-71.106986,42.300017,-71.107015,42.299627,-71.10704,42.299591,-71.107097,42.299565,-71.107165,42.299546,-71.107517,42.29957,-71.107694,42.299552,-71.107782,42.299525,-71.108163,42.29926,-71.108215,42.299187,-71.108207,42.299098,-71.108154,42.299016,-71.108038,42.29896,-71.107867,42.298923,-71.107723,42.298881,-71.107497,42.298847,-71.107409,42.298811,-71.107354,42.298729,-71.107337,42.29866,-71.107343,42.298547,-71.107353,42.298459,-71.107362,42.298375],[-71.105677,42.300139,-71.105661,42.300101,-71.105579,42.299912,-71.10554,42.299822,-71.105508,42.299724,-71.105484,42.299639,-71.105467,42.299553,-71.105449,42.299464,-71.10543,42.299361,-71.105422,42.299251,-71.105422,42.299167,-71.105433,42.299066]]}