{"nodes":[[-71.095986,42.296141,26.9],[-71.087656,42.300669,38.0],[-71.086393,42.299502,37.6],[-71.086072,42.30041,41.5],[-71.100316,42.2997,23.2],[-71.09754,42.299994,40.4],[-71.08656,42.299565,38.3],[-71.085933,42.30137,43.9],[-71.087338,42.300113,35.3],[-71.087564,42.299058,30.5],[-71.093343,42.299894,32.3],[-71.093167,42.299603,32.5]],"nodeIds":[41,899,6754,9092,7997,54857,8146,8147,29298,52193,54861,54863],"names":["","Blue Hill Avenue","Esmond Street"],"edges":[[0,1,1075.4,4,0,0,1.0,0.0,11.1,0],[1,0,1075.4,4,0,1,1.0,0.0,0.0,0],[2,3,104.4,8,1,-1,1.0,0.0,3.9,1],[4,5,465.9,4,0,2,1.0,0.0,17.2,0],[6,2,15.5,5,2,-1,1.0,250.0,0.0,0],[7,6,207.2,8,1,3,1.0,0.0,0.0,1],[8,9,121.7,4,0,4,1.0,0.0,0.0,0],[9,8,121.7,4,0,5,1.0,0.0,4.8,0],[5,4,465.9,4,0,6,1.0,0.0,0.0,0],[10,11,35.7,4,0,7,1.0,0.0,0.2,0],[11,10,35.7,4,0,8,1.0,0.0,0.0,0]],"geoms":[[-71.095986,42.296141,-71.095614,42.295765,-71.095416,42.295691,-71.09521,42.295636,-71.094942,42.295601,-71.094792,42.295607,-71.094656,42.295613,-71.094404,42.295642,-71.093833,42.295783,-71.093111,42.296064,-71.093042,42.296102,-71.092637,42.296406,-71.092375,42.296783,-71.092219,42.297074,-71.092073,42.297346,-71.091961,42.297485,-71.091875,42.297565,-71.091729,42.29772,-71.091519,42.297857,-71.091362,42.297934,-71.091228,42.297986,-71.090991,42.298046,-71.090795,42.29808,-71.090502,42.298111,-71.090094,42.298125,-71.089599,42.298136,-71.089243,42.298164,-71.089041,42.298192,-71.088826,42.29823,-71.088632,42.298277,-71.088438,42.298333,-71.088295,42.298394,-71.088237,42.298424,-71.088179,42.298453,-71.08805,42.298534,-71.087943,42.298614,-71.087825,42.29872,-71.087716,42.298845,-71.087611,42.298988,-71.087564,42.299058,-71.087488,42.299171,-71.087423,42.299285,-71.087379,42.299372,-71.087345,42.299444,-71.087328,42.2995,-71.087309,42.299569,-71.087296,42.299642,-71.087289,42.29971,-71.087286,42.299805,-71.087292,42.299906,-71.087308,42.300002,-71.087338,42.300113,-71.087391,42.300247,-71.087435,42.300327,-71.087571,42.300543,-71.087583,42.300561,-71.087656,42.300669],[-71.087656,42.300669,-71.087583,42.300561,-71.087571,42.300543,-71.087435,42.300327,-71.087391,42.300247,-71.087338,42.300113,-71.087308,42.300002,-71.087292,42.299906,-71.087286,42.299805,-71.087289,42.29971,-71.087296,42.299642,-71.087309,42.299569,-71.087328,42.2995,-71.087345,42.299444,-71.087379,42.299372,-71.087423,42.299285,-71.087488,42.299171,-71.087564,42.299058,-71.087611,42.298988,-71.087716,42.298845,-71.087825,42.29872,-71.087943,42.298614,-71.08805,42.298534,-71.088179,42.298453,-71.088237,42.298424,-71.088295,42.298394,-71.088438,42.298333,-71.088632,42.298277,-71.088826,42.29823,-71.089041,42.298192,-71.089243,42.298164,-71.089599,42.298136,-71.090094,42.298125,-71.090502,42.298111,-71.090795,42.29808,-71.090991,42.298046,-71.091228,42.297986,-71.091362,42.297934,-71.091519,42.297857,-71.091729,42.29772,-71.091875,42.297565,-71.091961,42.297485,-71.092073,42.297346,-71.092219,42.297074,-71.092375,42.296783,-71.092637,42.296406,-71.093042,42.296102,-71.093111,42.296064,-71.093833,42.295783,-71.094404,42.295642,-71.094656,42.295613,-71.094792,42.295607,-71.094942,42.295601,-71.09521,42.295636,-71.095416,42.295691,-71.095614,42.295765,-71.095986,42.296141],[-71.100316,42.2997,-71.100201,42.299699,-71.100191,42.299698,-71.100142,42.299695,-71.100066,42.299691,-71.099795,42.299648,-71.099765,42.299642,-71.099589,42.299607,-71.099485,42.299597,-71.099332,42.299601,-71.099187,42.299636,-71.098991,42.299698,-71.098849,42.299763,-71.098717,42.299827,-71.098607,42.299871,-71.098568,42.299873,-71.098344,42.299839,-71.098226,42.299809,-71.098119,42.299773,-71.098049,42.299736,-71.097958,42.29969,-71.097867,42.299639,-71.097784,42.299565,-71.097693,42.299498,-71.09762,42.299422,-71.097537,42.299321,-71.097457,42.299238,-71.097414,42.299174,-71.097333,42.299087,-71.097234,42.299033,-71.097103,42.298996,-71.096969,42.298986,-71.096885,42.298998,-71.09684,42.299025,-71.096818,42.299061,-71.096805,42.299113,-71.096813,42.299166,-71.096845,42.299218,-71.096958,42.299293,-71.097087,42.299379,-71.097172,42.299464,-71.097307,42.299581,-71.097398,42.299666,-71.097457,42.29975,-71.097492,42.299813,-71.097518,42.29989,-71.097537,42.299974,-71.09754,42.299994],[-71.085933,42.30137,-71.086407,42.299996,-71.08656,42.299565],[-71.087338,42.300113,-71.087308,42.300002,-71.087292,42.299906,-71.087286,42.299805,-71.087289,42.29971,-71.087296,42.299642,-71.087309,42.299569,-71.087328,42.2995,-71.087345,42.299444,-71.087379,42.299372,-71.087423,42.299285,-71.087488,42.299171,-71.087564,42.299058],[-71.087564,42.299058,-71.087488,42.299171,-71.087423,42.299285,-71.087379,42.299372,-71.087345,42.299444,-71.087328,42.2995,-71.087309,42.299569,-71.087296,42.299642,-71.087289,42.29971,-71.087286,42.299805,-71.087292,42.299906,-71.087308,42.300002,-71.087338,42.300113],[-71.09754,42.299994,-71.097537,42.299974,-71.097518,42.29989,-71.097492,42.299813,-71.097457,42.29975,-71.097398,42.299666,-71.097307,42.299581,-71.097172,42.299464,-71.097087,42.299379,-71.096958,42.299293,-71.096845,42.299218,-71.096813,42.299166,-71.096805,42.299113,-71.096818,42.299061,-71.09684,42.299025,-71.096885,42.298998,-71.096969,42.298986,-71.097103,42.298996,-71.097234,42.299033,-71.097333,42.299087,-71.097414,42.299174,-71.097457,42.299238,-71.097537,42.299321,-71.09762,42.299422,-71.097693,42.299498,-71.097784,42.299565,-71.097867,42.299639,-71.097958,42.29969,-71.098049,42.299736,-71.098119,42.299773,-71.098226,42.299809,-71.098344,42.299839,-71.098568,42.299873,-71.098607,42.299871,-71.098717,42.299827,-71.098849,42.299763,-71.098991,42.299698,-71.099187,42.299636,-71.099332,42.299601,-71.099485,42.299597,-71.099589,42.299607,-71.099765,42.299642,-71.099795,42.299648,-71.100066,42.299691,-71.100142,42.299695,-71.100191,42.299698,-71.100201,42.299699,-71.100316,42.2997],[-71.093343,42.299894,-71.093253,42.299712,-71.093167,42.299603],[-71.093167,42.299603,-71.093253,42.299712,-71.093343,42.299894]]}