{"nodes":[[-71.084304,42.09932,57.6],[-71.083002,42.100174,60.1],[-71.096615,42.098776,50.1],[-71.094197,42.099549,72.4],[-71.097498,42.101024,60.8],[-71.08797,42.09984,67.9],[-71.089069,42.099295,71.9],[-71.095294,42.101728,68.0],[-71.090109,42.099307,74.0],[-71.093244,42.099855,76.9],[-71.092587,42.100164,77.2],[-71.098644,42.097893,49.5],[-71.082369,42.099831,60.1],[-71.091794,42.099369,75.5],[-71.082623,42.100373,59.2]],"nodeIds":[18464,19317,18513,19037,19315,18562,18688,18582,19602,18843,19533,19450,44068,19595,44066],"names":["","Atkinson Avenue","Washington Street","Daly Drive Extension","Lucas Drive","Erica Drive"],"edges":[[0,1,146.4,7,0,0,1.0,0.0,2.5,0],[2,3,220.0,5,1,1,1.0,125.0,22.3,0],[2,4,260.4,1,2,2,1.0,0.0,10.7,1],[5,6,109.6,5,3,3,1.0,0.0,4.0,0],[7,3,259.2,5,4,4,1.0,0.0,4.4,0],[6,5,109.6,5,3,5,1.0,0.0,0.0,0],[6,8,86.0,5,3,6,1.0,0.0,2.1,0],[9,10,64.5,5,1,7,1.0,0.0,0.3,0],[3,2,220.0,5,1,8,1.0,125.0,0.0,0],[3,7,259.2,5,4,9,1.0,0.0,0.0,0],[4,11,393.2,7,0,10,1.0,125.0,0.0,0],[4,2,260.4,1,2,11,1.0,0.0,0.0,1],[1,0,146.4,7,0,12,1.0,0.0,0.0,0],[1,12,84.8,7,0,13,1.0,0.0,0.1,0],[11,4,393.2,7,0,14,1.0,125.0,11.3,0],[10,13,110.0,5,5,-1,1.0,0.0,0.0,0],[10,9,64.5,5,1,15,1.0,0.0,0.0,0],[13,10,110.0,5,5,-1,1.0,0.0,1.6,0],[8,6,86.0,5,3,16,1.0,0.0,0.0,0],[14,12,78.1,7,0,17,1.0,0.0,0.9,0],[12,14,78.1,7,0,18,1.0,0.0,0.0,0],[12,1,84.8,7,0,19,1.0,0.0,0.0,0]],"geoms":[[-71.084304,42.09932,-71.084047,42.099452,-71.083476,42.09976,-71.083043,42.100049,-71.083002,42.100174],[-71.096615,42.098776,-71.09645,42.09881,-71.096274,42.098859,-71.096128,42.098911,-71.095998,42.098975,-71.095691,42.099169,-71.095617,42.099206,-71.095534,42.099243,-71.095439,42.099275,-71.095346,42.099298,-71.094197,42.099549],[-71.096615,42.098776,-71.096771,42.099164,-71.097498,42.101024],[-71.08797,42.09984,-71.088719,42.099428,-71.088843,42.099366,-71.088958,42.099323,-71.089069,42.099295],[-71.095294,42.101728,-71.094988,42.10093,-71.094939,42.10082,-71.094883,42.10071,-71.094422,42.09997,-71.094351,42.09985,-71.09428,42.09973,-71.09423,42.09963,-71.094197,42.099549],[-71.089069,42.099295,-71.088958,42.099323,-71.088843,42.099366,-71.088719,42.099428,-71.08797,42.09984],[-71.089069,42.099295,-71.08918,42.099285,-71.089311,42.099283,-71.089881,42.099308,-71.090014,42.099316,-71.090109,42.099307],[-71.093244,42.099855,-71.093147,42.09988,-71.093052,42.099914,-71.092968,42.099953,-71.092587,42.100164],[-71.094197,42.099549,-71.095346,42.099298,-71.095439,42.099275,-71.095534,42.099243,-71.095617,42.099206,-71.095691,42.099169,-71.095998,42.098975,-71.096128,42.098911,-71.096274,42.098859,-71.09645,42.09881,-71.096615,42.098776],[-71.094197,42.099549,-71.09423,42.09963,-71.09428,42.09973,-71.094351,42.09985,-71.094422,42.09997,-71.094883,42.10071,-71.094939,42.10082,-71.094988,42.10093,-71.095294,42.101728],[-71.097498,42.101024,-71.098,42.100865,-71.098398,42.100472,-71.098427,42.100239,-71.098406,42.099907,-71.098314,42.099581,-71.098346,42.099032,-71.098295,42.098784,-71.098287,42.098679,-71.098581,42.098162,-71.098644,42.097893],[-71.097498,42.101024,-71.096771,42.099164,-71.096615,42.098776],[-71.083002,42.100174,-71.083043,42.100049,-71.083476,42.09976,-71.084047,42.099452,-71.084304,42.09932],[-71.083002,42.100174,-71.082589,42.099707,-71.082369,42.099831],[-71.098644,42.097893,-71.098581,42.098162,-71.098287,42.098679,-71.098295,42.098784,-71.098346,42.099032,-71.098314,42.099581,-71.098406,42.099907,-71.098427,42.100239,-71.098398,42.100472,-71.098,42.100865,-71.097498,42.101024],[-71.092587,42.100164,-71.092968,42.099953,-71.093052,42.099914,-71.093147,42.09988,-71.093244,42.099855],[-71.090109,42.099307,-71.090014,42.099316,-71.089881,42.099308,-71.089311,42.099283,-71.08918,42.099285,-71.089069,42.099295],[-71.082623,42.100373,-71.082204,42.099917,-71.082369,42.099831],[-71.082369,42.099831,-71.082204,42.099917,-71.082623,42.100373],[-71.082369,42.099831,-71.082589,42.099707,-71.083002,42.100174]]}