{"nodes":[[-71.066503,42.099717,62.9],[-71.066646,42.100033,63.8],[-71.062547,42.100295,62.3],[-71.062365,42.099589,60.6],[-71.066904,42.100602,64.2],[-71.071743,42.097682,61.3],[-71.066889,42.099979,63.6],[-71.061847,42.100423,62.7],[-71.061631,42.100463,63.0],[-71.063958,42.099901,61.5],[-71.064004,42.100072,61.5],[-71.066495,42.100094,63.7],[-71.066088,42.099952,63.2]],"nodeIds":[14826,35150,15109,15115,15193,54393,44404,44382,44381,44383,44385,46744,46745],"names":["North Pearl Street","","Drake Street"],"edges":[[0,1,37.0,1,0,0,1.0,0.0,0.8,1],[2,3,80.0,7,1,-1,1.0,15.0,0.0,0],[3,2,80.0,7,1,-1,1.0,15.0,1.6,0],[4,5,756.5,7,2,1,1.0,125.0,0.0,0],[1,0,37.0,1,0,2,1.0,0.0,0.0,1],[1,6,21.0,7,1,3,1.0,125.0,0.0,0],[7,8,254.3,7,1,4,1.0,250.0,0.4,0],[9,10,19.4,7,1,-1,1.0,125.0,0.0,0],[10,9,19.4,7,1,-1,1.0,125.0,0.1,0],[6,1,21.0,7,1,5,1.0,125.0,0.2,0],[11,12,46.0,7,1,6,1.0,0.0,0.0,0],[12,11,46.0,7,1,7,1.0,0.0,0.5,0],[5,4,756.5,7,2,8,1.0,125.0,2.9,0]],"geoms":[[-71.066503,42.099717,-71.066559,42.099842,-71.066646,42.100033],[-71.066904,42.100602,-71.06701,42.10057,-71.067564,42.100404,-71.067986,42.100287,-71.068482,42.10014,-71.06869,42.100045,-71.068783,42.099944,-71.068781,42.099724,-71.068533,42.098715,-71.068537,42.09863,-71.068573,42.098561,-71.068634,42.098522,-71.068809,42.09852,-71.070837,42.098619,-71.07134,42.098644,-71.071553,42.0987,-71.071756,42.098802,-71.071916,42.098909,-71.071967,42.098799,-71.071986,42.098572,-71.071979,42.098416,-71.071884,42.098042,-71.071743,42.097682],[-71.066646,42.100033,-71.066559,42.099842,-71.066503,42.099717],[-71.066646,42.100033,-71.066783,42.099995,-71.066806,42.09999,-71.066834,42.099985,-71.066889,42.099979],[-71.061847,42.100423,-71.06152,42.099392,-71.061302,42.099431,-71.061631,42.100463],[-71.066889,42.099979,-71.066834,42.099985,-71.066806,42.09999,-71.066783,42.099995,-71.066646,42.100033],[-71.066495,42.100094,-71.066449,42.1,-71.066435,42.09998,-71.066418,42.099958,-71.066382,42.099934,-71.066331,42.099915,-71.066283,42.09991,-71.066232,42.099914,-71.066088,42.099952],[-71.066088,42.099952,-71.066232,42.099914,-71.066283,42.09991,-71.066331,42.099915,-71.066382,42.099934,-71.066418,42.099958,-71.066435,42.09998,-71.066449,42.1,-71.066495,42.100094],[-71.071743,42.097682,-71.071884,42.098042,-71.071979,42.098416,-71.071986,42.098572,-71.071967,42.098799,-71.071916,42.098909,-71.071756,42.098802,-71.071553,42.0987,-71.07134,42.098644,-71.070837,42.098619,-71.068809,42.09852,-71.068634,42.098522,-71.068573,42.098561,-71.068537,42.09863,-71.068533,42.098715,-71.068781,42.099724,-71.068783,42.099944,-71.06869,42.100045,-71.068482,42.10014,-71.067986,42.100287,-71.067564,42.100404,-71.06701,42.10057,-71.066904,42.100602]]}