{"nodes":[[-71.061958,42.199907,59.4],[-71.065001,42.199489,47.4]],"nodeIds":[48241,48638],"names":["Sarah Street"],"edges":[[0,1,255.0,5,0,0,1.0,125.0,0.0,0],[1,0,255.0,5,0,1,1.0,125.0,11.9,0]],"geoms":[[-71.061958,42.199907,-71.062008,42.199895,-71.062062,42.199884,-71.062119,42.199874,-71.062265,42.199854,-71.062545,42.199823,-71.063364,42.19971,-71.063933,42.19964,-71.064138,42.199613,-71.064922,42.199503,-71.065001,42.199489],[-71.065001,42.199489,-71.064922,42.199503,-71.064138,42.199613,-71.063933,42.19964,-71.063364,42.19971,-71.062545,42.199823,-71.062265,42.199854,-71.062119,42.199874,-71.062062,42.199884,-71.062008,42.199895,-71.061958,42.199907]]}