{"nodes":[[-71.060311,42.299765,5.4],[-71.060212,42.300106,5.9],[-71.078842,42.299783,27.2],[-71.07834,42.299834,27.7],[-71.073641,42.299371,32.3],[-71.073464,42.30024,35.8],[-71.07466,42.300222,32.5],[-71.063377,42.300151,5.8],[-71.0651,42.299667,5.7],[-71.065517,42.299909,5.7],[-71.067487,42.300016,11.5],[-71.068188,42.29983,15.2]],"nodeIds":[5503,54150,6723,6726,6747,6022,9053,6796,54152,6799,9058,6719],"names":["Dorchester Avenue","Vassar Street","Bowdoin Avenue","Washington Street","Charles Street","Geneva Avenue","Dakota Street"],"edges":[[0,1,38.8,8,0,-1,1.0,0.0,0.5,1],[2,3,41.7,5,1,0,1.0,0.0,0.5,0],[4,5,99.3,5,2,1,1.0,15.0,3.5,0],[4,6,126.5,1,3,2,1.0,0.0,0.2,1],[7,8,151.8,5,4,3,1.0,15.0,0.0,0],[9,8,43.6,8,5,4,1.0,0.0,0.0,1],[6,4,126.5,1,3,5,1.0,0.0,0.0,1],[10,11,61.3,5,6,-1,1.98,0.0,3.6,0],[1,0,38.8,8,0,-1,1.0,0.0,0.0,1],[8,9,43.6,8,5,6,1.0,0.0,0.0,1]],"geoms":[[-71.078842,42.299783,-71.078405,42.299827,-71.07834,42.299834],[-71.073641,42.299371,-71.073547,42.29948,-71.073535,42.299524,-71.0735,42.299655,-71.073479,42.300066,-71.073464,42.30024],[-71.073641,42.299371,-71.073644,42.299374,-71.073728,42.299451,-71.073866,42.299578,-71.07403,42.299719,-71.074174,42.299843,-71.074477,42.300095,-71.07466,42.300222],[-71.063377,42.300151,-71.063817,42.300032,-71.064957,42.299724,-71.064996,42.299712,-71.065034,42.299698,-71.065065,42.299684,-71.0651,42.299667],[-71.065517,42.299909,-71.065421,42.299853,-71.0651,42.299667],[-71.07466,42.300222,-71.074477,42.300095,-71.074174,42.299843,-71.07403,42.299719,-71.073866,42.299578,-71.073728,42.299451,-71.073644,42.299374,-71.073641,42.299371],[-71.0651,42.299667,-71.065421,42.299853,-71.065517,42.299909]]}