{"nodes":[[-71.051025,42.199813,41.4],[-71.050542,42.199578,39.4],[-71.056033,42.200086,49.6],[-71.056283,42.199684,51.7]],"nodeIds":[48264,48470,83248,83251],"names":["Pacella Park Drive",""],"edges":[[0,1,49.2,3,0,0,1.0,125.0,0.0,0],[1,0,49.2,3,0,1,1.0,125.0,1.9,0],[2,3,54.0,7,1,2,1.0,0.0,2.1,0],[3,2,54.0,7,1,3,1.0,0.0,0.0,0]],"geoms":[[-71.051025,42.199813,-71.050881,42.199697,-71.050828,42.199663,-71.050778,42.199635,-71.050724,42.199611,-71.050671,42.199595,-71.050608,42.199584,-71.050542,42.199578],[-71.050542,42.199578,-71.050608,42.199584,-71.050671,42.199595,-71.050724,42.199611,-71.050778,42.199635,-71.050828,42.199663,-71.050881,42.199697,-71.051025,42.199813],[-71.056033,42.200086,-71.056237,42.199918,-71.056261,42.199897,-71.056282,42.199877,-71.056302,42.199854,-71.056317,42.199834,-71.056325,42.199815,-71.056329,42.199798,-71.056326,42.199778,-71.056319,42.199757,-71.056311,42.199736,-71.056298,42.199709,-71.056283,42.199684],[-71.056283,42.199684,-71.056298,42.199709,-71.056311,42.199736,-71.056319,42.199757,-71.056326,42.199778,-71.056329,42.199798,-71.056325,42.199815,-71.056317,42.199834,-71.056302,42.199854,-71.056282,42.199877,-71.056261,42.199897,-71.056237,42.199918,-71.056033,42.200086]]}