{"nodes":[[-71.051087,42.299886,5.1],[-71.052149,42.299816,6.3],[-71.054671,42.299586,4.3],[-71.055534,42.300344,4.4],[-71.052876,42.299961,6.0],[-71.056671,42.299896,4.3],[-71.056265,42.300056,4.3],[-71.056934,42.300271,4.2]],"nodeIds":[4699,6751,6600,54177,9059,44005,44007,44006],"names":["Ashland Street","Mapes Street","Park Street",""],"edges":[[0,1,87.7,5,0,0,1.0,0.0,1.2,0],[2,3,112.0,5,1,1,1.0,0.0,0.1,0],[1,4,64.6,5,0,2,1.0,0.0,0.0,0],[1,0,87.7,5,0,3,1.0,0.0,0.0,0],[5,6,37.8,3,2,-1,1.0,0.0,0.0,0],[5,7,47.0,7,3,4,1.0,0.0,0.0,0],[7,5,47.0,7,3,5,1.0,0.0,0.1,0],[6,5,37.8,3,2,-1,1.0,0.0,0.0,0],[3,2,112.0,5,1,6,1.0,0.0,0.0,0]],"geoms":[[-71.051087,42.299886,-71.05207,42.299813,-71.052109,42.299813,-71.052149,42.299816],[-71.054671,42.299586,-71.054705,42.299654,-71.054753,42.299734,-71.054872,42.29986,-71.055007,42.299993,-71.055121,42.300094,-71.055296,42.300214,-71.055534,42.300344],[-71.052149,42.299816,-71.052195,42.29982,-71.052231,42.299822,-71.052554,42.299823,-71.052588,42.299825,-71.052624,42.299832,-71.052658,42.299842,-71.052689,42.299855,-71.052715,42.299869,-71.052876,42.299961],[-71.052149,42.299816,-71.052109,42.299813,-71.05207,42.299813,-71.051087,42.299886],[-71.056671,42.299896,-71.056715,42.29996,-71.056934,42.300271],[-71.056934,42.300271,-71.056715,42.29996,-71.056671,42.299896],[-71.055534,42.300344,-71.055296,42.300214,-71.055121,42.300094,-71.055007,42.299993,-71.054872,42.29986,-71.054753,42.299734,-71.054705,42.299654,-71.054671,42.299586]]}