{"nodes":[[-71.059783,42.56003,46.8],[-71.059146,42.562439,28.0],[-71.057814,42.561395,25.3],[-71.056304,42.559568,32.8],[-71.058157,42.561034,30.4],[-71.040775,42.558901,31.3],[-71.040095,42.560423,29.2],[-71.038767,42.564106,48.4],[-71.042208,42.564177,24.3],[-71.039534,42.565894,28.3],[-71.046838,42.56489,21.2],[-71.046904,42.563976,19.1],[-71.048228,42.570814,18.8],[-71.039332,42.568756,24.9],[-71.040884,42.569829,24.3],[-71.04083,42.570122,23.0],[-71.042197,42.569542,24.0],[-71.039396,42.569982,23.5]],"nodeIds":[75134,75176,129758,75252,129757,134975,141689,137208,137210,137209,137211,137212,141043,137695,137696,137697,137715,141042],"names":["Willis Lane","North Hill Drive","","Main Street"],"edges":[[0,1,306.8,5,0,0,1.0,0.0,0.0,0],[1,2,160.8,5,1,1,1.0,0.0,0.0,0],[1,0,306.8,5,0,2,1.0,0.0,18.8,0],[3,2,239.5,5,1,3,1.0,0.0,0.0,0],[4,2,48.9,7,2,-1,1.0,0.0,0.0,0],[2,4,48.9,7,2,-1,1.0,0.0,5.1,0],[2,3,239.5,5,1,4,1.0,0.0,7.4,0],[2,1,160.8,5,1,5,1.0,0.0,2.7,0],[5,6,178.2,1,3,6,1.0,0.0,0.0,1],[7,8,475.4,4,2,7,1.0,0.0,0.0,0],[9,8,381.2,4,2,8,1.0,0.0,0.0,0],[8,7,475.4,4,2,9,1.0,0.0,24.1,0],[8,9,381.2,4,2,10,1.0,0.0,3.9,0],[8,10,466.8,4,2,11,1.0,0.0,0.0,0],[10,11,104.0,4,2,12,1.0,0.0,0.0,0],[10,8,466.8,4,2,13,1.0,0.0,3.1,0],[10,12,694.0,4,2,14,1.0,0.0,0.0,0],[11,10,104.0,4,2,15,1.0,0.0,2.1,0],[13,14,198.8,4,2,16,1.0,0.0,0.0,0],[14,15,32.8,4,2,17,1.0,0.0,0.0,0],[14,13,198.8,4,2,18,1.0,0.0,0.6,0],[14,16,127.3,4,2,19,1.0,0.0,0.0,0],[15,17,118.5,4,2,-1,1.0,0.0,0.5,0],[15,14,32.8,4,2,20,1.0,0.0,1.3,0],[16,14,127.3,4,2,21,1.0,0.0,0.3,0],[16,16,199.6,4,2,22,1.0,0.0,0.0,0],[16,16,199.6,4,2,23,1.0,0.0,0.0,0],[17,15,118.5,4,2,-1,1.0,0.0,0.0,0],[12,10,694.0,4,2,24,1.0,0.0,2.4,0]],"geoms":[[-71.059783,42.56003,-71.059794,42.560254,-71.059824,42.560564,-71.059844,42.56086,-71.059868,42.561165,-71.059889,42.561423,-71.059906,42.561631,-71.059915,42.56175,-71.059933,42.561854,-71.059926,42.561964,-71.059902,42.562058,-71.059828,42.562153,-71.059768,42.562222,-71.059694,42.562283,-71.059561,42.562354,-71.059427,42.56241,-71.059337,42.562444,-71.059274,42.562456,-71.059146,42.562439],[-71.059146,42.562439,-71.059083,42.562333,-71.058824,42.562072,-71.05849,42.561821,-71.058315,42.561708,-71.058181,42.561624,-71.057925,42.561464,-71.057814,42.561395],[-71.059146,42.562439,-71.059274,42.562456,-71.059337,42.562444,-71.059427,42.56241,-71.059561,42.562354,-71.059694,42.562283,-71.059768,42.562222,-71.059828,42.562153,-71.059902,42.562058,-71.059926,42.561964,-71.059933,42.561854,-71.059915,42.56175,-71.059906,42.561631,-71.059889,42.561423,-71.059868,42.561165,-71.059844,42.56086,-71.059824,42.560564,-71.059794,42.560254,-71.059783,42.56003],[-71.056304,42.559568,-71.056496,42.559848,-71.056698,42.560142,-71.056799,42.560279,-71.056936,42.560466,-71.057117,42.560717,-71.057182,42.560801,-71.057284,42.560932,-71.057422,42.561103,-71.057647,42.56129,-71.057814,42.561395],[-71.057814,42.561395,-71.057647,42.56129,-71.057422,42.561103,-71.057284,42.560932,-71.057182,42.560801,-71.057117,42.560717,-71.056936,42.560466,-71.056799,42.560279,-71.056698,42.560142,-71.056496,42.559848,-71.056304,42.559568],[-71.057814,42.561395,-71.057925,42.561464,-71.058181,42.561624,-71.058315,42.561708,-71.05849,42.561821,-71.058824,42.562072,-71.059083,42.562333,-71.059146,42.562439],[-71.040775,42.558901,-71.040743,42.558962,-71.040185,42.560221,-71.040095,42.560423],[-71.038767,42.564106,-71.039011,42.564222,-71.039164,42.564215,-71.039428,42.564154,-71.039602,42.564055,-71.039966,42.563897,-71.040034,42.563814,-71.040085,42.563596,-71.040167,42.563355,-71.040203,42.563327,-71.040302,42.563251,-71.040583,42.563145,-71.040816,42.562972,-71.040912,42.562956,-71.041141,42.563071,-71.041307,42.563136,-71.04171,42.56303,-71.041962,42.56305,-71.041987,42.563234,-71.041976,42.563498,-71.042034,42.563977,-71.042091,42.564046,-71.042208,42.564177],[-71.039534,42.565894,-71.039616,42.565942,-71.039815,42.565959,-71.039971,42.56594,-71.040259,42.566035,-71.040451,42.566055,-71.040754,42.565967,-71.041025,42.566008,-71.041162,42.565989,-71.041413,42.56589,-71.041579,42.565833,-71.041656,42.565797,-71.041776,42.56575,-71.041895,42.56568,-71.042021,42.56544,-71.042154,42.565066,-71.04213,42.564905,-71.042197,42.564704,-71.042175,42.56429,-71.042208,42.564177],[-71.042208,42.564177,-71.042091,42.564046,-71.042034,42.563977,-71.041976,42.563498,-71.041987,42.563234,-71.041962,42.56305,-71.04171,42.56303,-71.041307,42.563136,-71.041141,42.563071,-71.040912,42.562956,-71.040816,42.562972,-71.040583,42.563145,-71.040302,42.563251,-71.040203,42.563327,-71.040167,42.563355,-71.040085,42.563596,-71.040034,42.563814,-71.039966,42.563897,-71.039602,42.564055,-71.039428,42.564154,-71.039164,42.564215,-71.039011,42.564222,-71.038767,42.564106],[-71.042208,42.564177,-71.042175,42.56429,-71.042197,42.564704,-71.04213,42.564905,-71.042154,42.565066,-71.042021,42.56544,-71.041895,42.56568,-71.041776,42.56575,-71.041656,42.565797,-71.041579,42.565833,-71.041413,42.56589,-71.041162,42.565989,-71.041025,42.566008,-71.040754,42.565967,-71.040451,42.566055,-71.040259,42.566035,-71.039971,42.56594,-71.039815,42.565959,-71.039616,42.565942,-71.039534,42.565894],[-71.042208,42.564177,-71.042749,42.564204,-71.043055,42.564167,-71.043854,42.563782,-71.044087,42.563596,-71.044404,42.563603,-71.04475,42.563645,-71.045069,42.563816,-71.045446,42.564385,-71.045642,42.564618,-71.045829,42.564684,-71.046375,42.564792,-71.046838,42.56489],[-71.046838,42.56489,-71.046871,42.564675,-71.046788,42.564488,-71.046818,42.564206,-71.046904,42.563976],[-71.046838,42.56489,-71.046375,42.564792,-71.045829,42.564684,-71.045642,42.564618,-71.045446,42.564385,-71.045069,42.563816,-71.04475,42.563645,-71.044404,42.563603,-71.044087,42.563596,-71.043854,42.563782,-71.043055,42.564167,-71.042749,42.564204,-71.042208,42.564177],[-71.046838,42.56489,-71.047121,42.564993,-71.047332,42.56552,-71.047383,42.566241,-71.047609,42.56659,-71.047707,42.567653,-71.047893,42.568686,-71.048044,42.569364,-71.048049,42.569863,-71.04806,42.570047,-71.048107,42.570112,-71.048153,42.570216,-71.048241,42.570277,-71.048363,42.570344,-71.048312,42.570506,-71.048261,42.570601,-71.048215,42.570674,-71.048228,42.570814],[-71.046904,42.563976,-71.046818,42.564206,-71.046788,42.564488,-71.046871,42.564675,-71.046838,42.56489],[-71.039332,42.568756,-71.03934,42.568794,-71.039367,42.568846,-71.039397,42.568886,-71.039438,42.568945,-71.039497,42.569005,-71.039533,42.569045,-71.03956,42.569099,-71.039576,42.569137,-71.03962,42.569193,-71.039646,42.56924,-71.039667,42.569273,-71.039691,42.569293,-71.039718,42.569316,-71.039749,42.569336,-71.039786,42.569355,-71.039821,42.569364,-71.039854,42.569372,-71.039891,42.569376,-71.039927,42.569378,-71.039966,42.569376,-71.040006,42.569374,-71.040061,42.56937,-71.040112,42.569367,-71.040178,42.569367,-71.040242,42.569372,-71.040289,42.569379,-71.040344,42.569389,-71.040398,42.569403,-71.04046,42.569424,-71.040515,42.569442,-71.040554,42.56945,-71.040606,42.569451,-71.040656,42.569458,-71.040697,42.569472,-71.040738,42.569489,-71.040763,42.56951,-71.040779,42.569536,-71.040791,42.569567,-71.04081,42.569597,-71.040834,42.569641,-71.040854,42.569686,-71.040877,42.56974,-71.040883,42.569779,-71.040884,42.569829],[-71.040884,42.569829,-71.040869,42.569892,-71.040859,42.569968,-71.040847,42.570062,-71.04083,42.570122],[-71.040884,42.569829,-71.040883,42.569779,-71.040877,42.56974,-71.040854,42.569686,-71.040834,42.569641,-71.04081,42.569597,-71.040791,42.569567,-71.040779,42.569536,-71.040763,42.56951,-71.040738,42.569489,-71.040697,42.569472,-71.040656,42.569458,-71.040606,42.569451,-71.040554,42.56945,-71.040515,42.569442,-71.04046,42.569424,-71.040398,42.569403,-71.040344,42.569389,-71.040289,42.569379,-71.040242,42.569372,-71.040178,42.569367,-71.040112,42.569367,-71.040061,42.56937,-71.040006,42.569374,-71.039966,42.569376,-71.039927,42.569378,-71.039891,42.569376,-71.039854,42.569372,-71.039821,42.569364,-71.039786,42.569355,-71.039749,42.569336,