{"nodes":[[-71.042603,42.228224,73.7],[-71.0528,42.228494,79.1],[-71.041888,42.239866,59.4],[-71.041788,42.239906,59.4],[-71.053427,42.22798,81.6],[-71.052696,42.228423,78.7],[-71.050123,42.22905,78.6],[-71.056383,42.227058,96.4],[-71.058082,42.226229,100.6],[-71.057386,42.226566,99.4],[-71.058168,42.22641,99.8],[-71.057565,42.226757,95.4],[-71.060767,42.230703,68.2],[-71.041221,42.240136,61.1],[-71.039884,42.220075,48.4],[-71.040227,42.219994,48.6],[-71.040361,42.239275,57.3],[-71.040265,42.239128,54.5],[-71.040443,42.239401,57.6],[-71.040972,42.239207,56.9],[-71.039063,42.240079,54.0],[-71.040468,42.239067,51.9],[-71.044473,42.240309,67.6],[-71.048668,42.240128,76.5],[-71.045907,42.240077,75.2],[-71.044318,42.239676,63.0],[-71.049448,42.240203,75.6],[-71.04937,42.23954,72.1],[-71.043966,42.239465,60.3],[-71.049343,42.239335,70.8],[-71.052613,42.240241,65.5],[-71.053758,42.239791,52.4],[-71.054192,42.239353,48.2]],"nodeIds":[45192,74116,47962,80944,67232,74115,74117,82059,74121,74122,74225,74226,77251,80943,82810,82806,92141,92150,92145,92144,92151,92146,103183,103190,103185,103192,103187,103194,103193,103195,103196,103199,103200],"names":["Chickatawbut Road","","Great Dome Trail"],"edges":[[0,1,900.8,1,0,0,1.0,0.0,5.5,1],[2,3,9.4,7,1,-1,1.0,0.0,0.0,0],[4,5,78.4,4,1,1,1.0,0.0,0.0,0],[5,1,11.6,7,1,-1,1.0,125.0,0.4,0],[5,4,78.4,4,1,2,1.0,0.0,2.8,0],[5,6,250.9,4,1,3,1.0,0.0,0.0,0],[1,5,11.6,7,1,-1,1.0,125.0,0.0,0],[1,0,900.8,1,0,4,1.0,0.0,0.0,1],[1,7,338.6,1,0,5,1.0,0.0,17.3,1],[6,5,250.9,4,1,6,1.0,0.0,0.1,0],[8,9,68.6,1,0,7,1.0,0.0,0.0,1],[8,10,21.3,4,1,8,1.0,125.0,0.0,0],[9,11,25.8,4,2,-1,1.0,125.0,0.0,0],[9,7,99.1,1,0,9,1.0,0.0,0.0,1],[9,8,68.6,1,0,10,1.0,0.0,1.1,1],[10,8,21.3,4,1,11,1.0,125.0,0.8,0],[11,9,25.8,4,2,-1,1.0,125.0,4.1,0],[12,7,725.1,4,1,12,1.0,125.0,28.2,0],[13,3,195.5,7,1,13,1.0,0.0,0.0,0],[3,13,195.5,7,1,14,1.0,0.0,1.7,0],[3,2,9.4,7,1,-1,1.0,0.0,0.0,0],[7,1,338.6,1,0,15,1.0,0.0,0.0,1],[7,9,99.1,1,0,16,1.0,0.0,3.1,1],[7,12,725.1,4,1,17,1.0,125.0,0.0,0],[14,15,32.8,7,1,18,1.0,0.0,0.3,0],[16,17,18.2,7,1,-1,1.0,0.0,0.0,0],[16,18,15.6,7,1,-1,1.0,0.0,0.3,0],[19,18,48.6,7,1,-1,1.0,0.0,0.7,0],[18,19,48.6,7,1,-1,1.0,0.0,0.0,0],[18,16,15.6,7,1,-1,1.0,0.0,0.0,0],[18,20,150.4,7,1,19,1.0,0.0,0.0,0],[21,17,18.0,7,1,-1,1.0,0.0,2.6,0],[17,21,18.0,7,1,-1,1.0,0.0,0.0,0],[17,16,18.2,7,1,-1,1.0,0.0,2.8,0],[20,18,150.4,7,1,20,1.0,0.0,3.6,0],[22,23,1018.6,4,1,21,1.0,0.0,8.9,0],[24,25,144.5,4,1,22,1.0,0.0,0.0,0],[26,27,83.5,4,1,23,1.0,0.0,0.0,0],[23,22,1018.6,4,1,24,1.0,0.0,0.0,0],[25,24,144.5,4,1,25,1.0,0.0,12.1,0],[25,28,41.6,4,1,26,1.0,0.0,0.0,0],[28,25,41.6,4,1,27,1.0,0.0,2.7,0],[27,29,23.0,4,1,28,1.0,0.0,0.0,0],[27,26,83.5,4,1,29,1.0,0.0,3.5,0],[27,30,385.0,4,1,30,1.0,0.0,0.0,0],[29,27,23.0,4,1,31,1.0,0.0,1.4,0],[30,27,385.0,4,1,32,1.0,0.0,6.7,0],[30,31,144.1,4,1,33,1.0,0.0,0.0,0],[31,30,144.1,4,1,34,1.0,0.0,13.1,0],[31,32,62.7,4,1,35,1.0,0.0,0.0,0],[32,31,62.7,4,1,36,1.0,0.0,4.2,0]],"geoms":[[-71.042603,42.228224,-71.042879,42.228294,-71.043031,42.228335,-71.043125,42.228361,-71.0432,42.228384,-71.043275,42.22841,-71.043384,42.228449,-71.043525,42.228505,-71.04366,42.228557,-71.04378,42.228598,-71.043894,42.228636,-71.044026,42.228668,-71.04408,42.22868,-71.04417,42.228698,-71.044256,42.228713,-71.044319,42.22872,-71.044377,42.228725,-71.044434,42.22873,-71.044526,42.228735,-71.044637,42.228737,-71.044743,42.228736,-71.04494,42.22873,-71.045076,42.228716,-71.045211,42.228701,-71.045347,42.228682,-71.04548,42.22866,-71.045584,42.228641,-71.045692,42.228618,-71.045907,42.228566,-71.04613,42.22851,-71.046252,42.228482,-71.046331,42.228463,-71.046405,42.228447,-71.046464,42.228437,-71.04652,42.228428,-71.046597,42.228416,-71.046665,42.228409,-71.04677,42.228403,-71.046856,42.228401,-71.046946,42.228401,-71.047056,42.228405,-71.047154,42.228412,-71.047249,42.228423,-71.04737,42.228442,-71.047515,42.228471,-71.04772,42.22852,-71.050479,42.22921,-71.050696,42.229254,-71.05088,42.229275,-71.05108,42.229281,-71.051264,42.229269,-71.051467,42.229238,-71.051633,42.2292,-71.051805,42.229146,-71.051984,42.229069,-71.052156,42.228968,-71.05261,42.228641,-71.0528,42.228494],[-71.053427,42.22798,-71.053389,42.228019,-71.053305,42.228072,-71.053139,42.228173,-71.052987,42.228275,-71.05285,42.228369,-71.052696,42.228423],[-71.052696,42.228423,-71.05285,42.228369,-71.052987,42.228275,-71.053139,42.228173,-71.053305,42.228072,-71.053389,42.228019,-71.053427,42.22798],[-71.052696,42.228423,-71.052649,42.228534,-71.052251,42.228842,-71.05212,42.228933,-71.052026,42.22899,-71.0519,42.229052,-71.051829,42.229083,-71.051784,42.229103,-71.051662,42.229141,-71.051502,42.229181,-71.051367,42.229207,-71.051238,42.229224,-71.051076,42.229233,-71.050897,42.229227,-71.050774,42.229214,-71.050665,42.229198,-71.050576,42.229179,-71.050123,42.22905],[-71.0528,42.228494,-71.05261,42.228641,-71.052156,42.228968,-71.051984,42.229069,-71.051805,42.229146,-71.051633,42.2292,-71.051467,42.229238,-71.051264,42.229269,-71.05108,42.229281,-71.05088,42.229275,-71.050696,42.229254,-71.050479,42.22921,-71.04772,42.22852,-71.047515,42.228471,-71.04737,42.228442,-71.047249,42.228423,-71.047154,42.228412,-71.047056,42.228405,-71.046946,42.228401,-71.046856,42.228401,-71.04677,42.228403,-71.046665,42.228409,-71.046597,42.228416,-71.04652,42.228428,-71.046464,42.228437,-71.046405,42.228447,-71.046331,42.228463,-71.046252,42.228482,-71.04613,42.22851,-71.045907,42.228566,-71.045692,42.228618,-71.045584,42.228641,-71.04548,42.22866,-71.045347,42.228682,-71.045211,42.228701,-71.045076,42.228716,-71.04494,42.22873,-71.044743,42.228736,-71.044637,42.228737,-71.044526,42.228735,-71.044434,42.22873,-71.044377,42.228725,-71.044319,42.22872,-71.044256,42.228713,-71.04417,42.228698,-71.04408,42.22868,-71.044026,42.228668,-71.043894,42.228636,-71.04378,42.228598,-71.04366,42.228557,-71.043525,42.228505,-71.043384,42.228449,-71.043275,42.22841,-71.0432,42.228384,-71.043125,42.228361,-71.043031,42.228335,-71.042879,42.228294,-71.042603,42.228224],[-71.0528,42.228494,-71.052957,42.228384,-71.053012,42.228341,-71.05314,42.228253,-71.053316,42.228145,-71.053473,42.228054,-71.053645,42.227968,-71.053997,42.227818,-71.054399,42.227671,-71.054785,42.227554,-71.055169,42.227463,-71.055523,42.227362,-71.055831,42.227261,-71.056167,42.227142,-71.056383,42.227058],[-71.050123,42.22905,-71.050576,42.229179,-71.050665,42.229198,-71.050774,42.229214,-71.050897,42.229227,-71.051076,42.229233,-71.051238,42.229224,-71.051367,42.229207,-71.051502,42.229181,-71.051662,42.229141,-71.051784,42.229103,-71.051829,42.229083,-71.0519,42.229052,-71.052026,42.22899,-71.05212,42.228933,-71.052251,42.228842,-71.052649,42.228534,-71.052696,42.228423],[-71.058082,42.226229,-71.05797,42.22627,-71.05771,42.22639,-71.057523,42.226498,-71.057386,42.226566],[-71.058082,42.226229,-71.058141,42.226347,-71.058168,42.22641],[-71.057386,42.226566,-71.056935,42.226801,-71.056644,42.226941,-71.056383,42.227058],[-71.057386,42.226566,-71.057523,42.226498,-71.05771,42.22639,-71.05797,42.22627,-71.058082,42.226229],[-71.058168,42.22641,-71.058141,42.226347,-71.058082,42.226229],[-71.060767,42.230703,-71.060785,42.230564,-71.060789,42.230414,-71.060792,42.230291,-71.060702,42.230174,-71.060498,42.230091,-71.060353,42.230054,-71.060084,42.230024,-71.059604,42.230051,-71.059438,42.230041,-71.059156,42.229992,-71.059037,42.229951,-71.058491,42.229692,-71.05834,42.22959,-71.058068,42.229351,-71.057892,42.229229,-71.05774,42.229156,-71.056939,42.228946,-71.056797,42.228925,-71.056593,42.22892,-71.056391,42.228938,-71.056139,42.228932,-71.056,42.228896,-71.05578,42.228877,-71.055822,42.228708,-71.055939,42.228493,-71.056088,42.22798,-71.056196,42.227727,-71.056333,42.227473,-71.05633,42.227419,-71.056253,42.227309,-71.056224,42.227208,-71.056269,42.227143,-71.056383,42.227058],[-71.041221,42.240136,-71.040822,42.239561,-71.041378,42.239339,-71.041788,42.239906],[-71.041788,42.239906,-71.041378,42.239339,-71.040822,42.239561,-71.041221,42.240136],[-71.056383,