{"nodes":[[-71.034686,42.098289,50.8],[-71.035398,42.100377,48.8],[-71.038852,42.099157,48.4],[-71.038999,42.100147,50.9],[-71.035935,42.098146,47.3],[-71.037074,42.100065,48.1],[-71.020566,42.099727,40.6],[-71.020767,42.100088,40.4],[-71.0288,42.099951,51.7],[-71.029101,42.100183,50.9]],"nodeIds":[14708,15204,14859,50961,14992,15057,15101,52562,53701,53702],"names":["Battles Street","Belair Street","Oak Ridge Drive East","North Main Street",""],"edges":[[0,1,243.2,3,0,0,1.0,0.0,0.0,0],[2,3,110.7,1,1,1,1.0,0.0,2.5,1],[4,5,265.7,5,2,2,1.0,0.0,0.8,0],[5,4,265.7,5,2,3,1.0,0.0,0.0,0],[6,7,43.5,1,3,-1,1.0,0.0,0.0,1],[1,0,243.2,3,0,4,1.0,0.0,2.0,0],[3,2,110.7,1,1,5,1.0,0.0,0.0,1],[7,6,43.5,1,3,-1,1.0,0.0,0.2,1],[8,9,47.4,7,4,6,1.0,0.0,0.0,0],[9,8,47.4,7,4,7,1.0,0.0,0.8,0]],"geoms":[[-71.034686,42.098289,-71.034842,42.098405,-71.035004,42.098668,-71.035276,42.099845,-71.035398,42.100377],[-71.038852,42.099157,-71.038862,42.099255,-71.038881,42.09939,-71.038892,42.09947,-71.038904,42.099551,-71.038925,42.099685,-71.038947,42.09982,-71.038968,42.099954,-71.038981,42.100031,-71.038993,42.100108,-71.038999,42.100147],[-71.035935,42.098146,-71.035969,42.098236,-71.035998,42.098357,-71.03603,42.09849,-71.036062,42.098623,-71.036094,42.098756,-71.036112,42.098824,-71.03613,42.098892,-71.036165,42.099025,-71.036199,42.099157,-71.036234,42.09929,-71.036257,42.09937,-71.03628,42.099451,-71.036318,42.099583,-71.036356,42.099715,-71.036394,42.099847,-71.036419,42.099917,-71.036444,42.099988,-71.036518,42.100067,-71.036643,42.100069,-71.036767,42.100071,-71.036883,42.100069,-71.036999,42.100067,-71.037074,42.100065],[-71.037074,42.100065,-71.036999,42.100067,-71.036883,42.100069,-71.036767,42.100071,-71.036643,42.100069,-71.036518,42.100067,-71.036444,42.099988,-71.036419,42.099917,-71.036394,42.099847,-71.036356,42.099715,-71.036318,42.099583,-71.03628,42.099451,-71.036257,42.09937,-71.036234,42.09929,-71.036199,42.099157,-71.036165,42.099025,-71.03613,42.098892,-71.036112,42.098824,-71.036094,42.098756,-71.036062,42.098623,-71.03603,42.09849,-71.035998,42.098357,-71.035969,42.098236,-71.035935,42.098146],[-71.035398,42.100377,-71.035276,42.099845,-71.035004,42.098668,-71.034842,42.098405,-71.034686,42.098289],[-71.038999,42.100147,-71.038993,42.100108,-71.038981,42.100031,-71.038968,42.099954,-71.038947,42.09982,-71.038925,42.099685,-71.038904,42.099551,-71.038892,42.09947,-71.038881,42.09939,-71.038862,42.099255,-71.038852,42.099157],[-71.0288,42.099951,-71.028957,42.099922,-71.029015,42.09993,-71.029037,42.099961,-71.029101,42.100183],[-71.029101,42.100183,-71.029037,42.099961,-71.029015,42.09993,-71.028957,42.099922,-71.0288,42.099951]]}