{"nodes":[[-71.027006,42.199944,38.9],[-71.026996,42.200016,38.9],[-71.026647,42.199992,38.9],[-71.02806,42.200236,40.8],[-71.030481,42.199517,49.2],[-71.033683,42.200111,41.0],[-71.025522,42.199873,38.6],[-71.026409,42.200026,38.6],[-71.036973,42.201102,42.3],[-71.039316,42.1999,43.2]],"nodeIds":[55695,93470,93471,93468,55699,93467,55876,81472,81309,81310],"names":["","Bay State Drive","King Hill Road"],"edges":[[0,1,8.1,7,0,-1,1.0,0.0,0.0,0],[0,2,30.4,5,1,0,1.0,0.0,0.0,0],[0,3,92.7,5,1,1,1.0,0.0,1.8,0],[4,5,271.9,5,2,2,1.0,0.0,0.0,0],[6,7,75.5,5,1,3,1.0,125.0,0.0,0],[8,9,357.4,4,0,4,1.0,0.0,0.9,0],[9,8,357.4,4,0,5,1.0,0.0,0.0,0],[7,6,75.5,5,1,6,1.0,125.0,0.0,0],[5,4,271.9,5,2,7,1.0,0.0,8.2,0],[3,0,92.7,5,1,8,1.0,0.0,0.0,0],[1,0,8.1,7,0,-1,1.0,0.0,0.0,0],[2,0,30.4,5,1,9,1.0,0.0,0.0,0]],"geoms":[[-71.027006,42.199944,-71.026953,42.199939,-71.026902,42.199941,-71.026847,42.199947,-71.026796,42.199956,-71.026647,42.199992],[-71.027006,42.199944,-71.027051,42.199953,-71.02806,42.200236],[-71.030481,42.199517,-71.030828,42.199584,-71.03151,42.19971,-71.031987,42.199793,-71.032895,42.199958,-71.033298,42.200038,-71.033683,42.200111],[-71.025522,42.199873,-71.025705,42.199926,-71.025767,42.199942,-71.025828,42.199956,-71.025885,42.199965,-71.026295,42.20002,-71.02635,42.200025,-71.026409,42.200026],[-71.036973,42.201102,-71.037052,42.200877,-71.037095,42.200671,-71.036987,42.200361,-71.03702,42.200162,-71.037063,42.199971,-71.037191,42.199661,-71.037331,42.199526,-71.037931,42.199503,-71.038243,42.199542,-71.0385,42.199574,-71.038854,42.199765,-71.03909,42.199844,-71.039316,42.1999],[-71.039316,42.1999,-71.03909,42.199844,-71.038854,42.199765,-71.0385,42.199574,-71.038243,42.199542,-71.037931,42.199503,-71.037331,42.199526,-71.037191,42.199661,-71.037063,42.199971,-71.03702,42.200162,-71.036987,42.200361,-71.037095,42.200671,-71.037052,42.200877,-71.036973,42.201102],[-71.026409,42.200026,-71.02635,42.200025,-71.026295,42.20002,-71.025885,42.199965,-71.025828,42.199956,-71.025767,42.199942,-71.025705,42.199926,-71.025522,42.199873],[-71.033683,42.200111,-71.033298,42.200038,-71.032895,42.199958,-71.031987,42.199793,-71.03151,42.19971,-71.030828,42.199584,-71.030481,42.199517],[-71.02806,42.200236,-71.027051,42.199953,-71.027006,42.199944],[-71.026647,42.199992,-71.026796,42.199956,-71.026847,42.199947,-71.026902,42.199941,-71.026953,42.199939,-71.027006,42.199944]]}