{"nodes":[[-71.002289,42.099276,55.8],[-71.002382,42.100083,57.0],[-71.008178,42.099726,48.9],[-71.005179,42.100082,59.5],[-70.998741,42.099122,52.4],[-71.00063,42.099852,54.4],[-71.0051,42.099693,57.9],[-71.001305,42.099755,55.5],[-71.018723,42.100759,36.2],[-71.018214,42.099886,37.9]],"nodeIds":[14820,15138,14924,15129,15010,15168,15162,15237,52569,43760],"names":["Eastfield Drive","Miller Avenue","Baldwin Road","Granite Street","Hartley Avenue","Vale Street","North Montello Street"],"edges":[[0,1,90.1,5,0,-1,1.0,0.0,1.2,0],[2,3,250.7,5,1,0,1.0,0.0,10.6,0],[4,5,204.1,5,2,1,1.0,0.0,2.0,0],[3,6,43.7,5,3,-1,1.0,0.0,0.0,0],[3,2,250.7,5,1,2,1.0,0.0,0.0,0],[1,0,90.1,5,0,-1,1.0,0.0,0.0,0],[1,6,228.4,5,4,-1,1.0,0.0,0.9,0],[6,3,43.7,5,3,-1,1.0,0.0,1.6,0],[6,1,228.4,5,4,-1,1.0,0.0,0.0,0],[5,7,56.7,5,5,-1,1.0,0.0,1.2,0],[5,4,204.1,5,2,3,1.0,0.0,0.0,0],[7,5,56.7,5,5,-1,1.0,0.0,0.0,0],[8,9,105.9,1,6,4,1.0,0.0,1.6,1]],"geoms":[[-71.008178,42.099726,-71.007701,42.099787,-71.006591,42.099893,-71.005748,42.100007,-71.005179,42.100082],[-70.998741,42.099122,-70.999708,42.099074,-70.999817,42.099075,-70.999895,42.099082,-70.999979,42.099099,-71.000068,42.099138,-71.00014,42.09918,-71.000224,42.099252,-71.000291,42.099328,-71.000344,42.099395,-71.00063,42.099852],[-71.005179,42.100082,-71.005748,42.100007,-71.006591,42.099893,-71.007701,42.099787,-71.008178,42.099726],[-71.00063,42.099852,-71.000344,42.099395,-71.000291,42.099328,-71.000224,42.099252,-71.00014,42.09918,-71.000068,42.099138,-70.999979,42.099099,-70.999895,42.099082,-70.999817,42.099075,-70.999708,42.099074,-70.998741,42.099122],[-71.018723,42.100759,-71.018372,42.100206,-71.018231,42.099927,-71.018214,42.099886]]}