{"nodes":[[-71.01069,42.30038,13.8],[-71.01031,42.30082,6.8],[-71.011112,42.30065,12.8],[-71.01029,42.30005,16.2],[-71.006299,42.299847,3.2],[-71.006987,42.300116,3.8],[-71.013318,42.301554,3.5],[-71.012837,42.30211,6.1],[-71.01384,42.30092,3.7],[-71.0149,42.299912,3.5],[-71.00947,42.30061,9.8],[-71.01073,42.301,7.0],[-71.008839,42.301066,3.9],[-71.010086,42.301678,4.3],[-71.012409,42.302411,8.0],[-71.011265,42.302199,7.9],[-71.012563,42.302774,9.3],[-71.00824,42.30073,3.8],[-71.00901,42.3002,10.9],[-71.007639,42.300413,4.5],[-71.0114,42.29994,18.6],[-71.01171,42.30008,16.4],[-71.01094,42.30109,6.5],[-71.010503,42.30203,5.0],[-71.01331,42.29999,5.4],[-71.010627,42.301866,5.0],[-71.0085,42.2998,12.6],[-71.013221,42.30254,5.6],[-71.011098,42.302587,9.5],[-71.012075,42.302921,11.3],[-71.010767,42.303031,9.1],[-71.012595,42.302843,9.0],[-71.011629,42.303119,18.4],[-71.010277,42.303808,7.1],[-71.011354,42.303455,18.5],[-71.011876,42.303423,21.7],[-71.011023,42.303872,16.8],[-71.012344,42.303781,16.7],[-71.010371,42.304234,4.6],[-71.012954,42.303625,6.8],[-71.009698,42.30434,7.2],[-71.009553,42.30458,4.1],[-71.009608,42.304889,1.0],[-71.00917,42.304806,3.6],[-71.009118,42.304819,3.6]],"nodeIds":[19658,20416,22146,20248,19736,21758,19881,33298,21106,20054,21518,20641,21393,20419,20456,33299,33301,20493,22018,21245,20548,21167,20791,20747,20756,20836,21124,58284,33300,33302,33303,62697,33304,59889,33306,33305,33308,33307,33309,58283,59886,59887,59888,62696,62695],"names":["Border Street","Shoreham Street","Bayside Road","Dorchester Street","Monmouth Street","Waumbeck Street","Shepard Street","Moon Island Road","","Bayberry Road","Bellevue Road","Standish Road","Trevore Street","Torrey Street","Wedgewood Street"],"edges":[[0,1,58.1,5,0,0,1.0,0.0,0.0,0],[0,2,45.9,5,1,1,1.0,0.0,0.0,0],[0,3,49.3,5,1,2,1.0,0.0,2.4,0],[4,5,64.3,5,2,3,1.0,0.0,0.6,0],[6,2,208.0,5,1,4,1.0,0.0,9.3,0],[6,7,73.4,3,3,5,1.0,0.0,2.6,0],[6,8,82.6,3,3,6,1.0,0.0,0.2,0],[9,8,143.5,3,3,7,1.0,0.0,0.2,0],[3,10,91.8,5,4,8,1.0,0.0,0.0,0],[3,0,49.3,5,1,9,1.0,0.0,0.0,0],[1,11,39.9,5,5,10,1.0,0.0,0.2,0],[1,12,193.2,5,2,11,1.0,0.0,0.0,0],[1,0,58.1,5,0,12,1.0,0.0,7.0,0],[13,11,92.2,5,6,13,1.0,0.0,2.7,0],[14,7,50.4,3,3,14,1.0,0.0,0.0,0],[14,15,97.4,5,7,15,1.0,0.0,0.0,0],[14,16,42.5,4,8,16,1.0,0.0,1.3,0],[17,18,86.5,5,9,17,1.0,0.0,7.1,0],[17,19,60.8,5,2,18,1.0,0.0,0.7,0],[17,12,61.8,5,2,19,1.0,0.0,0.1,0],[20,21,29.9,5,10,20,1.0,0.0,0.0,0],[20,2,82.4,5,11,21,1.0,0.0,0.0,0],[11,22,20.0,5,5,-1,1.0,0.0,0.0,0],[11,1,39.9,5,5,22,1.0,0.0,0.0,0],[11,13,92.2,5,6,23,1.0,0.0,0.0,0],[23,15,65.4,5,7,-1,1.0,0.0,2.8,0],[24,21,132.0,5,12,24,1.0,0.0,11.0,0],[22,11,20.0,5,5,-1,1.0,0.0,0.6,0],[22,2,50.9,5,11,-1,1.0,0.0,6.3,0],[22,25,90.0,5,11,25,1.0,0.0,0.0,0],[25,22,90.0,5,11,26,1.0,0.0,1.5,0],[8,21,199.1,5,10,27,1.0,0.0,12.7,0],[8,9,143.5,3,3,28,1.0,0.0,0.0,0],[8,6,82.6,3,3,29,1.0,0.0,0.0,0],[26,18,61.1,5,13,30,1.0,0.0,0.0,0],[26,19,98.2,5,14,31,1.0,0.0,0.0,0],[21,8,199.1,5,10,32,1.0,0.0,0.0,0],[21,24,132.0,5,12,33,1.0,0.0,0.0,0],[19,26,98.2,5,14,34,1.0,0.0,8.1,0],[19,5,63.0,5,2,35,1.0,0.0,0.0,0],[19,17,60.8,5,2,36,1.0,0.0,0.0,0],[12,10,72.6,5,4,37,1.0,0.0,5.9,0],[12,17,61.8,5,2,38,1.0,0.0,0.0,0],[12,1,193.2,5,2,39,1.0,0.0,2.9,0],[10,12,72.6,5,4,40,1.0,0.0,0.0,0],[10,3,91.8,5,4,41,1.0,0.0,6.4,0],[10,18,59.2,5,13,42,1.0,0.0,1.1,0],[5,19,63.0,5,2,43,1.0,0.0,0.7,0],[18,10,59.2,5,13,44,1.0,0.0,0.0,0],[18,26,61.1,5,13,45,1.0,0.0,1.7,0],[18,17,86.5,5,9,46,1.0,0.0,0.0,0],[2,22,50.9,5,11,-1,1.0,0.0,0.0,0],[2,6,208.0,5,1,47,1.0,0.0,0.0,0],[2,0,45.9,5,1,48,1.0,0.0,1.1,0],[2,20,82.4,5,11,49,1.0,0.0,5.9,0],[7,14,50.4,3,3,50,1.0,0.0,1.9,0],[7,6,73.4,3,3,51,1.0,0.0,0.0,0],[7,27,61.7,4,8,52,1.0,0.0,0.0,0],[15,23,65.4,5,7,-1,1.0,0.0,0.0,0],[15,28,45.3,7,8,-1,1.0,0.0,1.6,0],[15,14,97.4,5,7,53,1.0,0.0,0.2,0],[28,15,45.3,7,8,-1,1.0,0.0,0.0,0],[28,29,93.4,7,8,54,1.0,0.0,1.8,0],[28,30,62.9,4,8,55,1.0,0.0,0.0,0],[16,31,8.2,4,8,-1,1.0,0.0,0.0,0],[16,27,60.0,4,8,-1,1.0,0.0,0.0,0],[16,14,42.5,4,8,56,1.0,0.0,0.0,0],[16,29,43.8,4,8,57,1.0,0.0,2.0,0],[29,32,42.9,4,8,-1,1.0,0.0,7.1,0],[29,28,93.4,7,8,58,1.0,0.0,0.0,0],[29,16,43.8,4,8,59,1.0,0.0,0.0,0],[30,32,72.7,4,8,60,1.0,0.0,9.3,0],[30,33,100.1,4,8,61,1.0,0.0,0.0,0],[30,28,62.9,4,8,62,1.0,0.0,0.4,0],[32,29,42.9,4,8,-1,1.0,0.0,0.0,0],[32,34,44.0,4,8,63,1.0,0.0,0.1,0],[32,30,72.7,4,8,64,1.0,0.0,0.0,0],[35,34,43.1,4,8,65,1.0,0.0,0.0,0],[34,36,55.4,4,8,66,1.0,0.0,0.0,0],[34,32,44.0,4,8,67,1.0,0.0,0.0,0],[34,35,43.1,4,8,68,1.0,0.0,3.2,0],[37,38,182.4,4,8,69,1.0,0.0,0.0,0],[37,39,57.3,4,8,70,1.0,0.0,0.0,0],[37,31,118.5,4,8,71,1.0,0.0,0.0,0],[36,34,55.4,4,8,72,1.0,0.0,1.7,0],[38,33,48.9,4,8,73,1.0,0.0,2.5,0],[38,37,182.4,4,8,74,1.0,0.0,12.1,0],[38,40,57.9,4,8,75,1.0,0.0,2.7,0],[39,31,91.9,4,8,-1,1.0,0.0,2.3,0],[39,37,57.3,4,8,76,1.0,0.0,9.9,0],[39,27,134.1,4,8,77,1.0,0.0,0.0,0],[27,16,60.0,4,8,-1,1.0,0.0,3.7,0],[27,39,134.1,4,8,78,1.0,0.0,1.2,0],[27,7,61.7,4,8,79,1.0,0.0,0.5,0],[40,41,29.7,4,8,80,1.0,0.0,0.0,0],[40,33,97.4,4,8,81,1.0,0.0,0.0,0],[40,38,57.9,4,8,82,1.0,0.0,0.0,0],[41,42,35.4,4,8,83,1.0,0.0,0.0,0],[41,40,29.7,4,8,84,1.0,0.0,3.1,0],[41,43,42.4,4,8,85,1.0,0.0,0.0,0],[41,43,42.1,4,8,86,1.0,0.0,0.0,0],[42,41,35.4,4,8,87,1.0,0.0,3.1,0],[33,30,100.1,4,8,88,1.0,0.0,2.0,0],[33,38,48.9,4,8,89,1.0,0.0,0.0,0],[33,40,97.4,4,8,90,1.0,0.0,0.1,0],[44,43,4.5,4,8,-1,1.0,0.0,0.0,0],[43,44,4.5,4,8,-1,1.0,0.0,0.0,0],[43,41,42.4,4,8,91,1.0,0.0,0.5,0],[43,41,42.1,4,8,92,1.0,0.0,0.5,0],[31,16,8.2,4,8,-1,1.0,0.0,0.3,0],[31,39,91.9,4,8,-1,1.0,0.0,0.0,0],[31,37,118.5,4,8,93,1.0,0.0,7.6,0]],