{"nodes":[[-71.018595,42.358193,4.9],[-71.023689,42.360586,3.6],[-71.018004,42.35953,5.1],[-71.019699,42.357178,4.8],[-71.016435,42.36,4.9],[-71.019832,42.35685,4.9],[-71.019912,42.356758,4.9],[-71.019581,42.357123,4.8],[-71.006724,42.352937,4.0],[-71.006873,42.353003,4.0],[-71.006061,42.352764,3.7],[-71.007058,42.349905,5.3],[-71.007043,42.353158,4.1],[-71.007543,42.353054,4.2],[-71.00715,42.353496,3.8],[-71.006922,42.354288,3.3],[-71.004868,42.352308,3.0],[-71.005052,42.350364,2.5],[-71.004118,42.354571,3.8],[-71.005242,42.350386,3.1],[-71.005232,42.349322,2.2],[-71.009384,42.353549,5.3],[-71.010449,42.353834,5.8],[-71.011444,42.349269,2.1],[-71.009125,42.347788,3.4],[-71.006841,42.356164,3.0],[-71.006313,42.356016,2.8],[-71.006148,42.355969,2.7],[-71.002582,42.356796,2.3],[-71.006805,42.354661,2.9],[-71.006512,42.35604,2.8],[-71.006451,42.354389,3.0],[-71.005376,42.353669,3.2],[-71.007599,42.350042,5.5],[-71.005539,42.349049,3.5],[-71.005314,42.348852,1.6],[-71.008902,42.347917,6.1],[-71.008807,42.347988,6.1],[-71.008813,42.347864,6.3],[-71.006271,42.353118,3.6],[-71.007267,42.353168,4.1],[-71.002813,42.357534,3.0]],"nodeIds":[71476,71484,71479,103511,71480,71486,103424,71487,71490,71491,122056,122045,129016,129015,71492,122042,71494,122004,122041,122050,122048,122007,122017,122008,122051,122030,122033,122031,132774,122043,122032,132858,122044,122049,122046,122047,122053,122052,122054,122057,129017,132773],"names":[""],"edges":[[0,1,501.5,7,0,0,1.0,0.0,0.0,0],[0,2,156.3,7,0,1,1.0,0.0,0.2,0],[0,3,146.4,7,0,2,1.0,0.0,0.0,0],[2,4,173.5,7,0,3,1.0,0.0,0.0,0],[2,0,156.3,7,0,4,1.0,0.0,0.0,0],[4,2,173.5,7,0,5,1.0,0.0,0.1,0],[1,0,501.5,7,0,6,1.0,0.0,1.3,0],[5,6,12.1,7,0,-1,1.0,0.0,0.0,0],[5,7,36.8,7,0,7,1.0,0.0,0.0,0],[7,3,11.5,7,0,-1,1.0,0.0,0.0,0],[7,0,144.3,7,0,8,1.0,0.0,0.1,0],[8,9,14.3,7,0,9,1.0,0.0,0.1,0],[8,10,57.8,7,0,10,1.0,0.0,0.0,0],[8,11,354.1,7,0,11,1.0,0.0,1.3,0],[9,12,22.3,7,0,12,1.0,0.0,0.0,0],[9,8,14.3,7,0,13,1.0,0.0,0.0,0],[9,13,58.3,7,0,14,1.0,0.0,0.2,0],[14,15,90.1,7,0,15,1.0,0.0,0.0,0],[14,12,39.2,7,0,16,1.0,0.0,0.2,0],[14,13,63.8,7,0,17,1.0,0.0,0.4,0],[16,10,112.7,7,0,18,1.0,0.0,0.7,0],[16,17,219.4,7,0,19,1.0,0.0,0.0,0],[16,18,360.7,7,0,20,1.0,0.0,0.8,0],[6,5,12.1,7,0,-1,1.0,0.0,0.0,0],[3,7,11.5,7,0,-1,1.0,0.0,0.0,0],[3,5,39.0,7,0,21,1.0,0.0,0.0,0],[17,19,15.8,7,0,-1,1.0,0.0,0.5,0],[17,16,219.4,7,0,22,1.0,0.0,0.5,0],[17,20,116.7,7,0,23,1.0,0.0,0.0,0],[21,13,161.0,7,0,24,1.0,0.0,0.0,0],[21,22,93.1,7,0,25,1.0,0.0,0.5,0],[21,23,523.7,7,0,26,1.0,0.0,0.0,0],[23,24,251.8,7,0,27,1.0,0.0,1.3,0],[23,21,523.7,7,0,28,1.0,0.0,3.2,0],[22,21,93.1,7,0,29,1.0,0.0,0.0,0],[25,26,46.9,7,0,30,1.0,0.0,0.0,0],[27,28,312.0,7,0,31,1.0,0.0,0.0,0],[27,29,156.0,7,0,32,1.0,0.0,0.2,0],[27,26,14.6,7,0,33,1.0,0.0,0.1,0],[30,26,16.6,7,0,-1,1.0,0.0,0.0,0],[26,30,16.6,7,0,-1,1.0,0.0,0.1,0],[26,25,46.9,7,0,34,1.0,0.0,0.2,0],[26,27,14.6,7,0,35,1.0,0.0,0.0,0],[18,16,360.7,7,0,36,1.0,0.0,0.0,0],[15,29,42.5,7,0,-1,1.0,0.0,0.0,0],[15,14,90.1,7,0,37,1.0,0.0,0.5,0],[15,31,41.4,7,0,38,1.0,0.0,0.0,0],[29,15,42.5,7,0,-1,1.0,0.0,0.4,0],[29,27,156.0,7,0,39,1.0,0.0,0.0,0],[29,31,42.1,7,0,40,1.0,0.0,0.0,0],[32,31,119.6,7,0,41,1.0,0.0,0.0,0],[11,33,47.1,7,0,42,1.0,0.0,0.2,0],[11,34,160.1,7,0,43,1.0,0.0,0.0,0],[11,8,354.1,7,0,44,1.0,0.0,0.0,0],[34,20,39.6,7,0,45,1.0,0.0,0.0,0],[34,35,28.8,7,0,46,1.0,0.0,0.0,0],[34,11,160.1,7,0,47,1.0,0.0,1.8,0],[35,20,52.8,7,0,-1,1.0,0.0,0.6,0],[35,24,497.1,7,0,48,1.0,0.0,1.8,0],[35,34,28.8,7,0,49,1.0,0.0,2.0,0],[20,35,52.8,7,0,-1,1.0,0.0,0.0,0],[20,17,116.7,7,0,50,1.0,0.0,0.4,0],[20,34,39.6,7,0,51,1.0,0.0,1.4,0],[33,11,47.1,7,0,52,1.0,0.0,0.0,0],[19,17,15.8,7,0,-1,1.0,0.0,0.0,0],[24,35,497.1,7,0,53,1.0,0.0,0.0,0],[24,23,251.8,7,0,54,1.0,0.0,0.0,0],[24,36,23.4,7,0,55,1.0,0.0,2.7,0],[37,36,11.1,7,0,-1,1.0,0.0,0.0,0],[36,37,11.1,7,0,-1,1.0,0.0,0.0,0],[36,38,9.4,7,0,-1,1.0,0.0,0.2,0],[36,24,23.4,7,0,56,1.0,0.0,0.0,0],[38,36,9.4,7,0,-1,1.0,0.0,0.0,0],[10,8,57.8,7,0,57,1.0,0.0,0.3,0],[10,16,112.7,7,0,58,1.0,0.0,0.0,0],[10,39,43.0,7,0,59,1.0,0.0,0.0,0],[39,10,43.0,7,0,60,1.0,0.0,0.0,0],[13,9,58.3,7,0,61,1.0,0.0,0.0,0],[13,21,161.0,7,0,62,1.0,0.0,1.1,0],[13,14,63.8,7,0,63,1.0,0.0,0.0,0],[12,14,39.2,7,0,64,1.0,0.0,0.0,0],[12,9,22.3,7,0,65,1.0,0.0,0.0,0],[12,40,18.5,7,0,66,1.0,0.0,0.1,0],[40,12,18.5,7,0,67,1.0,0.0,0.0,0],[41,28,84.2,7,0,-1,1.0,0.0,0.0,0],[28,41,84.2,7,0,-1,1.0,0.0,0.7,0],[28,27,312.0,7,0,68,1.0,0.0,0.4,0],[31,15,41.4,7,0,69,1.0,0.0,0.4,0],[31,32,119.6,7,0,70,1.0,0.0,0.2,0],[31,29,42.1,7,0,71,1.0,0.0,0.0,0]],