{"nodes":[[-71.012663,42.198848,33.1],[-71.013416,42.200498,35.0],[-71.005124,42.199859,30.5],[-71.005124,42.199893,30.5],[-71.008106,42.19996,34.6],[-71.00872,42.200014,34.7],[-71.007505,42.199888,33.9],[-71.012856,42.20053,35.2],[-71.007933,42.199988,34.5],[-71.011395,42.199776,35.6],[-71.011985,42.19994,35.9],[-70.999662,42.199976,22.2],[-71.000375,42.199868,25.5],[-71.009154,42.200054,34.1],[-71.010407,42.199975,35.9]],"nodeIds":[55617,56066,55698,117199,55758,119897,56596,56175,81486,94118,94119,94439,94441,119896,124950],"names":["Rose Avenue","Hancock Street","Pond Street","Fairview Avenue",""],"edges":[[0,1,197.0,5,0,0,1.0,125.0,1.9,0],[2,3,3.8,1,1,-1,1.0,0.0,0.0,1],[4,5,51.0,1,2,-1,1.0,0.0,0.0,1],[4,6,50.8,1,2,1,1.0,0.0,0.0,1],[1,0,197.0,5,0,2,1.0,125.0,0.0,0],[7,0,237.0,5,3,3,1.0,125.0,0.0,0],[6,8,39.0,1,2,4,1.0,0.0,0.7,1],[8,4,14.6,1,2,-1,1.0,0.0,0.1,1],[9,10,58.9,7,4,5,1.0,0.0,0.3,0],[9,10,65.7,7,4,6,1.0,0.0,0.3,0],[10,9,58.9,7,4,7,1.0,0.0,0.0,0],[10,9,65.7,7,4,8,1.0,0.0,0.0,0],[11,12,59.9,7,4,-1,1.0,0.0,3.3,0],[12,11,59.9,7,4,-1,1.0,0.0,0.0,0],[3,2,3.8,1,1,-1,1.0,0.0,0.0,1],[13,5,120.8,7,4,9,1.0,250.0,0.6,0],[5,4,51.0,1,2,-1,1.0,0.0,0.0,1],[5,13,120.8,7,4,10,1.0,250.0,0.0,0],[14,14,123.1,7,4,11,1.0,0.0,0.0,0],[14,14,123.1,7,4,12,1.0,0.0,0.0,0]],"geoms":[[-71.012663,42.198848,-71.012691,42.198896,-71.012716,42.198933,-71.013002,42.199316,-71.01304,42.199364,-71.013206,42.199574,-71.013233,42.199616,-71.013253,42.199656,-71.013271,42.199696,-71.013284,42.19974,-71.013297,42.199795,-71.013308,42.199852,-71.013407,42.200411,-71.01341,42.200429,-71.013413,42.200457,-71.013416,42.200498],[-71.008106,42.19996,-71.008017,42.199924,-71.007658,42.199891,-71.007618,42.199888,-71.007562,42.199887,-71.007505,42.199888],[-71.013416,42.200498,-71.013413,42.200457,-71.01341,42.200429,-71.013407,42.200411,-71.013308,42.199852,-71.013297,42.199795,-71.013284,42.19974,-71.013271,42.199696,-71.013253,42.199656,-71.013233,42.199616,-71.013206,42.199574,-71.01304,42.199364,-71.013002,42.199316,-71.012716,42.198933,-71.012691,42.198896,-71.012663,42.198848],[-71.012856,42.20053,-71.012852,42.200485,-71.012847,42.200459,-71.012846,42.20045,-71.012835,42.200416,-71.012821,42.200384,-71.012803,42.200356,-71.011952,42.199234,-71.012214,42.199025,-71.012261,42.198994,-71.012311,42.198967,-71.012358,42.198946,-71.012401,42.19893,-71.012663,42.198848],[-71.007505,42.199888,-71.007541,42.199923,-71.007583,42.199949,-71.007623,42.199966,-71.007671,42.199978,-71.007743,42.199988,-71.007807,42.199993,-71.007863,42.199992,-71.007933,42.199988],[-71.011395,42.199776,-71.011834,42.199769,-71.011985,42.19994],[-71.011395,42.199776,-71.011411,42.199941,-71.011544,42.199941,-71.011985,42.19994],[-71.011985,42.19994,-71.011834,42.199769,-71.011395,42.199776],[-71.011985,42.19994,-71.011544,42.199941,-71.011411,42.199941,-71.011395,42.199776],[-71.009154,42.200054,-71.00922,42.19971,-71.009214,42.19966,-71.009184,42.199629,-71.009121,42.199604,-71.008994,42.199584,-71.008962,42.199581,-71.008936,42.199593,-71.008917,42.199612,-71.008861,42.199811,-71.008788,42.19992,-71.00872,42.200014],[-71.00872,42.200014,-71.008788,42.19992,-71.008861,42.199811,-71.008917,42.199612,-71.008936,42.199593,-71.008962,42.199581,-71.008994,42.199584,-71.009121,42.199604,-71.009184,42.199629,-71.009214,42.19966,-71.00922,42.19971,-71.009154,42.200054],[-71.010407,42.199975,-71.010249,42.199725,-71.010167,42.199676,-71.010079,42.199671,-71.009997,42.199705,-71.009947,42.199784,-71.009931,42.199843,-71.009936,42.199891,-71.009966,42.19995,-71.010041,42.200004,-71.010119,42.200027,-71.010208,42.20002,-71.010356,42.199984,-71.010407,42.199975],[-71.010407,42.199975,-71.010356,42.199984,-71.010208,42.20002,-71.010119,42.200027,-71.010041,42.200004,-71.009966,42.19995,-71.009936,42.199891,-71.009931,42.199843,-71.009947,42.199784,-71.009997,42.199705,-71.010079,42.199671,-71.010167,42.199676,-71.010249,42.199725,-71.010407,42.199975]]}