{"nodes":[[-71.017346,42.559962,51.1],[-71.018363,42.560072,50.7],[-71.018085,42.565339,27.3],[-71.017542,42.56607,24.1],[-71.018469,42.564598,25.8],[-71.014546,42.564888,16.1],[-71.016029,42.560056,42.4],[-71.014941,42.560862,33.1],[-71.016892,42.563779,18.2],[-71.017235,42.563275,20.7],[-71.019497,42.560101,52.1],[-71.019515,42.56304,36.6],[-71.019237,42.563994,29.7],[-71.013467,42.561505,25.9],[-71.013131,42.561369,24.9],[-71.020387,42.563619,32.0],[-71.019607,42.564255,28.5],[-71.017371,42.562418,34.8],[-71.019655,42.567453,21.9],[-71.014917,42.562703,30.3],[-71.016489,42.56179,35.9],[-71.013139,42.559471,30.2],[-71.011116,42.559872,24.5],[-71.016188,42.561602,34.3],[-71.020373,42.56627,23.7],[-71.019055,42.565388,23.0],[-71.017148,42.560732,39.0],[-71.016632,42.561882,35.0],[-71.01709,42.562192,34.2],[-71.016958,42.561578,35.8],[-71.028302,42.569132,20.0],[-71.003563,42.553932,15.0]],"nodeIds":[83881,85134,83960,84932,84518,85469,84232,85386,84281,84360,84429,85172,84710,84537,84928,84541,84628,123633,84727,84746,86296,84758,84828,86272,85865,86031,86304,135041,123632,135042,141005,141006],"names":["Hamilton Road","Market Street","Wayne Road","Waldingfield Lane","Stark Circle","Blackstone Street","Clinton Road","Styles Drive","Buford Road","Russell Street","Glen Drive","Robert Road","Wentworth Road","Stone Drive","Intervale Avenue","Marion Road","Cyrus Circle","","Independence Greenway"],"edges":[[0,1,85.9,5,0,0,1.0,0.0,0.0,0],[2,3,92.7,5,1,1,1.0,0.0,0.0,0],[2,4,89.8,5,1,2,1.0,0.0,0.0,0],[2,5,346.2,5,2,3,1.0,0.0,0.0,0],[6,7,136.0,5,3,4,1.0,125.0,0.0,0],[8,9,62.9,5,4,5,1.0,0.0,2.5,0],[8,5,575.1,5,5,6,1.0,0.0,0.0,0],[8,4,160.3,5,5,7,1.0,0.0,7.6,0],[9,8,62.9,5,4,8,1.0,0.0,0.0,0],[10,11,345.9,5,6,9,1.0,0.0,0.0,0],[10,1,92.9,5,0,10,1.0,0.0,0.0,0],[4,12,92.0,5,1,-1,1.0,125.0,4.0,0],[4,2,89.8,5,1,11,1.0,0.0,1.6,0],[4,8,160.3,5,5,12,1.0,0.0,0.0,0],[13,14,31.4,5,7,13,1.0,0.0,0.0,0],[15,11,96.2,5,8,14,1.0,0.0,4.7,0],[15,16,95.3,5,0,15,1.0,125.0,0.0,0],[16,12,42.0,1,9,-1,1.0,0.0,1.2,1],[16,15,95.3,5,0,16,1.0,125.0,3.5,0],[12,4,92.0,5,1,-1,1.0,125.0,0.0,0],[12,16,42.0,1,9,-1,1.0,0.0,0.0,1],[12,17,232.8,1,9,17,1.0,0.0,5.1,1],[18,3,239.3,5,10,18,1.0,0.0,2.2,0],[19,19,573.1,5,11,19,1.0,0.0,0.0,0],[19,19,573.1,5,11,20,1.0,0.0,0.0,0],[19,20,197.0,5,12,21,1.0,125.0,5.5,0],[21,7,214.2,1,9,22,1.0,0.0,2.9,1],[21,14,243.8,5,13,23,1.0,125.0,0.0,0],[22,14,235.1,5,7,24,1.0,0.0,0.4,0],[14,22,235.1,5,7,25,1.0,0.0,0.0,0],[14,13,31.4,5,7,26,1.0,0.0,1.0,0],[14,21,243.8,5,13,27,1.0,125.0,5.2,0],[3,2,92.7,5,1,28,1.0,0.0,3.2,0],[3,5,278.4,5,10,29,1.0,0.0,0.0,0],[3,18,239.3,5,10,30,1.0,0.0,0.0,0],[1,11,350.8,5,8,31,1.0,0.0,0.0,0],[1,10,92.9,5,0,32,1.0,0.0,1.4,0],[1,0,85.9,5,0,33,1.0,0.0,0.4,0],[11,1,350.8,5,8,34,1.0,0.0,14.1,0],[11,10,345.9,5,6,35,1.0,0.0,15.5,0],[7,6,136.0,5,3,36,1.0,125.0,9.3,0],[7,21,214.2,1,9,37,1.0,0.0,0.0,1],[7,23,131.2,1,9,38,1.0,0.0,1.2,1],[5,2,346.2,5,2,39,1.0,0.0,11.2,0],[5,8,575.1,5,5,40,1.0,0.0,2.0,0],[5,3,278.4,5,10,41,1.0,0.0,8.0,0],[24,25,153.1,5,14,42,1.0,0.0,0.0,0],[24,18,145.9,5,15,43,1.0,0.0,0.0,0],[25,24,153.1,5,14,44,1.0,0.0,0.7,0],[23,7,131.2,1,9,45,1.0,0.0,0.0,1],[23,20,32.3,1,9,46,1.0,0.0,1.6,1],[23,26,129.2,5,16,47,1.0,125.0,4.7,0],[20,27,15.6,1,9,-1,1.0,0.0,0.0,1],[20,19,197.0,5,12,48,1.0,125.0,0.0,0],[20,23,32.3,1,9,49,1.0,0.0,0.0,1],[26,23,129.2,5,16,50,1.0,125.0,0.0,0],[28,17,34.1,1,9,-1,1.0,0.0,0.6,1],[28,17,109.6,7,17,51,1.0,250.0,0.6,0],[28,27,51.0,1,9,52,1.0,0.0,0.9,1],[17,28,34.1,1,9,-1,1.0,0.0,0.0,1],[17,28,109.6,7,17,53,1.0,250.0,0.0,0],[17,12,232.8,1,9,54,1.0,0.0,0.0,1],[27,20,15.6,1,9,-1,1.0,0.0,0.8,1],[27,28,51.0,1,9,55,1.0,0.0,0.0,1],[27,29,43.1,7,17,56,1.0,125.0,0.8,0],[29,27,43.1,7,17,57,1.0,125.0,0.0,0],[30,31,2989.5,4,18,58,1.0,250.0,0.0,0],[31,30,2989.5,4,18,59,1.0,250.0,5.0,0]],"geoms":[[-71.017346,42.559962,-71.01757,42.560051,-71.018363,42.560072],[-71.018085,42.565339,-71.01807,42.565364,-71.017898,42.565621,-71.017685,42.565899,-71.017542,42.56607],[-71.018085,42.565339,-71.018099,42.565316,-71.018175,42.565169,-71.018201,42.565074,-71.018231,42.564955,-71.018269,42.56482,-71.018315,42.564737,-71.018403,42.564652,-71.018469,42.564598],[-71.018085,42.565339,-71.017752,42.56517,-71.017566,42.565081,-71.01748,42.565013,-71.017348,42.56492,-71.017224,42.56484,-71.017072,42.564756,-71.01679,42.564645,-71.016369,42.564539,-71.015873,42.564451,-71.015476,42.564419,-71.015219,42.56442,-71.015016,42.564426,-71.014862,42.564502,-71.014707,42.564639,-71.014602,42.564773,-71.014546,42.564888],[-71.016029,42.560056,-71.015872,42.560033,-71.015714,42.560066,-71.015543,42.560178,-71.0152,42.560544,-71.014941,42.560862],[-71.016892,42.563779,-71.016976,42.563616,-71.017064,42.563483,-71.017144,42.563385,-71.017235,42.563275],[-71.016892,42.563779,-71.01624,42.563679,-71.015702,42.56364,-71.01479,42.563633,-71.014077,42.563634,-71.013034,42.563638,-71.012661,42.563652,-71.012637,42.563679,-71.01262,42.563731,-71.012619,42.563918,-71.012656,42.564003,-71.012713,42.564102,-71.012803,42.564191,-71.012935,42.564265,-71.014014,42.564662,-71.014546,42.564888],[-71.016892,42.563779,-71.017095,42.563838,-71.01743,42.56394,-71.017682,42.564052,-71.017892,42.564178,-71.018119,42.564342,-71.018469,42.564598],[-71.017235,42.563275,-71.017144,42.563385,-71.017064,42.563483,-71.016976,42.563616,-71.016892,42.563779],[-71.019497,42.560101,-71.019513,42.560387,-71.019746,42.561115,-71.019853,42.561542,-71.019964,42.562311,-71.019978,42.562601,-71.019977,42.562682,-71.019914,42.562766,-71.019717,42.56291,-71.019515,42.56304],[-71.019497,42.560101,-71.018544,42.560071,-71.018363,42.560072],[-71.018469,42.564598,-71.018403,42.564652,-71.018315,42.564737,-71.018269,42.56482,-71.018231,42.564955,-71.018201,42.565074,-71.018175,42.565169,-71.018099,42.565316,-71.018085,42.565339],[-71.018469,42.564598,-71.018119,42.564342,-71.017892,42.564178,-71.017682,42.564052,-71.01743,42.56394,-71.017095,42.563838,-71.016892,42.563779],[-71.013467,42.561505,-71.013328,42.561442,-71.013179,42.561388,-71.013131,42.561369],[-71.020387,42.563619,-71.020074,42.563427,-71.01956,42.563074,-71.019515,42.56304],[-71.020387,42.563619,-71.019689,42.564178,-71.019607,42.564255],[-71.019607,42.564255,-71.019689,42.564178,-71.020387,42.563619],[-71.019237,42.563994,-71.019022,42.563852,-71.01882,42.563683,-71.018664,42.56354,-71.018149,42.56305,-71.017389,42.562432,-71.017371,42.562418],[-71.019655,42.567453,-71.019261,42.567359,-71.019081,42.56731,-71.018973,42.567265,-71.018815,42.567168,-71.01868,42.56705,-71.018264,42.566565,-71.018102,42.566394,-71.017906,42.566261,-71.017706,42.566139,-71.017542,42.56607],[-71.014917,42.562703,-71.014039,42.562719,-71.01357,42.56272,-71.012691,42.562717,-71.012413,42.562688,-71.012322,42.562649,-71.012482,42.562578,-71.012756,42.562441,-71.013255,42.562204,-71.014242,42.561692,-71.014448,42.561607,-71.014542,42.561586,-71.01466,42.561596,-71.014738,42.561628,-71.014832,42.561687,-71.014879,42.561731,-71.014897,42.561779,-71.014915,42.56185,-71.014923,42.561921,-71.014929,42.562103,-71.014919,42.562443,-71.014917,42.562703],[-71.014917,42.562703,-71.014919,42.562443,-71.014929,42.562103,-71.014923,42.561921,-71.014915,42.56185,-71.014897,42.561779,-71.014879,42.561731,-71.014832,42.561687,-71.014738,42.561628,-71.01466,42.561596,-71.014542,42.561586,-71.014448,42.561607,-71.014242,42.561692,-71.013255,42.562204,-71.012756,42.562441,-71.012482,42.562578,-71.012322,42.562649,-71.012413,42.562688,-71.012691,42.562717,-71.01357,42.56272,-71.014039,42.562719,-71.014917,42.562703],[-71.014917,42.562703,-71.015434,42.562709,-71.015827,42.562697,-71.015951,42.562674,-71.016035,42.562628,-71.016101,42.56256,-71.016138,42.562494,-71.016177,42.562312,-71.016209,42.562124,-71.016255,42.56201,-71.016305,42.561948,-71.016408,42.56184,-71.016489,42.56179],[-71.013139,42.559471,-71.013407,42.559649,-71.013827,42.560015,-71.014037,42.560194,-71.014251,42.560379,-71.014607,42.560642,-71.014941,42.560862],[-71.013139,42.559471,-71.012897,42.559674,