{"nodes":[[-71.01328,42.338716,4.8],[-71.013525,42.338672,4.0],[-71.014901,42.338678,2.9],[-71.013608,42.338819,3.5],[-71.021923,42.337868,2.7],[-71.015353,42.338862,2.6],[-71.014915,42.338689,2.9],[-71.022244,42.339537,2.0],[-71.017716,42.339922,1.4],[-71.014717,42.338529,2.8],[-71.013454,42.338522,3.7],[-71.013627,42.338863,3.5],[-71.014864,42.338833,2.5],[-71.014221,42.339989,1.8]],"nodeIds":[1089,1719,101535,96728,5572,29317,101534,70050,102005,96724,96725,96726,96727,102004],"names":["","William J. Day Boulevard"],"edges":[[0,1,20.7,4,0,0,1.0,0.0,0.0,0],[1,0,20.7,4,0,1,1.0,0.0,0.8,0],[1,2,113.1,7,0,-1,1.0,0.0,0.0,0],[1,3,17.8,7,0,-1,1.0,0.0,0.0,0],[4,5,563.3,5,1,2,1.0,0.0,0.0,0],[5,4,563.3,5,1,3,1.0,0.0,0.1,0],[5,6,42.0,7,0,4,1.0,0.0,0.2,0],[7,8,400.9,7,0,5,1.0,0.0,0.0,0],[9,10,103.9,7,0,-1,1.0,0.0,0.9,0],[9,10,120.2,7,0,6,1.0,0.0,0.9,0],[10,1,17.7,7,0,7,1.0,0.0,0.3,0],[11,3,5.1,7,0,-1,1.0,0.0,0.0,0],[12,5,40.5,7,0,8,1.0,0.0,0.2,0],[3,11,5.1,7,0,-1,1.0,0.0,0.0,0],[3,12,103.4,7,0,9,1.0,0.0,0.0,0],[6,2,1.7,7,0,-1,1.0,0.0,0.0,0],[6,12,16.6,7,0,10,1.0,0.0,0.0,0],[2,9,22.4,7,0,-1,1.0,0.0,0.0,0],[13,8,287.3,7,0,11,1.0,0.0,0.0,0],[8,13,287.3,7,0,12,1.0,0.0,0.4,0]],"geoms":[[-71.01328,42.338716,-71.013425,42.338693,-71.013525,42.338672],[-71.013525,42.338672,-71.013425,42.338693,-71.01328,42.338716],[-71.021923,42.337868,-71.021668,42.338005,-71.021416,42.338126,-71.02132,42.338169,-71.021225,42.33821,-71.02108,42.338271,-71.02095,42.338322,-71.020837,42.338363,-71.020717,42.338406,-71.020624,42.338438,-71.020488,42.338479,-71.020355,42.338518,-71.020245,42.338549,-71.020131,42.338576,-71.019892,42.338627,-71.019723,42.338658,-71.01952,42.338689,-71.019336,42.338715,-71.019097,42.338741,-71.018793,42.338771,-71.018531,42.338793,-71.017791,42.338838,-71.01759,42.338847,-71.016419,42.338882,-71.016172,42.338886,-71.015996,42.338889,-71.015807,42.338887,-71.015613,42.338877,-71.01542,42.338866,-71.015353,42.338862],[-71.015353,42.338862,-71.01542,42.338866,-71.015613,42.338877,-71.015807,42.338887,-71.015996,42.338889,-71.016172,42.338886,-71.016419,42.338882,-71.01759,42.338847,-71.017791,42.338838,-71.018531,42.338793,-71.018793,42.338771,-71.019097,42.338741,-71.019336,42.338715,-71.01952,42.338689,-71.019723,42.338658,-71.019892,42.338627,-71.020131,42.338576,-71.020245,42.338549,-71.020355,42.338518,-71.020488,42.338479,-71.020624,42.338438,-71.020717,42.338406,-71.020837,42.338363,-71.02095,42.338322,-71.02108,42.338271,-71.021225,42.33821,-71.02132,42.338169,-71.021416,42.338126,-71.021668,42.338005,-71.021923,42.337868],[-71.015353,42.338862,-71.01512,42.338816,-71.015064,42.338794,-71.015013,42.338762,-71.014938,42.338705,-71.014915,42.338689],[-71.022244,42.339537,-71.02203,42.339539,-71.017916,42.339543,-71.017716,42.339922],[-71.014717,42.338529,-71.014523,42.338393,-71.014503,42.338382,-71.014477,42.338378,-71.013588,42.338371,-71.013548,42.338387,-71.013503,42.338431,-71.013477,42.33847,-71.013458,42.338498,-71.013454,42.338522],[-71.013454,42.338522,-71.013457,42.338546,-71.013525,42.338672],[-71.014864,42.338833,-71.014988,42.338847,-71.015099,42.338861,-71.015181,42.338869,-71.015353,42.338862],[-71.013608,42.338819,-71.014661,42.338822,-71.01478,42.338826,-71.014864,42.338833],[-71.014915,42.338689,-71.014903,42.338724,-71.014864,42.338833],[-71.014221,42.339989,-71.017408,42.339929,-71.017716,42.339922],[-71.017716,42.339922,-71.017408,42.339929,-71.014221,42.339989]]}