{"nodes":[[-70.992842,42.199233,30.4],[-70.992364,42.200011,28.5],[-70.990606,42.1997,26.0],[-70.988671,42.201866,23.7],[-70.997932,42.200177,20.8],[-70.994132,42.199346,23.1],[-70.998476,42.200312,20.9],[-70.999667,42.197128,33.9],[-70.99803,42.199845,21.3],[-70.998131,42.199889,21.3],[-70.997905,42.200029,21.2],[-70.998033,42.20004,21.1],[-70.999301,42.199869,21.5],[-70.999337,42.200028,21.5],[-70.992821,42.201132,23.0]],"nodeIds":[55995,56468,56316,56359,59662,141275,59755,59797,81265,81266,59652,81267,94438,94442,141276],"names":["Kendall Avenue","Congress Street","","John Mahar Highway"],"edges":[[0,1,95.1,3,0,0,1.0,0.0,0.0,0],[2,3,362.3,5,1,1,1.0,0.0,0.0,0],[2,1,149.1,5,1,2,1.0,0.0,2.5,0],[3,2,362.3,5,1,3,1.0,0.0,2.3,0],[1,2,149.1,5,1,4,1.0,0.0,0.0,0],[1,0,95.1,3,0,5,1.0,0.0,1.9,0],[4,5,326.7,4,2,6,1.0,0.0,2.3,0],[6,7,374.8,3,3,7,1.0,0.0,13.0,0],[7,6,374.8,3,3,8,1.0,0.0,0.0,0],[8,9,9.7,7,2,-1,1.0,0.0,0.0,0],[8,10,23.2,7,2,9,1.0,0.0,0.0,0],[9,8,9.7,7,2,-1,1.0,0.0,0.0,0],[11,9,18.7,7,2,10,1.0,0.0,0.3,0],[12,13,17.9,7,2,-1,1.0,0.0,0.0,0],[13,12,17.9,7,2,-1,1.0,0.0,0.0,0],[5,4,326.7,4,2,11,1.0,0.0,0.0,0],[5,14,247.8,4,2,12,1.0,0.0,0.0,0],[14,5,247.8,4,2,13,1.0,0.0,0.2,0]],"geoms":[[-70.992842,42.199233,-70.992822,42.199276,-70.992796,42.199331,-70.992764,42.199391,-70.992727,42.199453,-70.992688,42.199518,-70.992364,42.200011],[-70.990606,42.1997,-70.989749,42.199555,-70.98969,42.199547,-70.989631,42.199543,-70.989571,42.199547,-70.98952,42.199555,-70.98947,42.19957,-70.989424,42.199589,-70.989383,42.199616,-70.98935,42.19965,-70.989326,42.199688,-70.989309,42.19973,-70.988671,42.201866],[-70.990606,42.1997,-70.992196,42.199961,-70.992244,42.199971,-70.992295,42.199986,-70.992364,42.200011],[-70.988671,42.201866,-70.989309,42.19973,-70.989326,42.199688,-70.98935,42.19965,-70.989383,42.199616,-70.989424,42.199589,-70.98947,42.19957,-70.98952,42.199555,-70.989571,42.199547,-70.989631,42.199543,-70.98969,42.199547,-70.989749,42.199555,-70.990606,42.1997],[-70.992364,42.200011,-70.992295,42.199986,-70.992244,42.199971,-70.992196,42.199961,-70.990606,42.1997],[-70.992364,42.200011,-70.992688,42.199518,-70.992727,42.199453,-70.992764,42.199391,-70.992796,42.199331,-70.992822,42.199276,-70.992842,42.199233],[-70.997932,42.200177,-70.997792,42.200143,-70.997516,42.20008,-70.99725,42.200012,-70.997052,42.19997,-70.99678,42.199892,-70.996458,42.199824,-70.996174,42.199763,-70.995789,42.199685,-70.995222,42.199564,-70.99496,42.199504,-70.994808,42.199475,-70.994539,42.199407,-70.994334,42.19937,-70.994132,42.199346],[-70.998476,42.200312,-70.998515,42.200242,-70.998559,42.200165,-70.99935,42.198905,-70.999406,42.198811,-70.999453,42.198726,-70.999493,42.198647,-70.999534,42.198565,-70.999576,42.198472,-70.999606,42.198398,-70.999633,42.19832,-70.999658,42.198235,-70.999675,42.198169,-70.99969,42.198102,-70.999702,42.198035,-70.999709,42.197994,-70.999722,42.197902,-70.99973,42.197806,-70.999732,42.197704,-70.999727,42.197611,-70.999717,42.197499,-70.999703,42.197392,-70.999689,42.197288,-70.999667,42.197128],[-70.999667,42.197128,-70.999689,42.197288,-70.999703,42.197392,-70.999717,42.197499,-70.999727,42.197611,-70.999732,42.197704,-70.99973,42.197806,-70.999722,42.197902,-70.999709,42.197994,-70.999702,42.198035,-70.99969,42.198102,-70.999675,42.198169,-70.999658,42.198235,-70.999633,42.19832,-70.999606,42.198398,-70.999576,42.198472,-70.999534,42.198565,-70.999493,42.198647,-70.999453,42.198726,-70.999406,42.198811,-70.99935,42.198905,-70.998559,42.200165,-70.998515,42.200242,-70.998476,42.200312],[-70.99803,42.199845,-70.997992,42.199879,-70.997961,42.199914,-70.997924,42.199968,-70.997913,42.199998,-70.997905,42.200029],[-70.998033,42.20004,-70.998048,42.200011,-70.998097,42.199936,-70.998131,42.199889],[-70.994132,42.199346,-70.994334,42.19937,-70.994539,42.199407,-70.994808,42.199475,-70.99496,42.199504,-70.995222,42.199564,-70.995789,42.199685,-70.996174,42.199763,-70.996458,42.199824,-70.99678,42.199892,-70.997052,42.19997,-70.99725,42.200012,-70.997516,42.20008,-70.997792,42.200143,-70.997932,42.200177],[-70.994132,42.199346,-70.994058,42.199388,-70.994009,42.199422,-70.993969,42.199442,-70.993929,42.199479,-70.99391,42.199534,-70.993889,42.199598,-70.993873,42.199646,-70.99383,42.199709,-70.993731,42.199757,-70.993633,42.199776,-70.99354,42.199805,-70.993448,42.199814,-70.993374,42.199878,-70.9933,42.199965,-70.993242,42.200038,-70.993199,42.200088,-70.993057,42.200193,-70.992949,42.200319,-70.992909,42.200431,-70.992832,42.200547,-70.992798,42.200711,-70.992795,42.200798,-70.992829,42.200871,-70.992853,42.20094,-70.992829,42.200994,-70.992813,42.20102,-70.992798,42.201079,-70.992821,42.201132],[-70.992821,42.201132,-70.992798,42.201079,-70.992813,42.20102,-70.992829,42.200994,-70.992853,42.20094,-70.992829,42.200871,-70.992795,42.200798,-70.992798,42.200711,-70.992832,42.200547,-70.992909,42.200431,-70.992949,42.200319,-70.993057,42.200193,-70.993199,42.200088,-70.993242,42.200038,-70.9933,42.199965,-70.993374,42.199878,-70.993448,42.199814,-70.99354,42.199805,-70.993633,42.199776,-70.993731,42.199757,-70.99383,42.199709,-70.993873,42.199646,-70.993889,42.199598,-70.99391,42.199534,-70.993929,42.199479,-70.993969,42.199442,-70.994009,42.199422,-70.994058,42.199388,-70.994132,42.199346]]}