{"nodes":[[-70.990616,42.356952,1.4],[-70.989109,42.355807,0.1],[-70.991596,42.35761,1.8],[-70.99021,42.357158,1.3],[-70.988175,42.361754,0.8],[-70.995507,42.354973,1.6],[-70.992882,42.357585,2.5],[-70.991457,42.358449,2.3],[-70.991698,42.359505,2.8],[-70.994224,42.356627,2.8],[-70.9937,42.358118,2.7],[-71.002582,42.356796,2.3],[-70.995072,42.355312,2.9],[-70.991095,42.358431,2.2]],"nodeIds":[70521,70522,121662,122023,122037,122028,122026,122039,122024,122025,122027,132774,122029,122040],"names":[""],"edges":[[0,1,177.6,7,0,-1,1.0,0.0,0.0,0],[0,2,109.7,7,0,0,1.0,0.0,0.4,0],[0,3,40.4,7,0,1,1.0,0.0,0.0,0],[1,0,177.6,7,0,-1,1.0,0.0,1.3,0],[1,4,786.0,7,0,2,1.0,0.0,0.7,0],[1,5,628.7,7,0,3,1.0,0.0,1.5,0],[2,0,109.7,7,0,4,1.0,0.0,0.0,0],[2,6,120.5,7,0,5,1.0,0.0,0.7,0],[2,7,94.3,7,0,6,1.0,0.0,0.4,0],[3,0,40.4,7,0,7,1.0,0.0,0.1,0],[8,7,120.6,7,0,8,1.0,0.0,0.0,0],[9,6,155.5,7,0,9,1.0,0.0,0.0,0],[6,9,155.5,7,0,10,1.0,0.0,0.2,0],[6,2,120.5,7,0,11,1.0,0.0,0.0,0],[6,10,109.0,7,0,12,1.0,0.0,0.2,0],[10,6,109.0,7,0,13,1.0,0.0,0.0,0],[5,1,628.7,7,0,14,1.0,0.0,0.0,0],[5,11,680.6,7,0,15,1.0,0.0,0.7,0],[5,12,51.9,7,0,16,1.0,0.0,1.3,0],[12,5,51.9,7,0,17,1.0,0.0,0.0,0],[4,1,786.0,7,0,18,1.0,0.0,0.0,0],[7,13,29.9,7,0,-1,1.0,0.0,0.0,0],[7,8,120.6,7,0,19,1.0,0.0,0.5,0],[7,2,94.3,7,0,20,1.0,0.0,0.0,0],[13,7,29.9,7,0,-1,1.0,0.0,0.0,0],[11,5,680.6,7,0,21,1.0,0.0,0.0,0]],"geoms":[[-70.990616,42.356952,-70.991342,42.357495,-70.991517,42.357593,-70.991596,42.35761],[-70.990616,42.356952,-70.990528,42.357,-70.99021,42.357158],[-70.989109,42.355807,-70.988566,42.356199,-70.988157,42.356495,-70.987759,42.356789,-70.98732,42.357108,-70.986966,42.357369,-70.986624,42.35765,-70.986552,42.357716,-70.986509,42.357807,-70.986497,42.357923,-70.986511,42.358053,-70.986546,42.358198,-70.98691,42.359283,-70.986951,42.359462,-70.986992,42.359551,-70.987155,42.359787,-70.987212,42.359879,-70.98725,42.359976,-70.987441,42.360587,-70.987459,42.36073,-70.987457,42.36086,-70.987444,42.360955,-70.987419,42.361045,-70.987415,42.36109,-70.987421,42.361143,-70.987431,42.361185,-70.987458,42.36123,-70.987498,42.361283,-70.987558,42.361346,-70.987722,42.361484,-70.987853,42.361579,-70.987987,42.36166,-70.988145,42.361741,-70.988175,42.361754],[-70.989109,42.355807,-70.989761,42.355328,-70.989822,42.3553,-70.990037,42.355246,-70.990473,42.355131,-70.990585,42.355091,-70.990707,42.355032,-70.990876,42.354908,-70.9918,42.354228,-70.991899,42.354171,-70.99198,42.354142,-70.992063,42.354132,-70.992173,42.354134,-70.992381,42.35419,-70.992388,42.354191,-70.992388,42.354191,-70.992685,42.354264,-70.992899,42.354288,-70.992967,42.354291,-70.99304,42.354291,-70.993185,42.354281,-70.993617,42.354245,-70.993885,42.354222,-70.994016,42.354217,-70.994132,42.354221,-70.99428,42.35424,-70.994411,42.354271,-70.994549,42.354317,-70.994685,42.354377,-70.994819,42.354455,-70.995197,42.35474,-70.995499,42.354967,-70.995507,42.354973],[-70.991596,42.35761,-70.991517,42.357593,-70.991342,42.357495,-70.990616,42.356952],[-70.991596,42.35761,-70.991698,42.35761,-70.991804,42.35756,-70.991884,42.357509,-70.992039,42.357394,-70.992127,42.357371,-70.992215,42.357366,-70.99273,42.357548,-70.992822,42.357576,-70.992882,42.357585],[-70.991596,42.35761,-70.991577,42.357664,-70.991563,42.357741,-70.991556,42.358047,-70.991511,42.358264,-70.991457,42.358449],[-70.99021,42.357158,-70.990528,42.357,-70.990616,42.356952],[-70.991698,42.359505,-70.991542,42.359018,-70.991434,42.358709,-70.991411,42.358611,-70.991457,42.358449],[-70.994224,42.356627,-70.993769,42.35696,-70.993147,42.357491,-70.993062,42.357542,-70.992993,42.357567,-70.992923,42.357585,-70.992882,42.357585],[-70.992882,42.357585,-70.992923,42.357585,-70.992993,42.357567,-70.993062,42.357542,-70.993147,42.357491,-70.993769,42.35696,-70.994224,42.356627],[-70.992882,42.357585,-70.992822,42.357576,-70.99273,42.357548,-70.992215,42.357366,-70.992127,42.357371,-70.992039,42.357394,-70.991884,42.357509,-70.991804,42.35756,-70.991698,42.35761,-70.991596,42.35761],[-70.992882,42.357585,-70.992885,42.357643,-70.992894,42.357699,-70.992925,42.35786,-70.992943,42.357922,-70.992983,42.357985,-70.993032,42.358035,-70.993102,42.358072,-70.993254,42.358096,-70.993462,42.358117,-70.993569,42.35812,-70.9937,42.358118],[-70.9937,42.358118,-70.993569,42.35812,-70.993462,42.358117,-70.993254,42.358096,-70.993102,42.358072,-70.993032,42.358035,-70.992983,42.357985,-70.992943,42.357922,-70.992925,42.35786,-70.992894,42.357699,-70.992885,42.357643,-70.992882,42.357585],[-70.995507,42.354973,-70.995499,42.354967,-70.995197,42.35474,-70.994819,42.354455,-70.994685,42.354377,-70.994549,42.354317,-70.994411,42.354271,-70.99428,42.35424,-70.994132,42.354221,-70.994016,42.354217,-70.993885,42.354222,-70.993617,42.354245,-70.993185,42.354281,-70.99304,42.354291,-70.992967,42.354291,-70.992899,42.354288,-70.992685,42.354264,-70.992388,42.354191,-70.992388,42.354191,-70.992381,42.35419,-70.992173,42.354134,-70.992063,42.354132,-70.99198,42.354142,-70.991899,42.354171,-70.9918,42.354228,-70.990876,42.354908,-70.990707,42.355032,-70.990585,42.355091,-70.990473,42.355131,-70.990037,42.355246,-70.989822,42.3553,-70.989761,42.355328,-70.989109,42.355807],[-70.995507,42.354973,-70.995653,42.355083,-70.996225,42.355507,-70.996869,42.355986,-70.997804,42.356679,-70.997931,42.356747,-70.998337,42.35691,-70.998652,42.357027,-70.999031,42.357168,-70.999226,42.357222,-70.999397,42.357244,-70.999571,42.357247,-71.000106,42.357185,-71.001107,42.357054,-71.001536,42.356982,-71.002582,42.356796],[-70.995507,42.354973,-70.995474,42.354999,-70.995072,42.355312],[-70.995072,42.355312,-70.995474,42.354999,-70.995507,42.354973],[-70.988175,42.361754,-70.988145,42.361741,-70.987987,42.36166,-70.987853,42.361579,-70.987722,42.361484,-70.987558,42.361346,-70.987498,42.361283,-70.987458,42.36123,-70.987431,42.361185,-70.987421,42.361143,-70.987415,42.36109,-70.987419,42.361045,-70.987444,42.360955,-70.987457,42.36086,-70.987459,42.36073,-70.987441,42.360587,-70.98725,42.359976,-70.987212,42.359879,-70.987155,42.359787,-70.986992,42.359551,-70.986951,42.359462,-70.98691,42.359283,-70.986546,42.358198,-70.986511,42.358053,-70.986497,42.357923,-70.986509,42.357807,-70.986552,42.357716,-70.986624,42.35765,-70.986966,42.357369,-70.98732,42.357108,-70.987759,42.356789,-70.988157,42.356495,-70.988566,42.356199,-70.989109,42.355807],[-70.991457,42.358449,-70.991411,42.358611,-70.991434,42.358709,-70.991542,42.359018,-70.991698,42.359505],[-70.991457,42.358449,-70.991511,42.358264,-70.991556,42.358047,-70.991563,42.357741,-70.991577,42.357664,-70.991596,42.35761],[-71.002582,42.356796,-71.001536,42.356982,-71.001107,42.357054,-71.000106,42.357185,-70.999571,42.357247,-70.999397,42.357244,-70.999226,42.357222,-70.999031,42.357168,-70.998652,42.357027,-70.998337,42.35691,-70.997931,42.356747,-70.997804,42.356679,-70.996869,42.355986,-70.996225,42.355507,-70.995653,42.355083,-70.995507,42.354973]]}