{"nodes":[[-70.98359,42.099713,48.0],[-70.984672,42.099573,50.8],[-70.980452,42.100094,44.6],[-70.994941,42.099809,51.5],[-70.997804,42.099487,51.5],[-70.991081,42.100391,59.0],[-70.990529,42.09877,65.7],[-70.998741,42.099122,52.4],[-70.998826,42.100056,54.1],[-70.989653,42.100629,56.9],[-70.986302,42.100139,56.0],[-70.985836,42.101059,52.7],[-70.985724,42.099429,54.9],[-71.00063,42.099852,54.4],[-70.997855,42.100217,51.9]],"nodeIds":[14809,15122,15009,14814,15153,14819,15169,15010,15130,15096,15148,15144,15128,15168,15135],"names":["East Ashland Street","Nicholson Drive","North Quincy Street","Norwich Road","Annette Road","Raintree Drive","Anne Marie Drive","Vale Street","Colgate Road"],"edges":[[0,1,90.7,1,0,-1,1.0,0.0,2.8,1],[0,2,262.3,1,0,0,1.0,0.0,0.0,1],[3,4,240.1,5,1,1,1.0,0.0,0.0,0],[5,6,185.9,1,2,-1,1.0,0.0,6.6,1],[2,0,262.3,1,0,2,1.0,0.0,3.4,1],[7,8,104.1,5,3,3,1.0,0.0,1.7,0],[9,10,345.1,5,4,4,1.0,0.0,0.0,0],[1,0,90.7,1,0,-1,1.0,0.0,0.0,1],[1,11,193.8,5,5,5,1.0,125.0,2.0,0],[12,10,92.9,5,6,6,1.0,125.0,1.1,0],[12,6,403.2,1,0,7,1.0,0.0,10.7,1],[8,13,150.6,5,7,-1,1.0,0.0,0.2,0],[8,7,104.1,5,3,8,1.0,0.0,0.0,0],[14,4,81.3,5,8,-1,1.0,0.0,0.0,0],[11,1,193.8,5,5,9,1.0,125.0,0.0,0],[10,12,92.9,5,6,10,1.0,125.0,0.0,0],[10,9,345.1,5,4,11,1.0,0.0,0.9,0],[4,14,81.3,5,8,-1,1.0,0.0,0.4,0],[4,3,240.1,5,1,12,1.0,0.0,0.0,0],[13,8,150.6,5,7,-1,1.0,0.0,0.0,0],[6,5,185.9,1,2,-1,1.0,0.0,0.0,1],[6,12,403.2,1,0,13,1.0,0.0,0.0,1]],"geoms":[[-70.98359,42.099713,-70.982855,42.099802,-70.980452,42.100094],[-70.994941,42.099809,-70.99637,42.099538,-70.997804,42.099487],[-70.980452,42.100094,-70.982855,42.099802,-70.98359,42.099713],[-70.998741,42.099122,-70.998784,42.099564,-70.998826,42.100056],[-70.989653,42.100629,-70.989656,42.10057,-70.989621,42.100446,-70.989573,42.100366,-70.989499,42.100242,-70.989426,42.100151,-70.989333,42.100035,-70.989265,42.09996,-70.989196,42.099886,-70.989105,42.09983,-70.989014,42.099773,-70.988929,42.09975,-70.988843,42.099726,-70.988694,42.099711,-70.988588,42.099718,-70.988482,42.099725,-70.988389,42.099737,-70.988296,42.099748,-70.988118,42.099771,-70.987939,42.099793,-70.98776,42.099816,-70.987581,42.099838,-70.987402,42.09986,-70.987223,42.099883,-70.987129,42.099892,-70.987034,42.099901,-70.986854,42.09992,-70.986736,42.099954,-70.986567,42.100003,-70.986457,42.100055,-70.986346,42.100107,-70.986302,42.100139],[-70.984672,42.099573,-70.984677,42.099588,-70.984712,42.09972,-70.984735,42.099806,-70.984757,42.099892,-70.98481,42.099989,-70.984866,42.100047,-70.984923,42.100105,-70.985251,42.100447,-70.985836,42.101059],[-70.985724,42.099429,-70.985751,42.099494,-70.985777,42.099558,-70.985827,42.099627,-70.985877,42.099695,-70.985949,42.099771,-70.986022,42.099847,-70.986127,42.099957,-70.986232,42.100067,-70.986302,42.100139],[-70.985724,42.099429,-70.989909,42.098868,-70.990529,42.09877],[-70.998826,42.100056,-70.998784,42.099564,-70.998741,42.099122],[-70.985836,42.101059,-70.985251,42.100447,-70.984923,42.100105,-70.984866,42.100047,-70.98481,42.099989,-70.984757,42.099892,-70.984735,42.099806,-70.984712,42.09972,-70.984677,42.099588,-70.984672,42.099573],[-70.986302,42.100139,-70.986232,42.100067,-70.986127,42.099957,-70.986022,42.099847,-70.985949,42.099771,-70.985877,42.099695,-70.985827,42.099627,-70.985777,42.099558,-70.985751,42.099494,-70.985724,42.099429],[-70.986302,42.100139,-70.986346,42.100107,-70.986457,42.100055,-70.986567,42.100003,-70.986736,42.099954,-70.986854,42.09992,-70.987034,42.099901,-70.987129,42.099892,-70.987223,42.099883,-70.987402,42.09986,-70.987581,42.099838,-70.98776,42.099816,-70.987939,42.099793,-70.988118,42.099771,-70.988296,42.099748,-70.988389,42.099737,-70.988482,42.099725,-70.988588,42.099718,-70.988694,42.099711,-70.988843,42.099726,-70.988929,42.09975,-70.989014,42.099773,-70.989105,42.09983,-70.989196,42.099886,-70.989265,42.09996,-70.989333,42.100035,-70.989426,42.100151,-70.989499,42.100242,-70.989573,42.100366,-70.989621,42.100446,-70.989656,42.10057,-70.989653,42.100629],[-70.997804,42.099487,-70.99637,42.099538,-70.994941,42.099809],[-70.990529,42.09877,-70.989909,42.098868,-70.985724,42.099429]]}