{"nodes":[[-70.970014,42.200006,34.4],[-70.97029,42.19827,32.8]],"nodeIds":[48312,48994],"names":["Summer Street"],"edges":[[0,1,194.4,3,0,0,1.0,0.0,0.0,0],[1,0,194.4,3,0,1,1.0,0.0,1.6,0]],"geoms":[[-70.970014,42.200006,-70.970189,42.198921,-70.97029,42.19827],[-70.97029,42.19827,-70.970189,42.198921,-70.970014,42.200006]]}