{"nodes":[[-70.960423,42.099877,38.1],[-70.960599,42.100043,38.2],[-70.97409,42.099595,39.1],[-70.974939,42.100861,40.7],[-70.979425,42.10022,40.9],[-70.978103,42.095403,46.2],[-70.970848,42.098907,47.5],[-70.970949,42.101225,48.6]],"nodeIds":[4608,64243,4864,4973,53584,53585,55679,55681],"names":["","Hunts Pond Lane","Linwood Street"],"edges":[[0,1,23.6,7,0,0,1.0,125.0,0.0,0],[2,3,168.9,5,1,1,1.0,125.0,1.6,0],[3,2,168.9,5,1,2,1.0,125.0,0.0,0],[4,5,571.3,7,0,3,1.0,125.0,5.3,0],[5,4,571.3,7,0,4,1.0,125.0,0.0,0],[6,7,260.2,5,2,5,1.0,0.0,1.1,0],[7,6,260.2,5,2,6,1.0,0.0,0.0,0],[1,0,23.6,7,0,7,1.0,125.0,0.0,0]],"geoms":[[-70.960423,42.099877,-70.960566,42.099993,-70.960599,42.100043],[-70.97409,42.099595,-70.974208,42.099631,-70.974348,42.099674,-70.97452,42.099765,-70.974639,42.099864,-70.974698,42.099977,-70.97475,42.100164,-70.974939,42.100861],[-70.974939,42.100861,-70.97475,42.100164,-70.974698,42.099977,-70.974639,42.099864,-70.97452,42.099765,-70.974348,42.099674,-70.974208,42.099631,-70.97409,42.099595],[-70.979425,42.10022,-70.979405,42.100147,-70.979405,42.100096,-70.979471,42.100017,-70.979619,42.099922,-70.979687,42.09986,-70.979714,42.099787,-70.97969,42.099704,-70.979592,42.09955,-70.9795,42.099384,-70.979396,42.099103,-70.979367,42.09901,-70.979328,42.098865,-70.979275,42.098772,-70.979192,42.098693,-70.979011,42.098532,-70.97896,42.098457,-70.978803,42.098028,-70.978782,42.097984,-70.978708,42.097715,-70.978548,42.097403,-70.97845,42.09711,-70.978266,42.096766,-70.978221,42.096638,-70.978218,42.096533,-70.978263,42.096229,-70.978266,42.096055,-70.978197,42.095885,-70.978111,42.09555,-70.978103,42.095403],[-70.978103,42.095403,-70.978111,42.09555,-70.978197,42.095885,-70.978266,42.096055,-70.978263,42.096229,-70.978218,42.096533,-70.978221,42.096638,-70.978266,42.096766,-70.97845,42.09711,-70.978548,42.097403,-70.978708,42.097715,-70.978782,42.097984,-70.978803,42.098028,-70.97896,42.098457,-70.979011,42.098532,-70.979192,42.098693,-70.979275,42.098772,-70.979328,42.098865,-70.979367,42.09901,-70.979396,42.099103,-70.9795,42.099384,-70.979592,42.09955,-70.97969,42.099704,-70.979714,42.099787,-70.979687,42.09986,-70.979619,42.099922,-70.979471,42.100017,-70.979405,42.100096,-70.979405,42.100147,-70.979425,42.10022],[-70.970848,42.098907,-70.970789,42.099085,-70.970713,42.099375,-70.970701,42.099559,-70.970704,42.099644,-70.97085,42.100582,-70.97087,42.100717,-70.970949,42.101225],[-70.970949,42.101225,-70.97087,42.100717,-70.97085,42.100582,-70.970704,42.099644,-70.970701,42.099559,-70.970713,42.099375,-70.970789,42.099085,-70.970848,42.098907],[-70.960599,42.100043,-70.960566,42.099993,-70.960423,42.099877]]}