{"nodes":[[-70.951375,42.100189,29.4],[-70.95498,42.099699,42.1],[-70.944325,42.100009,27.1],[-70.944604,42.099079,25.0],[-70.940236,42.098941,24.6],[-70.949893,42.100332,29.6],[-70.950433,42.097872,30.1]],"nodeIds":[4686,4993,4798,54968,53825,4875,51273],"names":["Ashland Street","Walnut Street","Myers Avenue","Washington Street"],"edges":[[0,1,302.4,5,0,0,1.0,0.0,12.7,0],[2,3,106.0,3,1,1,1.0,0.0,0.0,0],[2,4,358.3,7,2,2,1.0,0.0,0.0,0],[5,6,277.7,1,3,3,1.0,0.0,0.5,1],[1,0,302.4,5,0,4,1.0,0.0,0.0,0],[6,5,277.7,1,3,5,1.0,0.0,0.0,1],[4,2,358.3,7,2,6,1.0,0.0,2.4,0],[3,2,106.0,3,1,7,1.0,0.0,2.0,0]],"geoms":[[-70.951375,42.100189,-70.951799,42.100129,-70.952648,42.100012,-70.953073,42.099956,-70.95352,42.099899,-70.954445,42.099784,-70.954562,42.099769,-70.95483,42.099727,-70.95498,42.099699],[-70.944325,42.100009,-70.944422,42.099711,-70.944604,42.099079],[-70.944325,42.100009,-70.941263,42.099269,-70.940691,42.099128,-70.940236,42.098941],[-70.949893,42.100332,-70.950003,42.099938,-70.95011,42.099544,-70.950306,42.098781,-70.950362,42.09856,-70.950382,42.09847,-70.950399,42.098381,-70.950413,42.098297,-70.950424,42.098211,-70.950431,42.098127,-70.950436,42.098043,-70.950436,42.097962,-70.950433,42.097872],[-70.95498,42.099699,-70.95483,42.099727,-70.954562,42.099769,-70.954445,42.099784,-70.95352,42.099899,-70.953073,42.099956,-70.952648,42.100012,-70.951799,42.100129,-70.951375,42.100189],[-70.950433,42.097872,-70.950436,42.097962,-70.950436,42.098043,-70.950431,42.098127,-70.950424,42.098211,-70.950413,42.098297,-70.950399,42.098381,-70.950382,42.09847,-70.950362,42.09856,-70.950306,42.098781,-70.95011,42.099544,-70.950003,42.099938,-70.949893,42.100332],[-70.940236,42.098941,-70.940691,42.099128,-70.941263,42.099269,-70.944325,42.100009],[-70.944604,42.099079,-70.944422,42.099711,-70.944325,42.100009]]}