{"nodes":[[-70.952287,42.200157,29.4],[-70.95306,42.19984,31.0],[-70.957577,42.200433,35.9],[-70.956627,42.199624,34.0],[-70.94135,42.19954,32.4],[-70.941085,42.200329,32.2],[-70.94614,42.19917,31.7],[-70.946077,42.200014,29.5],[-70.940113,42.199858,26.2],[-70.940027,42.2001,26.1],[-70.953167,42.200024,31.1],[-70.95374,42.199901,31.7],[-70.955832,42.200004,33.2],[-70.955831,42.199727,33.3],[-70.954046,42.199785,29.8],[-70.954169,42.20017,30.3],[-70.955654,42.200021,33.2],[-70.955292,42.199939,33.0],[-70.957983,42.200409,36.3],[-70.958794,42.200132,36.2]],"nodeIds":[47871,59064,48159,48760,48676,48687,49079,56882,57950,57951,59065,59069,59066,59070,59071,59073,59074,59063,138072,138073],"names":["Winter Street","Front Street","Lane Avenue","Middle Street","Joan Terrace","","Main Street"],"edges":[[0,1,72.8,1,0,0,1.0,0.0,1.5,1],[2,3,120.5,3,1,1,1.0,0.0,0.0,0],[4,5,90.4,5,2,-1,1.0,125.0,0.0,0],[5,4,90.4,5,2,-1,1.0,125.0,0.2,0],[3,2,120.5,3,1,2,1.0,0.0,1.9,0],[6,7,94.0,1,3,3,1.0,0.0,0.0,1],[7,6,94.0,1,3,4,1.0,0.0,2.2,1],[8,9,27.8,5,4,-1,1.0,125.0,0.0,0],[9,8,27.8,5,4,-1,1.0,125.0,0.2,0],[1,10,22.2,7,5,-1,1.0,125.0,0.1,0],[1,0,72.8,1,0,5,1.0,0.0,0.0,1],[10,1,22.2,7,5,-1,1.0,125.0,0.0,0],[10,11,49.1,7,5,-1,1.0,0.0,0.6,0],[12,13,30.8,1,6,-1,1.0,0.0,0.1,1],[11,10,49.1,7,5,-1,1.0,0.0,0.0,0],[11,14,28.3,7,5,6,1.0,0.0,0.0,0],[13,12,30.8,1,6,-1,1.0,0.0,0.0,1],[14,11,28.3,7,5,7,1.0,0.0,1.9,0],[15,14,44.1,7,5,8,1.0,0.0,0.0,0],[16,17,32.0,7,5,9,1.0,0.0,0.0,0],[18,19,93.0,7,5,10,1.0,0.0,0.0,0]],"geoms":[[-70.952287,42.200157,-70.952575,42.200031,-70.95277,42.199948,-70.952921,42.199888,-70.95306,42.19984],[-70.957577,42.200433,-70.957483,42.200369,-70.957259,42.200217,-70.957187,42.200169,-70.95707,42.20009,-70.95686,42.19992,-70.956786,42.199845,-70.956755,42.199811,-70.956716,42.199766,-70.956664,42.199696,-70.956627,42.199624],[-70.956627,42.199624,-70.956664,42.199696,-70.956716,42.199766,-70.956755,42.199811,-70.956786,42.199845,-70.95686,42.19992,-70.95707,42.20009,-70.957187,42.200169,-70.957259,42.200217,-70.957483,42.200369,-70.957577,42.200433],[-70.94614,42.19917,-70.94613,42.19959,-70.946077,42.200014],[-70.946077,42.200014,-70.94613,42.19959,-70.94614,42.19917],[-70.95306,42.19984,-70.952921,42.199888,-70.95277,42.199948,-70.952575,42.200031,-70.952287,42.200157],[-70.95374,42.199901,-70.953826,42.199864,-70.953935,42.19982,-70.954046,42.199785],[-70.954046,42.199785,-70.953935,42.19982,-70.953826,42.199864,-70.95374,42.199901],[-70.954169,42.20017,-70.954113,42.200039,-70.954058,42.199889,-70.954046,42.199785],[-70.955654,42.200021,-70.955577,42.199979,-70.955508,42.19996,-70.955292,42.199939],[-70.957983,42.200409,-70.958287,42.200214,-70.958588,42.199979,-70.958794,42.200132]]}