{"nodes":[[-70.926826,42.098819,34.0],[-70.920547,42.100204,30.8],[-70.926773,42.100349,34.0],[-70.926722,42.099833,33.8]],"nodeIds":[32497,57920,52418,49006],"names":["Jean Carol Road","Plymouth Street"],"edges":[[0,1,542.1,5,0,0,1.0,0.0,0.0,0],[2,3,57.6,1,1,1,1.0,0.0,0.0,1],[1,0,542.1,5,0,2,1.0,0.0,3.1,0]],"geoms":[[-70.926826,42.098819,-70.925817,42.099106,-70.925706,42.099132,-70.925535,42.099166,-70.92283,42.099656,-70.921402,42.099912,-70.921254,42.099948,-70.921086,42.100001,-70.920547,42.100204],[-70.926773,42.100349,-70.926754,42.100245,-70.926721,42.09989,-70.926722,42.099833],[-70.920547,42.100204,-70.921086,42.100001,-70.921254,42.099948,-70.921402,42.099912,-70.92283,42.099656,-70.925535,42.099166,-70.925706,42.099132,-70.925817,42.099106,-70.926826,42.098819]]}