{"nodes":[[-70.932107,42.419764,20.1],[-70.931708,42.418768,5.8],[-70.93184,42.419829,18.7],[-70.932547,42.419674,21.8],[-70.93144,42.418797,5.7],[-70.932758,42.418724,4.5],[-70.932854,42.420426,15.6],[-70.934092,42.418426,5.7],[-70.934263,42.418885,8.1],[-70.933315,42.418769,5.1],[-70.933574,42.419483,5.5],[-70.933908,42.418838,7.6],[-70.93438,42.420122,6.8],[-70.934505,42.419018,6.7],[-70.932414,42.419339,14.7],[-70.930899,42.418916,5.3],[-70.931592,42.420674,12.6],[-70.934908,42.420016,5.0],[-70.935442,42.41867,5.7],[-70.935791,42.419848,2.6],[-70.93035,42.418993,5.2],[-70.93625,42.416948,8.9],[-70.935757,42.419086,4.9],[-70.929984,42.419039,4.7],[-70.929575,42.419588,4.0],[-70.928857,42.418546,20.8],[-70.928936,42.418011,17.2],[-70.929534,42.41861,10.0],[-70.933874,42.420218,11.3]],"nodeIds":[663,664,67390,67355,67385,67467,67268,67274,67354,67295,128873,67328,67438,67406,67386,67437,67398,67411,67443,97203,98673,67452,101480,98670,98671,98672,98674,126595,67299],"names":["Surf View Avenue","Harris Street","Bass Point Road","Breezy Hill Terrace","Rollins Avenue","Irving Way","Sea View Avenue","Colby Way","Trimountain Road","Sea Breeze Lane","","Spinney Path"],"edges":[[0,1,115.5,4,0,0,1.0,0.0,0.0,0],[0,2,23.1,5,1,-1,1.0,0.0,0.0,0],[0,3,37.5,5,1,1,1.0,0.0,1.6,0],[1,0,115.5,4,0,2,1.0,0.0,14.3,0],[1,4,22.2,5,2,-1,1.0,0.0,0.0,0],[1,5,86.4,5,2,3,1.0,0.0,0.0,0],[6,3,87.3,5,3,4,1.0,0.0,6.1,0],[7,8,53.0,5,4,5,1.0,0.0,2.4,0],[9,10,82.1,5,5,-1,1.0,0.0,0.5,0],[9,11,49.3,5,2,6,1.0,0.0,2.5,0],[9,5,46.0,5,2,7,1.0,0.0,0.0,0],[11,12,147.9,5,6,8,1.0,0.0,0.0,0],[11,8,29.6,5,2,9,1.0,0.0,0.6,0],[11,9,49.3,5,2,10,1.0,0.0,0.0,0],[8,13,27.4,5,2,11,1.0,0.0,0.0,0],[8,11,29.6,5,2,12,1.0,0.0,0.0,0],[8,7,53.0,5,4,13,1.0,0.0,0.0,0],[3,14,38.9,5,3,-1,1.0,0.0,0.0,0],[3,0,37.5,5,1,14,1.0,0.0,0.0,0],[4,1,22.2,5,2,-1,1.0,0.0,0.1,0],[4,15,48.7,5,2,15,1.0,0.0,0.0,0],[14,3,38.9,5,3,-1,1.0,0.0,7.0,0],[2,0,23.1,5,1,-1,1.0,0.0,1.4,0],[2,4,119.3,5,7,16,1.0,0.0,0.0,0],[16,15,203.6,5,8,17,1.0,0.0,0.0,0],[13,17,115.8,5,2,18,1.0,0.0,0.0,0],[13,8,27.4,5,2,19,1.0,0.0,1.5,0],[13,18,87.0,5,9,20,1.0,0.0,0.0,0],[17,13,115.8,5,2,21,1.0,0.0,1.6,0],[17,19,75.1,4,10,22,1.0,0.0,0.0,0],[15,4,48.7,5,2,23,1.0,0.0,0.4,0],[15,20,45.9,5,2,24,1.0,0.0,0.0,0],[12,11,147.9,5,6,25,1.0,0.0,0.8,0],[18,13,87.0,5,9,26,1.0,0.0,0.9,0],[18,21,208.9,5,9,27,1.0,0.0,3.2,0],[18,22,59.2,5,9,28,1.0,0.0,0.0,0],[21,18,208.9,5,9,29,1.0,0.0,0.0,0],[5,9,46.0,5,2,30,1.0,0.0,0.6,0],[5,1,86.4,5,2,31,1.0,0.0,1.3,0],[5,10,133.4,7,11,32,1.0,0.0,1.0,0],[19,17,75.1,4,10,33,1.0,0.0,2.5,0],[23,20,30.5,5,2,-1,1.0,0.0,0.5,0],[23,24,130.6,5,2,34,1.0,0.0,0.0,0],[23,24,70.5,5,2,35,1.0,0.0,0.0,0],[24,23,70.5,5,2,36,1.0,0.0,0.8,0],[24,23,130.6,5,2,37,1.0,0.0,0.8,0],[25,26,61.9,4,10,38,1.0,0.0,0.0,0],[25,26,81.4,4,10,39,1.0,0.0,0.0,0],[25,27,91.5,4,10,40,1.0,0.0,0.0,0],[20,23,30.5,5,2,-1,1.0,0.0,0.0,0],[20,15,45.9,5,2,41,1.0,0.0,0.0,0],[20,27,84.6,4,10,42,1.0,0.0,4.8,0],[26,25,81.4,4,10,43,1.0,0.0,3.5,0],[26,25,61.9,4,10,44,1.0,0.0,3.5,0],[26,27,158.0,4,10,45,1.0,0.0,0.0,0],[22,18,59.2,5,9,46,1.0,0.0,0.8,0],[27,25,91.5,4,10,47,1.0,0.0,10.7,0],[27,26,158.0,4,10,48,1.0,0.0,7.2,0],[27,20,84.6,4,10,49,1.0,0.0,0.0,0],[10,28,85.4,5,5,50,1.0,0.0,5.8,0],[10,5,133.4,7,11,51,1.0,0.0,0.0,0]],"geoms":[[-70.932107,42.419764,-70.932036,42.419585,-70.931955,42.419378,-70.93183,42.419092,-70.931708,42.418768],[-70.932107,42.419764,-70.932188,42.419743,-70.932547,42.419674],[-70.931708,42.418768,-70.93183,42.419092,-70.931955,42.419378,-70.932036,42.419585,-70.932107,42.419764],[-70.931708,42.418768,-70.931907,42.418749,-70.932175,42.418733,-70.932253,42.418728,-70.932321,42.418726,-70.932594,42.41872,-70.932617,42.41872,-70.932758,42.418724],[-70.932854,42.420426,-70.932766,42.4202,-70.932674,42.419972,-70.932547,42.419674],[-70.934092,42.418426,-70.934181,42.418662,-70.934263,42.418885],[-70.933315,42.418769,-70.933492,42.418789,-70.933908,42.418838],[-70.933315,42.418769,-70.93309,42.418746,-70.932758,42.418724],[-70.933908,42.418838,-70.934092,42.419388,-70.93427,42.419834,-70.93438,42.420122],[-70.933908,42.418838,-70.934118,42.418865,-70.934263,42.418885],[-70.933908,42.418838,-70.933492,42.418789,-70.933315,42.418769],[-70.934263,42.418885,-70.934397,42.418904,-70.934449,42.418925,-70.934483,42.418968,-70.934505,42.419018],[-70.934263,42.418885,-70.934118,42.418865,-70.933908,42.418838],[-70.934263,42.418885,-70.934181,42.418662,-70.934092,42.418426],[-70.932547,42.419674,-70.932188,42.419743,-70.932107,42.419764],[-70.93144,42.418797,-70.931009,42.418848,-70.930952,42.418859,-70.930912,42.418886,-70.930899,42.418916],[-70.93184,42.419829,-70.931712,42.419496,-70.931556,42.419105,-70.93144,42.418797],[-70.931592,42.420674,-70.931531,42.42051,-70.931414,42.420204,-70.93125,42.419791,-70.931063,42.419322,-70.930899,42.418916],[-70.934505,42.419018,-70.934583,42.419216,-70.934737,42.419579,-70.934908,42.420016],[-70.934505,42.419018,-70.934483,42.418968,-70.934449,42.418925,-70.934397,42.418904,-70.934263,42.418885],[-70.934505,42.419018,-70.934608,42.418965,-70.934711,42.418912,-70.934871,42.41883,-70.934921,42.418814,-70.935183,42.418765,-70.935359,42.418706,-70.935442,42.41867],[-70.934908,42.420016,-70.934737,42.419579,-70.934583,42.419216,-70.934505,42.419018],[-70.934908,42.420016,-70.935207,42.419933,-70.935691,42.419857,-70.935791,42.419848],[-70.930899,42.418916,-70.930912,42.418886,-70.930952,42.418859,-70.931009,42.418848,-70.93144,42.418797],[-70.930899,42.418916,-70.930767,42.418932,-70.930659,42.41895,-70.93052,42.418973,-70.930498,42.418976,-70.93035,42.418993],[-70.93438,42.420122,-70.93427,42.419834,-70.934092,42.419388,-70.933908,42.418838],[-70.935442,42.41867,-70.935359,42.418706,-70.935183,42.418765,-70.934921,42.418814,-70.934871,42.41883,-70.934711,42.418912,-70.934608,42.418965,-70.934505,42.419018],[-70.935442,42.41867,-70.93553,42.41861,-70.935618,42.418541,-70.935652,42.418506,-70.935678,42.418459,-70.935836,42.417934,-70.935857,42.417896,-70.935885,42.417862,-70.935905,42.417821,-70.935893,42.417556,-70.93591,42.41747,-70.935945,42.417387,-70.93616,42.417013,-70.936197,42.416976,-70.93625,42.416948],[-70.935442,42.41867,-70.935537,42.418684,-70.935609,42.41871,-70.935663,42.418748,-70.935691,42.418793,-70.935757,42.419086],[-70.93625,42.416948,-70.936197,42.416976,-70.93616,42.417013,-70.935945,42.417387,-70.93591,42.41747,-70.935893,42.417556,-70.935905,42.417821,-70.935885,42.417862,-70.935857,42.417896,-70.935836,42.417934,-70.935678,42.418459,-70.935652,42.418506,-70.935618,42.418541,-70.93553,42.41861,-70.935442,42.41867],[-70.932758,42.418724,-70.93309,42.418746,-70.933315,42.418769],[-70.932758,42.418724,-70.932617,42.41872,-70.932594,42.41872,-70.932321,42.418726,-70.932253,42.418728,-70.932175,42.418733,-70.931907,42.418749,-70.931708,42.418768],[-70.932758,42.418724,-70.932894,42.419095,-70.933024,42.419424,-70.933053,42.419457,-70.933078,42.419479,-70.933135,42.419516,-70.933169,42.419545,-70.933195,42.419555,-70.933222,42.419553,-70.933328,42.419528,-70.93346,42.419502,-70.933574,42.419483],[-70.935791,42.419848,-70.935691,42.419857,-70.935207,42.419933,-70.934908,42.420016],[-70.929984,42.419039,-70.929743,42.419069,-70.929212,42.41914,-70.929182,42.419162,-70.929173,42.419192,-70.929179,42.419236,-70.929287,42.419358,-70.929402,42.419503,-70.929462,42.41958,-70.929519,42.419598,-70.929575,42.419588],[-70.929984,42.419039,-70.929927,42.419071,-70.929881,42.419124,-70.92983,42.419205,-70.929764,42.419309,-70.929709,42.419397,-70.929676,42.419466,-70.929628,42.41954,-70.929575,42.419588],[-70.929575,42.419588,-70.929628,42.41954,-70.929676,42.419466,-70.929709,42.419397,-70.929764,42.419309,-70.92983,42.419205,-70.929881,42.419124,-70.929927,42.419071,-70.929984,42.419039],[-70.929575,42.419588,-70.929519,42.419598,-70.929462,42.41958,-70.929402,42.419503,-70.929287,42.419358,-70.929179,42.419236,-70.929173,42.419192,-70.929182,42.419162,-70.929212,42.41914,-70.929743,42.419069,-70.929984,42.419039],[-70.928857,