{"nodes":[[-70.910829,42.260561,9.6],[-70.910403,42.260736,7.5],[-70.911345,42.261234,3.4],[-70.910863,42.25972,14.6],[-70.90316,42.260686,26.4],[-70.903091,42.260591,26.5],[-70.903213,42.260764,26.1],[-70.913858,42.261121,2.6],[-70.913579,42.260873,2.3],[-70.908309,42.259793,5.4],[-70.908975,42.260434,5.4],[-70.910426,42.26076,7.5],[-70.902347,42.259807,25.7],[-70.904362,42.261311,19.0],[-70.901911,42.260293,24.0],[-70.90278,42.261458,16.5],[-70.90144,42.260486,20.5],[-70.902312,42.260172,26.2],[-70.911385,42.260122,14.9],[-70.902466,42.261599,13.1],[-70.90203,42.261284,16.3],[-70.90025,42.26023,14.5],[-70.900694,42.260794,14.5],[-70.911032,42.259932,14.2],[-70.901846,42.261034,18.5],[-70.905077,42.259717,5.4],[-70.905814,42.261924,8.1],[-70.905553,42.260272,5.1],[-70.901114,42.261313,8.6],[-70.910814,42.261165,4.3],[-70.904148,42.261366,19.8],[-70.903898,42.261437,18.9],[-70.903696,42.261476,19.4],[-70.909961,42.261039,3.4],[-70.906249,42.25997,2.6]],"nodeIds":[12463,12633,53728,12978,12496,64716,64715,12557,12844,12564,12599,53726,12756,51079,12801,12852,13183,12967,12972,12846,13297,12918,13359,59789,13007,13270,13337,55789,13428,48096,51080,51081,51082,53727,55788],"names":["Foley Beach Road","Kimball Beach Road","Shute Avenue","","Wompatuck Road","Ocean View Drive","Bel Air Road","Bay View Avenue","Paige Street","Brewer Beach Road","Howard Road","Whiton Avenue","Bel Air Drive"],"edges":[[0,1,40.8,5,0,0,1.0,0.0,0.0,0],[0,2,136.7,7,1,1,1.0,0.0,0.0,0],[0,3,98.9,5,1,2,1.0,0.0,5.0,0],[4,5,12.0,5,2,-1,1.0,0.0,0.1,0],[4,5,26.8,7,3,3,1.0,0.0,0.1,0],[4,6,9.6,7,3,-1,1.0,0.0,0.0,0],[7,8,35.9,5,4,-1,1.0,0.0,0.0,0],[9,10,90.8,5,5,4,1.0,0.0,0.0,0],[10,9,90.8,5,5,5,1.0,0.0,0.0,0],[1,11,3.3,5,0,-1,1.0,0.0,0.0,0],[1,0,40.8,5,0,6,1.0,0.0,2.1,0],[12,13,308.1,5,6,7,1.0,0.0,0.0,0],[14,15,149.9,5,7,8,1.0,0.0,0.0,0],[14,16,44.3,5,8,9,1.0,0.0,0.0,0],[14,17,35.7,5,8,10,1.0,0.0,2.2,0],[8,7,35.9,5,4,-1,1.0,0.0,0.4,0],[8,18,264.5,5,9,11,1.0,0.0,12.6,0],[19,20,50.6,5,10,12,1.0,0.0,3.2,0],[15,14,149.9,5,7,13,1.0,0.0,7.5,0],[21,22,72.6,5,11,14,1.0,0.0,0.0,0],[17,14,35.7,5,8,15,1.0,0.0,0.0,0],[17,5,89.7,5,2,16,1.0,0.0,0.3,0],[18,23,37.6,5,9,17,1.0,0.0,0.0,0],[18,8,264.5,5,9,18,1.0,0.0,0.0,0],[3,0,98.9,5,1,19,1.0,0.0,0.0,0],[24,20,59.0,7,3,20,1.0,0.0,0.0,0],[24,20,31.7,5,10,21,1.0,0.0,0.0,0],[24,16,69.5,5,10,22,1.0,0.0,1.9,0],[16,22,70.3,5,8,23,1.0,0.0,0.0,0],[16,14,44.3,5,8,24,1.0,0.0,3.5,0],[16,24,69.5,5,10,25,1.0,0.0,0.0,0],[25,26,253.1,5,12,26,1.0,0.0,2.7,0],[20,24,59.0,7,3,27,1.0,0.0,2.2,0],[20,24,31.7,5,10,28,1.0,0.0,2.2,0],[20,19,50.6,5,10,29,1.0,0.0,0.0,0],[26,25,253.1,5,12,30,1.0,0.0,0.0,0],[26,13,159.5,5,6,31,1.0,0.0,10.9,0],[26,27,287.7,5,6,32,1.0,0.0,0.0,0],[22,16,70.3,5,8,33,1.0,0.0,6.0,0],[22,28,67.7,5,11,34,1.0,0.0,0.0,0],[22,21,72.6,5,11,35,1.0,0.0,0.1,0],[28,22,67.7,5,11,36,1.0,0.0,5.8,0],[29,11,55.1,5,0,-1,1.0,0.0,3.2,0],[13,30,18.6,7,3,-1,1.0,0.0,0.8,0],[13,26,159.5,5,6,37,1.0,0.0,0.0,0],[30,13,18.6,7,3,-1,1.0,0.0,0.0,0],[30,31,24.6,7,3,38,1.0,0.0,0.0,0],[30,31,31.7,7,3,39,1.0,0.0,0.0,0],[31,32,17.1,7,3,-1,1.0,0.0,0.5,0],[31,30,31.7,7,3,40,1.0,0.0,0.9,0],[31,30,24.6,7,3,41,1.0,0.0,0.9,0],[32,31,17.1,7,3,-1,1.0,0.0,0.0,0],[11,1,3.3,5,0,-1,1.0,0.0,0.0,0],[11,29,55.1,5,0,-1,1.0,0.0,0.0,0],[11,33,50.1,7,3,42,1.0,0.0,0.0,0],[33,11,50.1,7,3,43,1.0,0.0,4.1,0],[2,0,136.7,7,1,44,1.0,0.0,6.2,0],[34,27,66.3,7,3,-1,1.0,0.0,2.5,0],[27,34,66.3,7,3,-1,1.0,0.0,0.0,0],[27,26,287.7,5,6,45,1.0,0.0,3.0,0],[23,18,37.6,5,9,46,1.0,0.0,0.7,0],[6,4,9.6,7,3,-1,1.0,0.0,0.2,0],[5,4,12.0,5,2,-1,1.0,0.0,0.0,0],[5,4,26.8,7,3,47,1.0,0.0,0.0,0],[5,17,89.7,5,2,48,1.0,0.0,0.0,0]],"geoms":[[-70.910829,42.260561,-70.910673,42.260651,-70.910598,42.260682,-70.910529,42.260715,-70.910456,42.260734,-70.910403,42.260736],[-70.910829,42.260561,-70.91091,42.26061,-70.910978,42.260644,-70.911092,42.260706,-70.911249,42.260785,-70.911459,42.260895,-70.911637,42.261016,-70.911686,42.26109,-70.911695,42.261164,-70.911692,42.261224,-70.911502,42.261251,-70.911418,42.26124,-70.911345,42.261234],[-70.910829,42.260561,-70.910772,42.260507,-70.910737,42.260459,-70.910699,42.260369,-70.910687,42.26029,-70.910691,42.260209,-70.910745,42.260084,-70.910802,42.25997,-70.91085,42.259877,-70.910871,42.259805,-70.910871,42.25975,-70.910863,42.25972],[-70.90316,42.260686,-70.903211,42.260684,-70.903245,42.260649,-70.903241,42.26061,-70.903191,42.260582,-70.903148,42.260583,-70.903091,42.260591],[-70.908309,42.259793,-70.908711,42.260237,-70.908791,42.260326,-70.908858,42.260377,-70.908975,42.260434],[-70.908975,42.260434,-70.908858,42.260377,-70.908791,42.260326,-70.908711,42.260237,-70.908309,42.259793],[-70.910403,42.260736,-70.910456,42.260734,-70.910529,42.260715,-70.910598,42.260682,-70.910673,42.260651,-70.910829,42.260561],[-70.902347,42.259807,-70.902405,42.259776,-70.90267,42.259705,-70.902969,42.259616,-70.90317,42.25957,-70.903249,42.259559,-70.903331,42.259561,-70.903421,42.259582,-70.903519,42.259625,-70.903624,42.259698,-70.903744,42.259824,-70.903849,42.259939,-70.903956,42.260077,-70.904038,42.260196,-70.904103,42.260309,-70.904159,42.260428,-70.90419,42.260523,-70.90422,42.26063,-70.904236,42.260765,-70.90424,42.260867,-70.904254,42.261003,-70.904286,42.261124,-70.904326,42.261235,-70.904362,42.261311],[-70.901911,42.260293,-70.901979,42.260408,-70.902029,42.260539,-70.902094,42.260655,-70.902193,42.260798,-70.902342,42.261029,-70.902449,42.26118,-70.9025,42.261253,-70.902568,42.261311,-70.902656,42.261368,-70.90278,42.261458],[-70.901911,42.260293,-70.901732,42.260367,-70.90144,42.260486],[-70.901911,42.260293,-70.901973,42.260268,-70.902179,42.260201,-70.902312,42.260172],[-70.913579,42.260873,-70.91328,42.261097,-70.913115,42.26118,-70.913112,42.261182,-70.913011,42.261224,-70.912901,42.261228,-70.912825,42.261228,-70.91277,42.261202,-70.912735,42.261171,-70.912709,42.261089,-70.912724,42.26093,-70.912687,42.260844,-70.912615,42.260753,-70.912542,42.260676,-70.91246,42.260619,-70.912302,42.260535,-70.912195,42.260473,-70.912134,42.260441,-70.912065,42.260425,-70.911992,42.260419,-70.911967,42.260406,-70.911914,42.260373,-70.911869,42.260313,-70.911768,42.260223,-70.91171,42.260171,-70.911623,42.260139,-70.911509,42.260124,-70.911385,42.260122],[-70.902466,42.261599,-70.902218,42.261459,-70.902156,42.261411,-70.902103,42.261365,-70.902065,42.261327,-70.90203,42.261284],[-70.90278,42.261458,-70.902656,42.261368,-70.902568,42.261311,-70.9025,42.261253,-70.902449,42.26118,-70.902342,42.261029,-70.902193,42.260798,-70.902094,42.260655,-70.902029,42.260539,-70.901979,42.260408,-70.901911,42.260293],[-70.90025,42.26023,-70.900419,42.260447,-70.900566,42.260644,-70.900689,42.260786,-70.900694,42.260794],[-70.902312,42.260172,-70.902179,42.260201,-70.901973,42.260268,-70.901911,42.260293],[-70.902312,42.260172,-70.902432,42.260157,-70.902532,42.260153,-70.902611,42.260163,-70.902699,42.260176,-70.902785,42.260214,-70.902833,42.260245,-70.902908,42.260346,-70.903003,42.260478,-70.903091,42.260591],[-70.911385,42.260122,-70.911272,42.260106,-70.911181,42.260067,-70.911099,42.260006,-70.911032,42.259932],[-70.911385,42.260122,-70.911509,42.260124,-70.911623,42.260139,-70.91171,42.260171,-70.911768,42.260223,-70.911869,42.260313,-70.911914,42.260373,-70.911967,42.260406,-70.911992,42.260419,-70.912065,42.260425,-70.912134,42.260441,-70.912195,42.260473,-70.912302,42.260535,-70.91246,42.260619,-70.912542,42.260676,-70.912615,42.260753,-70.912687,42.260844,-70.912724,42.26093,-70.912709,42.261089,-70.912735,42.261171,-70.91277,42.261202,-70.912825,42.261228,-70.912901,42.261228,-70.913011,42.261224,-70.913112,42.261182,-70.913115,42.26118,-70.91328,42.261097,-70.913579,42.260873],[-70.910863,42.25972,-70.910871,42.25975,-70.910871,42.259805,-70.91085,42.259877,-70.910802,42.25997,-70.910745,42.260084,-70.910691,42.260209,-70.910687,42.26029,-70.910699,42.260369,-70.910737,42.260459,-70.910772,42.260507,-70.910829,42.260561],[-70.901846,42.261034,-70.9018,42.26106,-70.901766,42.261085,-70.901751,42.261102,