{"nodes":[[-70.903989,42.098768,41.5],[-70.903784,42.100119,35.7]],"nodeIds":[32490,32491],"names":["Tanglewood Lane"],"edges":[[0,1,151.1,5,0,-1,1.0,0.0,0.0,0],[1,0,151.1,5,0,-1,1.0,0.0,5.8,0]],"geoms":[]}