{"nodes":[[-70.908611,42.418386,6.5],[-70.908262,42.419773,6.2],[-70.909924,42.416822,14.2],[-70.909207,42.418674,9.0],[-70.905191,42.418117,15.2],[-70.904852,42.41824,17.4],[-70.904591,42.417969,17.0],[-70.905248,42.417839,15.4],[-70.905794,42.41775,11.3],[-70.907225,42.419274,4.6],[-70.906206,42.418146,5.3],[-70.906441,42.419137,5.8],[-70.914994,42.420912,2.4],[-70.911781,42.42053,13.5],[-70.903502,42.418669,17.9],[-70.903301,42.418802,19.2],[-70.904103,42.418262,19.3],[-70.90401,42.418668,21.9],[-70.906049,42.418353,6.3],[-70.90377,42.419164,17.5],[-70.903967,42.419027,18.0],[-70.905564,42.417643,15.0],[-70.90457,42.418595,17.8],[-70.906133,42.419105,9.2],[-70.909731,42.418278,3.8],[-70.90581,42.418346,13.2],[-70.905657,42.417472,13.0],[-70.905395,42.417744,13.6]],"nodeIds":[67263,67461,67356,101488,67277,67431,101505,101506,67430,67344,67367,101483,67348,67444,67361,101502,101490,101487,101486,67378,101503,101508,67460,101500,101484,101491,101504,101507],"names":["Swallow Cave Road","Vernon Street","Nahant Road","","Cliff Street"],"edges":[[0,1,166.0,5,0,0,1.0,0.0,0.0,0],[0,2,204.7,5,0,1,1.0,0.0,7.7,0],[0,3,58.5,5,1,2,1.0,0.0,2.5,0],[4,5,31.0,5,2,-1,1.0,0.0,2.2,0],[4,6,60.0,4,3,3,1.0,0.0,1.8,0],[4,7,34.2,7,3,4,1.0,0.0,0.2,0],[4,8,64.5,5,2,5,1.0,0.0,0.0,0],[9,10,161.4,5,2,6,1.0,0.0,0.7,0],[9,1,104.0,5,2,7,1.0,0.0,1.6,0],[9,11,66.8,7,3,8,1.0,0.0,1.2,0],[12,13,366.0,1,4,9,1.0,0.0,11.0,1],[2,0,204.7,5,0,10,1.0,0.0,0.0,0],[14,15,22.2,4,3,-1,1.0,0.0,1.4,0],[14,16,67.0,4,3,11,1.0,0.0,1.4,0],[14,17,42.7,4,3,12,1.0,0.0,4.0,0],[10,9,161.4,5,2,13,1.0,0.0,0.0,0],[10,18,26.4,7,3,14,1.0,0.0,0.9,0],[10,8,95.1,5,2,15,1.0,0.0,5.9,0],[19,20,22.3,4,3,-1,1.0,0.0,0.5,0],[19,15,158.3,4,3,16,1.0,0.0,1.8,0],[19,15,85.2,4,3,17,1.0,0.0,1.8,0],[8,21,22.4,7,3,18,1.0,0.0,3.8,0],[8,4,64.5,5,2,19,1.0,0.0,3.9,0],[8,10,95.1,5,2,20,1.0,0.0,0.0,0],[5,4,31.0,5,2,-1,1.0,0.0,0.0,0],[5,16,64.3,4,3,21,1.0,0.0,1.9,0],[5,22,46.0,4,3,22,1.0,0.0,0.4,0],[13,12,366.0,1,4,23,1.0,0.0,0.0,1],[13,3,295.4,5,1,24,1.0,125.0,0.0,0],[22,17,49.4,4,3,25,1.0,0.0,4.1,0],[22,5,46.0,4,3,26,1.0,0.0,0.0,0],[22,20,69.0,4,3,27,1.0,0.0,0.2,0],[1,0,166.0,5,0,28,1.0,0.0,0.3,0],[1,9,104.0,5,2,29,1.0,0.0,0.0,0],[11,18,94.8,7,3,30,1.0,0.0,0.5,0],[11,9,66.8,7,3,31,1.0,0.0,0.0,0],[11,23,25.7,7,3,32,1.0,0.0,3.4,0],[24,3,65.0,7,3,33,1.0,0.0,5.2,0],[18,10,26.4,7,3,34,1.0,0.0,0.0,0],[18,25,19.7,7,3,35,1.0,0.0,6.9,0],[18,11,94.8,7,3,36,1.0,0.0,0.0,0],[17,16,47.3,4,3,37,1.0,0.0,0.0,0],[17,22,49.4,4,3,38,1.0,0.0,0.0,0],[17,20,40.7,4,3,39,1.0,0.0,0.0,0],[17,14,42.7,4,3,40,1.0,0.0,0.0,0],[3,0,58.5,5,1,41,1.0,0.0,0.0,0],[3,13,295.4,5,1,42,1.0,125.0,4.5,0],[3,24,65.0,7,3,43,1.0,0.0,0.0,0],[16,17,47.3,4,3,44,1.0,0.0,2.6,0],[16,14,67.0,4,3,45,1.0,0.0,0.0,0],[16,5,64.3,4,3,46,1.0,0.0,0.0,0],[25,18,19.7,7,3,47,1.0,0.0,0.0,0],[23,11,25.7,7,3,48,1.0,0.0,0.0,0],[15,14,22.2,4,3,-1,1.0,0.0,0.0,0],[15,19,158.3,4,3,49,1.0,0.0,0.0,0],[15,19,85.2,4,3,50,1.0,0.0,0.0,0],[20,19,22.3,4,3,-1,1.0,0.0,0.0,0],[20,22,69.0,4,3,51,1.0,0.0,0.0,0],[20,17,40.7,4,3,52,1.0,0.0,4.0,0],[26,21,27.7,4,3,53,1.0,0.0,2.0,0],[6,4,60.0,4,3,54,1.0,0.0,0.0,0],[7,4,34.2,7,3,55,1.0,0.0,0.0,0],[27,21,17.8,7,3,-1,1.0,0.0,1.4,0],[21,27,17.8,7,3,-1,1.0,0.0,0.0,0],[21,26,27.7,4,3,56,1.0,0.0,0.0,0],[21,8,22.4,7,3,57,1.0,0.0,0.0,0]],"geoms":[[-70.908611,42.418386,-70.90854,42.418468,-70.908342,42.418688,-70.90823,42.418842,-70.908153,42.418972,-70.908132,42.419048,-70.908121,42.419139,-70.908123,42.419244,-70.908136,42.419352,-70.908154,42.419441,-70.908204,42.419647,-70.908262,42.419773],[-70.908611,42.418386,-70.908773,42.418184,-70.909029,42.41788,-70.909304,42.41755,-70.909574,42.417227,-70.909924,42.416822],[-70.908611,42.418386,-70.9089,42.418536,-70.909117,42.418633,-70.909207,42.418674],[-70.905191,42.418117,-70.905079,42.418089,-70.905014,42.418042,-70.904974,42.417973,-70.904914,42.417927,-70.904837,42.417924,-70.904753,42.417931,-70.904684,42.417955,-70.904591,42.417969],[-70.905191,42.418117,-70.905236,42.418049,-70.905238,42.417996,-70.905209,42.417949,-70.905193,42.417911,-70.905195,42.417881,-70.905211,42.417864,-70.905248,42.417839],[-70.905191,42.418117,-70.905347,42.418042,-70.905471,42.417977,-70.905668,42.417852,-70.905794,42.41775],[-70.907225,42.419274,-70.907181,42.419243,-70.907156,42.419205,-70.907141,42.418993,-70.907094,42.418786,-70.907055,42.418683,-70.906996,42.418597,-70.906924,42.41854,-70.906719,42.418409,-70.906468,42.418267,-70.906206,42.418146],[-70.907225,42.419274,-70.907261,42.419281,-70.907453,42.419318,-70.907686,42.419402,-70.907888,42.419493,-70.90804,42.419585,-70.908262,42.419773],[-70.907225,42.419274,-70.906807,42.419233,-70.906658,42.419212,-70.906517,42.419168,-70.906441,42.419137],[-70.914994,42.420912,-70.914895,42.420807,-70.914798,42.420721,-70.91455,42.420516,-70.914496,42.420467,-70.914324,42.420318,-70.91415,42.420171,-70.913841,42.419898,-70.913594,42.419693,-70.913512,42.419646,-70.913443,42.419621,-70.913349,42.419611,-70.913294,42.419614,-70.913231,42.419628,-70.913148,42.419667,-70.912862,42.419854,-70.912615,42.42001,-70.912321,42.420197,-70.911781,42.42053],[-70.909924,42.416822,-70.909574,42.417227,-70.909304,42.41755,-70.909029,42.41788,-70.908773,42.418184,-70.908611,42.418386],[-70.903502,42.418669,-70.904037,42.418299,-70.904103,42.418262],[-70.903502,42.418669,-70.903605,42.418645,-70.903702,42.418637,-70.903825,42.418642,-70.903956,42.418648,-70.90401,42.418668],[-70.906206,42.418146,-70.906468,42.418267,-70.906719,42.418409,-70.906924,42.41854,-70.906996,42.418597,-70.907055,42.418683,-70.907094,42.418786,-70.907141,42.418993,-70.907156,42.419205,-70.907181,42.419243,-70.907225,42.419274],[-70.906206,42.418146,-70.90612,42.418251,-70.906049,42.418353],[-70.906206,42.418146,-70.906026,42.418055,-70.905982,42.418031,-70.905965,42.418003,-70.905971,42.417968,-70.906095,42.417739,-70.906108,42.417681,-70.906087,42.41766,-70.906048,42.417644,-70.905972,42.417648,-70.905849,42.417717,-70.905794,42.41775],[-70.90377,42.419164,-70.903637,42.419236,-70.90356,42.419266,-70.903452,42.419289,-70.903361,42.419306,-70.903247,42.419338,-70.903111,42.419384,-70.903044,42.419392,-70.902997,42.419387,-70.90294,42.419365,-70.902862,42.419307,-70.902813,42.419245,-70.902801,42.419199,-70.902817,42.419145,-70.902872,42.419091,-70.903233,42.418848,-70.903301,42.418802],[-70.90377,42.419164,-70.903626,42.419179,-70.903487,42.419187,-70.903327,42.419168,-70.903234,42.419133,-70.903184,42.419086,-70.903182,42.419062,-70.903198,42.418997,-70.903246,42.418892,-70.903301,42.418802],[-70.905794,42.41775,-70.905739,42.417713,-70.905676,42.417688,-70.905613,42.417662,-70.905564,42.417643],[-70.905794,42.41775,-70.905668,42.417852,-70.905471,42.417977,-70.905347,42.418042,-70.905191,42.418117],[-70.905794,42.41775,-70.905849,42.417717,-70.905972,42.417648,-70.906048,42.417644,-70.906087,42.41766,-70.906108,42.417681,-70.906095,42.417739,-70.905971,42.417968,-70.905965,42.418003,-70.905982,42.418031,-70.906026,42.418055,-70.906206,42.418146],[-70.904852,42.41824,-70.904724,42.418223,-70.904551,42.418195,-70.904357,42.418185,-70.904281,42.41819,-70.90418,42.41822,-70.904103,42.418262],[-70.904852,42.41824,-70.904781,42.418309,-70.904754,42.418339,-70.904732,42.418362,-70.904707,42.418404,-70.90463,42.418531,-70.90457,42.418595],[-70.911781,42.42053,-70.912321,42.420197,-70.912615,42.42001,-70.912862,42.419854,-70.913148,42.419667,-70.913231,42.419628,-70.913294,42.419614,-70.913349,42.419611,-70.913443,42.419621,-70.913512,42.419646,-70.913594,42.419693,-70.913841,42.419898,-70.91415,42.420171,-70.914324,42.420318,-70.914496,42.420467,-70.91455,42.420516,-70.914798,42.420721,-70.914895,42.420807,-70.914994,42.420912],[-70.911781,42.42053,-70.911586,42.42038,-70.911381,42.420226,-70.910887,42.419866,-70.910355,42.419477,-70.910029,42.419245,-70.909471,42.418839,-70.909296,42.418722,-70.909207,42.418674],[-70.90457,42.418595,-70.904481,42.41864,-70.904375,42.418675,-70.904258,42.4187,-70.904163,42.418705,-70.904064,42.418681,-70.90401,