{"nodes":[[-70.896626,42.261848,15.9],[-70.896923,42.262159,9.9],[-70.896315,42.261467,20.4],[-70.894357,42.261684,10.4],[-70.894843,42.261398,15.3],[-70.897952,42.261685,2.1],[-70.896271,42.259833,6.3],[-70.898494,42.261417,2.6],[-70.898651,42.261008,4.0],[-70.90025,42.26023,14.5],[-70.899391,42.260636,6.4],[-70.897026,42.259191,14.2],[-70.900694,42.260794,14.5],[-70.896004,42.259546,4.3],[-70.893763,42.261691,3.9],[-70.893766,42.262031,3.9],[-70.893681,42.262013,3.2],[-70.893621,42.262122,3.2],[-70.894174,42.262419,3.8],[-70.89358,42.262217,2.5]],"nodeIds":[12451,13335,12588,13309,12567,12790,13263,12837,13128,12918,13052,13012,13359,13172,13407,57108,57110,57107,55733,57109],"names":["Malcolm Street","Merrill Street","Standish Street","Marion Street","Cushing Avenue","Parker Drive","Howe Street","Mann Street","Jarvis Avenue","Downer Avenue","Parker Driveway",""],"edges":[[0,1,43.1,5,0,0,1.0,0.0,0.0,0],[0,2,49.5,5,0,1,1.0,0.0,4.5,0],[0,3,201.8,5,1,2,1.0,0.0,0.0,0],[4,2,129.8,5,2,3,1.0,0.0,5.1,0],[4,2,175.3,5,3,4,1.0,0.0,5.1,0],[4,3,51.2,5,3,5,1.0,0.0,0.0,0],[2,4,129.8,5,2,6,1.0,0.0,0.0,0],[2,4,175.3,5,3,7,1.0,0.0,0.0,0],[2,0,49.5,5,0,8,1.0,0.0,0.0,0],[5,6,248.2,5,4,9,1.0,0.0,4.3,0],[5,7,54.2,5,5,10,1.0,0.0,0.5,0],[7,5,54.2,5,5,11,1.0,0.0,0.0,0],[7,8,56.5,5,6,12,1.0,0.0,1.4,0],[9,10,83.9,5,6,-1,1.0,0.0,0.0,0],[11,8,242.3,5,7,13,1.0,0.0,0.0,0],[10,9,83.9,5,6,-1,1.0,0.0,8.1,0],[10,12,150.3,5,8,14,1.0,0.0,8.1,0],[8,10,73.6,5,6,15,1.0,0.0,2.4,0],[13,14,302.6,3,9,16,1.0,0.0,0.0,0],[6,5,248.2,5,4,17,1.0,0.0,0.0,0],[3,15,62.4,5,3,18,1.0,0.0,0.0,0],[3,4,51.2,5,3,19,1.0,0.0,4.9,0],[3,0,201.8,5,1,20,1.0,0.0,5.5,0],[1,0,43.1,5,0,21,1.0,0.0,6.0,0],[1,5,100.9,5,10,22,1.0,0.0,0.0,0],[12,10,150.3,5,8,23,1.0,0.0,0.0,0],[14,16,37.0,3,9,24,1.0,0.0,0.0,0],[14,13,302.6,3,9,25,1.0,0.0,0.4,0],[14,17,74.0,7,11,26,1.0,0.0,0.0,0],[18,15,57.4,7,11,27,1.0,0.0,0.2,0],[17,19,11.1,7,11,-1,1.0,0.0,0.0,0],[17,16,13.3,7,11,28,1.0,0.0,0.1,0],[15,16,7.5,3,3,29,1.0,0.0,0.0,0],[15,3,62.4,5,3,30,1.0,0.0,6.5,0],[15,18,57.4,7,11,31,1.0,0.0,0.0,0],[19,17,11.1,7,11,-1,1.0,0.0,0.6,0],[16,15,7.5,3,3,32,1.0,0.0,0.7,0],[16,14,37.0,3,9,33,1.0,0.0,0.7,0],[16,17,13.3,7,11,34,1.0,0.0,0.0,0]],"geoms":[[-70.896626,42.261848,-70.896721,42.261977,-70.896822,42.262087,-70.896857,42.262129,-70.896884,42.262148,-70.896923,42.262159],[-70.896626,42.261848,-70.89645,42.261627,-70.896315,42.261467],[-70.896626,42.261848,-70.89649,42.261895,-70.896377,42.261936,-70.896259,42.261969,-70.896141,42.262003,-70.896025,42.262024,-70.89589,42.262046,-70.89577,42.262057,-70.895665,42.262061,-70.895552,42.262057,-70.895441,42.262055,-70.895281,42.262036,-70.895136,42.262004,-70.894975,42.261963,-70.894794,42.261915,-70.894757,42.2619,-70.894631,42.261849,-70.894528,42.261794,-70.894418,42.261731,-70.894357,42.261684],[-70.894843,42.261398,-70.894898,42.261437,-70.895,42.261487,-70.895148,42.261538,-70.895285,42.261568,-70.895449,42.261598,-70.895586,42.261605,-70.895705,42.261604,-70.895811,42.261597,-70.895908,42.261591,-70.895994,42.261578,-70.89607,42.261558,-70.896138,42.261538,-70.896221,42.261508,-70.896315,42.261467],[-70.894843,42.261398,-70.895056,42.261275,-70.895268,42.261153,-70.895481,42.26103,-70.895694,42.260908,-70.895725,42.260894,-70.895747,42.260889,-70.895775,42.260888,-70.895802,42.260891,-70.895898,42.260951,-70.895984,42.261068,-70.896118,42.261236,-70.896217,42.261358,-70.896315,42.261467],[-70.894843,42.261398,-70.894681,42.261493,-70.894519,42.261589,-70.894357,42.261684],[-70.896315,42.261467,-70.896221,42.261508,-70.896138,42.261538,-70.89607,42.261558,-70.895994,42.261578,-70.895908,42.261591,-70.895811,42.261597,-70.895705,42.261604,-70.895586,42.261605,-70.895449,42.261598,-70.895285,42.261568,-70.895148,42.261538,-70.895,42.261487,-70.894898,42.261437,-70.894843,42.261398],[-70.896315,42.261467,-70.896217,42.261358,-70.896118,42.261236,-70.895984,42.261068,-70.895898,42.260951,-70.895802,42.260891,-70.895775,42.260888,-70.895747,42.260889,-70.895725,42.260894,-70.895694,42.260908,-70.895481,42.26103,-70.895268,42.261153,-70.895056,42.261275,-70.894843,42.261398],[-70.896315,42.261467,-70.89645,42.261627,-70.896626,42.261848],[-70.897952,42.261685,-70.897813,42.261538,-70.897689,42.261399,-70.897509,42.261197,-70.89736,42.261015,-70.897168,42.260833,-70.89701,42.260658,-70.896878,42.260522,-70.896743,42.260372,-70.896661,42.260272,-70.896481,42.260061,-70.896271,42.259833],[-70.897952,42.261685,-70.898026,42.261666,-70.898444,42.261463,-70.898473,42.261443,-70.898494,42.261417],[-70.898494,42.261417,-70.898473,42.261443,-70.898444,42.261463,-70.898026,42.261666,-70.897952,42.261685],[-70.898494,42.261417,-70.898503,42.261387,-70.898502,42.26136,-70.898486,42.261321,-70.898427,42.261249,-70.898405,42.261217,-70.898403,42.261188,-70.898417,42.26116,-70.898442,42.261135,-70.89858,42.26105,-70.898651,42.261008],[-70.897026,42.259191,-70.897207,42.259402,-70.897398,42.259605,-70.897531,42.259761,-70.897561,42.259795,-70.897703,42.259952,-70.897874,42.26014,-70.898061,42.260343,-70.898294,42.260596,-70.898479,42.260796,-70.898584,42.26092,-70.898651,42.261008],[-70.899391,42.260636,-70.899541,42.260807,-70.899677,42.260973,-70.899817,42.261116,-70.899883,42.261157,-70.89992,42.261167,-70.899947,42.261158,-70.900103,42.26109,-70.900349,42.26096,-70.900574,42.260857,-70.900662,42.260807,-70.900694,42.260794],[-70.898651,42.261008,-70.898662,42.261001,-70.898917,42.260864,-70.899174,42.260738,-70.899391,42.260636],[-70.896004,42.259546,-70.893985,42.261365,-70.893939,42.261414,-70.893902,42.261456,-70.893869,42.261498,-70.893839,42.261541,-70.893803,42.261606,-70.893763,42.261691],[-70.896271,42.259833,-70.896481,42.260061,-70.896661,42.260272,-70.896743,42.260372,-70.896878,42.260522,-70.89701,42.260658,-70.897168,42.260833,-70.89736,42.261015,-70.897509,42.261197,-70.897689,42.261399,-70.897813,42.261538,-70.897952,42.261685],[-70.894357,42.261684,-70.893873,42.261989,-70.893848,42.262003,-70.893819,42.262018,-70.89379,42.262027,-70.893766,42.262031],[-70.894357,42.261684,-70.894519,42.261589,-70.894681,42.261493,-70.894843,42.261398],[-70.894357,42.261684,-70.894418,42.261731,-70.894528,42.261794,-70.894631,42.261849,-70.894757,42.2619,-70.894794,42.261915,-70.894975,42.261963,-70.895136,42.262004,-70.895281,42.262036,-70.895441,42.262055,-70.895552,42.262057,-70.895665,42.262061,-70.89577,42.262057,-70.89589,42.262046,-70.896025,42.262024,-70.896141,42.262003,-70.896259,42.261969,-70.896377,42.261936,-70.89649,42.261895,-70.896626,42.261848],[-70.896923,42.262159,-70.896884,42.262148,-70.896857,42.262129,-70.896822,42.262087,-70.896721,42.261977,-70.896626,42.261848],[-70.896923,42.262159,-70.896969,42.262161,-70.897016,42.262153,-70.89708,42.262129,-70.897212,42.262064,-70.897426,42.261945,-70.897708,42.261809,-70.897952,42.261685],[-70.900694,42.260794,-70.900662,42.260807,-70.900574,42.260857,-70.900349,42.26096,-70.900103,42.26109,-70.899947,42.261158,-70.89992,42.261167,-70.899883,42.261157,-70.899817,42.261116,-70.899677,42.260973,-70.899541,42.260807,-70.899391,42.260636],[-70.893763,42.261691,-70.893727,42.261781,-70.893698,42.261859,-70.893668,42.261969,-70.893667,42.261985,-70.893672,42.262001,-70.893681,42.262013],[-70.893763,42.261691,-70.893803,42.261606,-70.893839,42.261541,-70.893869,42.261498,-70.893902,42.261456,-70.893939,42.261414,-70.893985,42.261365,-70.896004,42.259546],[-70.893763,42.261691,-70.893607,42.261659,-70.893589,42.261659,-70.893574,42.261665,-70.893564,42.261673,-70.893558,42.261685,-70.893457,42.261943,-70.893455,42.261954,-70.893458,42.261965,-70.893464,42.261981,-70.893473,42.261993,-70.89356,42.262096,-70.893573,42.262107,-70.893588,42.262114,-70.893603,42.262118,-70.893621,42.262122],[-70.894174,42.262419,-70.894087,42.262386,-70.894014,42.26235,-70.893946,42.262309,-70.893892,42.262262,-70.893869,42.262233,-70.893854,42.262198,-70.893833,42.262135,-70.893809,42.2621,-70.893783,42.262075,-70.893776,42.262066,-70.893771,42.262053,-70.893766,42.262031],