{"nodes":[[-70.879209,42.140402,39.8],[-70.880998,42.139933,36.4],[-70.88033,42.158265,41.8],[-70.879745,42.15805,41.6],[-70.879603,42.157997,41.4],[-70.880066,42.158546,42.7],[-70.879515,42.159404,42.9],[-70.879759,42.159492,42.9],[-70.879995,42.159578,42.8],[-70.88027,42.157037,42.5]],"nodeIds":[12351,12410,18394,43627,43637,43628,43629,43630,43632,43636],"names":["Ledgewood Drive","Longwater Drive",""],"edges":[[0,1,157.2,5,0,0,1.0,0.0,0.0,0],[1,0,157.2,5,0,1,1.0,0.0,3.5,0],[2,3,53.8,5,1,2,1.0,0.0,0.0,0],[3,4,13.1,5,1,-1,1.0,0.0,0.0,0],[3,2,53.8,5,1,3,1.0,0.0,0.2,0],[5,6,105.7,7,2,-1,1.0,0.0,0.2,0],[6,5,105.7,7,2,-1,1.0,0.0,0.0,0],[6,7,22.4,7,2,-1,1.0,0.0,0.0,0],[7,8,21.7,7,2,-1,1.0,0.0,0.0,0],[7,6,22.4,7,2,-1,1.0,0.0,0.0,0],[8,7,21.7,7,2,-1,1.0,0.0,0.1,0],[9,4,120.1,7,2,-1,1.0,0.0,0.0,0],[4,3,13.1,5,1,-1,1.0,0.0,0.2,0],[4,9,120.1,7,2,-1,1.0,0.0,1.1,0]],"geoms":[[-70.879209,42.140402,-70.879423,42.140386,-70.879523,42.14037,-70.87961,42.140351,-70.879738,42.140307,-70.87985,42.140274,-70.880077,42.140213,-70.880223,42.140171,-70.880513,42.140084,-70.880998,42.139933],[-70.880998,42.139933,-70.880513,42.140084,-70.880223,42.140171,-70.880077,42.140213,-70.87985,42.140274,-70.879738,42.140307,-70.87961,42.140351,-70.879523,42.14037,-70.879423,42.140386,-70.879209,42.140402],[-70.88033,42.158265,-70.879811,42.158074,-70.879799,42.15807,-70.879745,42.15805],[-70.879745,42.15805,-70.879799,42.15807,-70.879811,42.158074,-70.88033,42.158265]]}