{"nodes":[[-70.880035,42.540349,3.6],[-70.879799,42.539887,3.4],[-70.880098,42.528178,2.7],[-70.879987,42.527769,2.5],[-70.879683,42.529325,4.3],[-70.879758,42.529007,3.5],[-70.880043,42.528532,2.9],[-70.880523,42.528865,4.3],[-70.881281,42.525079,2.8],[-70.877235,42.528264,5.7]],"nodeIds":[83309,129817,92890,101143,93226,93758,93653,119430,134548,134581],"names":["","Memorial Drive","Szetela Lane"],"edges":[[0,1,55.7,7,0,0,1.0,0.0,0.0,0],[2,3,46.4,5,1,1,1.0,0.0,0.0,0],[4,5,36.0,5,1,2,1.0,0.0,0.0,0],[6,5,57.7,5,1,3,1.0,0.0,0.6,0],[5,4,36.0,5,1,4,1.0,0.0,0.8,0],[5,6,57.7,5,1,5,1.0,0.0,0.0,0],[3,2,46.4,5,1,6,1.0,0.0,0.3,0],[7,4,85.8,5,2,7,1.0,0.0,0.0,0],[1,0,55.7,7,0,8,1.0,0.0,0.2,0],[8,9,485.7,4,0,9,1.0,125.0,2.8,0],[9,8,485.7,4,0,10,1.0,125.0,0.0,0]],"geoms":[[-70.880035,42.540349,-70.879856,42.539923,-70.879799,42.539887],[-70.880098,42.528178,-70.879998,42.527808,-70.879987,42.527769],[-70.879683,42.529325,-70.879698,42.529204,-70.879721,42.529108,-70.879758,42.529007],[-70.880043,42.528532,-70.879987,42.528633,-70.879758,42.529007],[-70.879758,42.529007,-70.879721,42.529108,-70.879698,42.529204,-70.879683,42.529325],[-70.879758,42.529007,-70.879987,42.528633,-70.880043,42.528532],[-70.879987,42.527769,-70.879998,42.527808,-70.880098,42.528178],[-70.880523,42.528865,-70.880162,42.529052,-70.88002,42.529128,-70.879896,42.529201,-70.879786,42.529264,-70.879683,42.529325],[-70.879799,42.539887,-70.879856,42.539923,-70.880035,42.540349],[-70.881281,42.525079,-70.881164,42.525177,-70.881121,42.525226,-70.881049,42.525306,-70.880997,42.525362,-70.88096,42.5254,-70.880913,42.525447,-70.880826,42.525525,-70.880721,42.525617,-70.880676,42.525653,-70.88059,42.525717,-70.880488,42.525791,-70.880376,42.525879,-70.88019,42.526022,-70.880083,42.526102,-70.880013,42.526153,-70.879976,42.526181,-70.879844,42.526281,-70.879654,42.526434,-70.879531,42.526539,-70.879382,42.526657,-70.87933,42.526699,-70.879271,42.526742,-70.879157,42.526826,-70.879046,42.526911,-70.87896,42.526975,-70.878869,42.527043,-70.878719,42.527157,-70.878561,42.527272,-70.878361,42.527425,-70.878227,42.527524,-70.878103,42.527618,-70.877971,42.527715,-70.877876,42.527788,-70.877733,42.527891,-70.877626,42.527969,-70.877556,42.528024,-70.877498,42.528066,-70.877456,42.528097,-70.877422,42.528123,-70.877295,42.528219,-70.877235,42.528264],[-70.877235,42.528264,-70.877295,42.528219,-70.877422,42.528123,-70.877456,42.528097,-70.877498,42.528066,-70.877556,42.528024,-70.877626,42.527969,-70.877733,42.527891,-70.877876,42.527788,-70.877971,42.527715,-70.878103,42.527618,-70.878227,42.527524,-70.878361,42.527425,-70.878561,42.527272,-70.878719,42.527157,-70.878869,42.527043,-70.87896,42.526975,-70.879046,42.526911,-70.879157,42.526826,-70.879271,42.526742,-70.87933,42.526699,-70.879382,42.526657,-70.879531,42.526539,-70.879654,42.526434,-70.879844,42.526281,-70.879976,42.526181,-70.880013,42.526153,-70.880083,42.526102,-70.88019,42.526022,-70.880376,42.525879,-70.880488,42.525791,-70.88059,42.525717,-70.880676,42.525653,-70.880721,42.525617,-70.880826,42.525525,-70.880913,42.525447,-70.88096,42.5254,-70.880997,42.525362,-70.881049,42.525306,-70.881121,42.525226,-70.881164,42.525177,-70.881281,42.525079]]}