{"nodes":[[-70.880075,42.232793,17.2],[-70.879807,42.232578,17.4],[-70.879994,42.232806,17.5],[-70.879629,42.228797,17.3],[-70.880208,42.228777,15.8],[-70.880513,42.225887,9.2],[-70.880176,42.230129,15.3],[-70.879963,42.23062,16.0],[-70.879936,42.230859,16.3],[-70.879925,42.231573,16.9],[-70.880281,42.233482,17.2],[-70.879938,42.233901,16.5]],"nodeIds":[12645,12676,12863,12836,13409,32980,13375,32965,32969,58213,43008,43007],"names":["Main Street","Pleasant Street","Downing Street",""],"edges":[[0,1,39.6,1,0,0,1.0,0.0,0.2,1],[1,2,30.3,1,0,1,1.0,0.0,0.1,1],[3,4,47.7,3,1,-1,1.0,0.0,0.0,0],[3,5,363.2,5,2,2,1.0,0.0,0.0,0],[6,7,57.7,1,0,3,1.0,0.0,0.7,1],[4,3,47.7,3,1,-1,1.0,0.0,1.5,0],[7,8,26.7,1,0,4,1.0,0.0,0.3,1],[8,9,79.4,1,0,-1,1.0,0.0,0.6,1],[8,7,26.7,1,0,5,1.0,0.0,0.0,1],[5,3,363.2,5,2,6,1.0,0.0,8.1,0],[10,11,67.5,7,3,7,1.0,125.0,0.0,0],[9,8,79.4,1,0,-1,1.0,0.0,0.0,1]],"geoms":[[-70.880075,42.232793,-70.880063,42.232727,-70.880049,42.232688,-70.880029,42.232657,-70.880008,42.232631,-70.879983,42.23261,-70.879925,42.232562,-70.879897,42.232556,-70.879863,42.232559,-70.879834,42.232567,-70.879807,42.232578],[-70.879807,42.232578,-70.879869,42.232683,-70.87993,42.232727,-70.879956,42.232746,-70.879982,42.232773,-70.879994,42.232806],[-70.879629,42.228797,-70.879627,42.228744,-70.87962,42.228324,-70.879621,42.228048,-70.879635,42.227949,-70.87966,42.227881,-70.879717,42.227799,-70.879795,42.227711,-70.879822,42.227661,-70.879847,42.227594,-70.879856,42.227472,-70.879865,42.226978,-70.879876,42.226198,-70.879884,42.226143,-70.879911,42.226081,-70.879946,42.226029,-70.879996,42.225991,-70.880066,42.225967,-70.880159,42.225946,-70.880513,42.225887],[-70.880176,42.230129,-70.880102,42.230236,-70.880045,42.230341,-70.879994,42.230488,-70.879975,42.230554,-70.879963,42.23062],[-70.879963,42.23062,-70.879953,42.230689,-70.879944,42.230765,-70.879936,42.230859],[-70.879936,42.230859,-70.879944,42.230765,-70.879953,42.230689,-70.879963,42.23062],[-70.880513,42.225887,-70.880159,42.225946,-70.880066,42.225967,-70.879996,42.225991,-70.879946,42.226029,-70.879911,42.226081,-70.879884,42.226143,-70.879876,42.226198,-70.879865,42.226978,-70.879856,42.227472,-70.879847,42.227594,-70.879822,42.227661,-70.879795,42.227711,-70.879717,42.227799,-70.87966,42.227881,-70.879635,42.227949,-70.879621,42.228048,-70.87962,42.228324,-70.879627,42.228744,-70.879629,42.228797],[-70.880281,42.233482,-70.879919,42.233597,-70.879891,42.233624,-70.879884,42.233662,-70.879903,42.233762,-70.879938,42.233901]]}