{"nodes":[[-70.879743,42.2143,10.7],[-70.880657,42.214171,15.3],[-70.877047,42.204941,12.8],[-70.880513,42.205261,17.6],[-70.879699,42.207558,15.1],[-70.87817,42.210698,15.1],[-70.879194,42.209321,12.2],[-70.88134,42.2102,16.6],[-70.880731,42.20953,23.6]],"nodeIds":[12694,58108,12830,12999,54426,54420,54421,54424,54425],"names":["Crooked Meadow Lane","South Pleasant Street",""],"edges":[[0,0,54.9,5,0,0,1.0,0.0,0.0,0],[0,0,54.9,5,0,1,1.0,0.0,0.0,0],[0,1,78.7,5,0,2,1.0,0.0,4.6,0],[2,3,287.9,3,1,3,1.0,0.0,4.8,0],[3,2,287.9,3,1,4,1.0,0.0,0.0,0],[3,4,271.0,4,2,5,1.0,0.0,0.0,0],[5,6,499.9,4,2,6,1.0,0.0,0.0,0],[5,7,278.2,4,2,7,1.0,0.0,1.5,0],[6,5,499.9,4,2,8,1.0,0.0,2.9,0],[6,4,265.7,4,2,9,1.0,0.0,3.0,0],[7,5,278.2,4,2,10,1.0,0.0,0.0,0],[8,6,134.9,4,2,11,1.0,0.0,0.0,0],[4,6,265.7,4,2,12,1.0,0.0,0.0,0],[4,3,271.0,4,2,13,1.0,0.0,2.4,0],[1,0,78.7,5,0,14,1.0,0.0,0.0,0]],"geoms":[[-70.879743,42.2143,-70.879768,42.21432,-70.879782,42.214345,-70.879784,42.214371,-70.879774,42.214397,-70.879753,42.214419,-70.879723,42.214434,-70.879688,42.214441,-70.879652,42.214439,-70.879621,42.214429,-70.879595,42.214412,-70.879579,42.214391,-70.879572,42.214366,-70.879575,42.214341,-70.879589,42.214319,-70.879613,42.2143,-70.879642,42.214288,-70.879675,42.214284,-70.879711,42.214287,-70.879743,42.2143],[-70.879743,42.2143,-70.879711,42.214287,-70.879675,42.214284,-70.879642,42.214288,-70.879613,42.2143,-70.879589,42.214319,-70.879575,42.214341,-70.879572,42.214366,-70.879579,42.214391,-70.879595,42.214412,-70.879621,42.214429,-70.879652,42.214439,-70.879688,42.214441,-70.879723,42.214434,-70.879753,42.214419,-70.879774,42.214397,-70.879784,42.214371,-70.879782,42.214345,-70.879768,42.21432,-70.879743,42.2143],[-70.879743,42.2143,-70.879799,42.214256,-70.879866,42.214229,-70.879961,42.214207,-70.880657,42.214171],[-70.877047,42.204941,-70.877223,42.204973,-70.877494,42.205013,-70.877721,42.205038,-70.878087,42.205066,-70.878454,42.205094,-70.878829,42.20512,-70.8795,42.205182,-70.880083,42.205228,-70.880513,42.205261],[-70.880513,42.205261,-70.880083,42.205228,-70.8795,42.205182,-70.878829,42.20512,-70.878454,42.205094,-70.878087,42.205066,-70.877721,42.205038,-70.877494,42.205013,-70.877223,42.204973,-70.877047,42.204941],[-70.880513,42.205261,-70.880462,42.205451,-70.880357,42.20572,-70.880285,42.205919,-70.880187,42.206218,-70.880101,42.206423,-70.880034,42.206563,-70.88001,42.206674,-70.879979,42.206769,-70.879932,42.206842,-70.879861,42.206912,-70.879797,42.206946,-70.879731,42.206983,-70.879691,42.207026,-70.879677,42.207076,-70.879662,42.2073,-70.879669,42.207453,-70.879699,42.207558],[-70.87817,42.210698,-70.877963,42.210731,-70.87781,42.210735,-70.877639,42.210712,-70.877507,42.210678,-70.877403,42.210662,-70.877183,42.210652,-70.877038,42.210626,-70.876853,42.210557,-70.876735,42.210495,-70.876646,42.210382,-70.87659,42.210225,-70.876542,42.20999,-70.876539,42.209768,-70.87662,42.209452,-70.87666,42.209364,-70.8767,42.209301,-70.876711,42.209221,-70.876746,42.209176,-70.876896,42.209118,-70.876992,42.209086,-70.877086,42.209072,-70.877215,42.209104,-70.877293,42.209136,-70.877341,42.20918,-70.877384,42.209227,-70.877507,42.209269,-70.877596,42.209291,-70.87766,42.209311,-70.877727,42.209368,-70.877843,42.209418,-70.877934,42.209418,-70.878049,42.209384,-70.878218,42.20939,-70.878336,42.209434,-70.878433,42.209462,-70.878578,42.20946,-70.878709,42.209426,-70.878835,42.209364,-70.878918,42.209327,-70.879023,42.209311,-70.879194,42.209321],[-70.87817,42.210698,-70.878231,42.21061,-70.878387,42.210539,-70.878768,42.210447,-70.879114,42.210384,-70.879548,42.210268,-70.879806,42.210223,-70.879956,42.210211,-70.880128,42.210213,-70.880318,42.210255,-70.88046,42.2103,-70.880667,42.210322,-70.880895,42.210288,-70.881201,42.210225,-70.88134,42.2102],[-70.879194,42.209321,-70.879023,42.209311,-70.878918,42.209327,-70.878835,42.209364,-70.878709,42.209426,-70.878578,42.20946,-70.878433,42.209462,-70.878336,42.209434,-70.878218,42.20939,-70.878049,42.209384,-70.877934,42.209418,-70.877843,42.209418,-70.877727,42.209368,-70.87766,42.209311,-70.877596,42.209291,-70.877507,42.209269,-70.877384,42.209227,-70.877341,42.20918,-70.877293,42.209136,-70.877215,42.209104,-70.877086,42.209072,-70.876992,42.209086,-70.876896,42.209118,-70.876746,42.209176,-70.876711,42.209221,-70.8767,42.209301,-70.87666,42.209364,-70.87662,42.209452,-70.876539,42.209768,-70.876542,42.20999,-70.87659,42.210225,-70.876646,42.210382,-70.876735,42.210495,-70.876853,42.210557,-70.877038,42.210626,-70.877183,42.210652,-70.877403,42.210662,-70.877507,42.210678,-70.877639,42.210712,-70.87781,42.210735,-70.877963,42.210731,-70.87817,42.210698],[-70.879194,42.209321,-70.879205,42.20921,-70.879197,42.20912,-70.879173,42.209053,-70.879103,42.208973,-70.878993,42.208866,-70.878894,42.208711,-70.878789,42.208639,-70.878696,42.20859,-70.878655,42.208544,-70.878642,42.208475,-70.878602,42.208427,-70.878567,42.208409,-70.878545,42.208389,-70.878559,42.208365,-70.878615,42.208341,-70.878677,42.208328,-70.878768,42.208314,-70.878883,42.208314,-70.878953,42.208284,-70.879042,42.208222,-70.879076,42.208155,-70.879117,42.208071,-70.879117,42.207994,-70.879168,42.207922,-70.879232,42.207898,-70.879339,42.207855,-70.87943,42.207765,-70.879599,42.207636,-70.879699,42.207558],[-70.88134,42.2102,-70.881201,42.210225,-70.880895,42.210288,-70.880667,42.210322,-70.88046,42.2103,-70.880318,42.210255,-70.880128,42.210213,-70.879956,42.210211,-70.879806,42.210223,-70.879548,42.210268,-70.879114,42.210384,-70.878768,42.210447,-70.878387,42.210539,-70.878231,42.21061,-70.87817,42.210698],[-70.880731,42.20953,-70.880616,42.209488,-70.880533,42.209448,-70.880415,42.209436,-70.880316,42.209452,-70.880139,42.209484,-70.880015,42.209504,-70.87986,42.209498,-70.879774,42.209472,-70.87968,42.20943,-70.879621,42.209382,-70.879514,42.209359,-70.879417,42.209353,-70.879194,42.209321],[-70.879699,42.207558,-70.879599,42.207636,-70.87943,42.207765,-70.879339,42.207855,-70.879232,42.207898,-70.879168,42.207922,-70.879117,42.207994,-70.879117,42.208071,-70.879076,42.208155,-70.879042,42.208222,-70.878953,42.208284,-70.878883,42.208314,-70.878768,42.208314,-70.878677,42.208328,-70.878615,42.208341,-70.878559,42.208365,-70.878545,42.208389,-70.878567,42.208409,-70.878602,42.208427,-70.878642,42.208475,-70.878655,42.208544,-70.878696,42.20859,-70.878789,42.208639,-70.878894,42.208711,-70.878993,42.208866,-70.879103,42.208973,-70.879173,42.209053,-70.879197,42.20912,-70.879205,42.20921,-70.879194,42.209321],[-70.879699,42.207558,-70.879669,42.207453,-70.879662,42.2073,-70.879677,42.207076,-70.879691,42.207026,-70.879731,42.206983,-70.879797,42.206946,-70.879861,42.206912,-70.879932,42.206842,-70.879979,42.206769,-70.88001,42.206674,-70.880034,42.206563,-70.880101,42.206423,-70.880187,42.206218,-70.880285,42.205919,-70.880357,42.20572,-70.880462,42.205451,-70.880513,42.205261],[-70.880657,42.214171,-70.879961,42.214207,-70.879866,42.214229,-70.879799,42.214256,-70.879743,42.2143]]}