{"nodes":[[-70.880087,42.489645,11.0],[-70.879532,42.489803,13.7],[-70.878255,42.486277,6.9],[-70.881567,42.488284,10.9],[-70.877718,42.486718,6.4],[-70.878099,42.483464,8.2],[-70.880188,42.484669,9.1],[-70.880926,42.488702,10.8],[-70.880073,42.489347,10.5],[-70.879198,42.489529,10.5],[-70.878225,42.490835,12.1],[-70.877435,42.491271,12.1],[-70.879752,42.490884,13.3],[-70.877478,42.491974,13.1],[-70.880083,42.492929,15.6],[-70.879206,42.485472,7.4],[-70.878708,42.485837,7.2],[-70.879389,42.492994,15.3],[-70.879515,42.493844,15.1],[-70.880172,42.482836,4.8],[-70.878943,42.482079,6.8],[-70.877168,42.487178,7.6],[-70.880222,42.489136,10.4],[-70.880385,42.492139,15.1],[-70.881021,42.497737,8.3],[-70.875,42.497447,8.2],[-70.882492,42.481222,8.4]],"nodeIds":[77360,77851,77382,77688,77834,77426,77816,77492,77541,77822,77552,77784,112719,77557,77747,77574,77580,77575,77584,77643,77911,77695,77773,77866,98119,120221,98122],"names":["","Shetland Road","Brook Road","Ware Lane","Pickwick Road","Humphrey Street","Cherry Street","Birch Street","Tully Street","Lafayette Street","Rockaway Avenue","Glendale Road","Cedar Street","Marblehead Rail Trail"],"edges":[[0,1,49.2,7,0,0,1.0,125.0,2.7,0],[2,3,351.5,5,1,-1,1.0,125.0,4.1,0],[2,4,65.9,5,2,1,1.0,0.0,0.0,0],[5,6,217.6,5,3,2,1.0,0.0,0.8,0],[7,4,343.3,5,4,-1,1.0,125.0,0.0,0],[8,9,74.6,1,5,3,1.0,0.0,0.0,1],[10,11,80.9,5,6,4,1.0,0.0,0.1,0],[10,12,143.7,7,6,5,1.0,0.0,1.2,0],[13,14,247.0,5,7,6,1.0,125.0,2.4,0],[15,16,57.8,5,2,7,1.0,0.0,0.0,0],[17,18,95.1,5,8,8,1.0,125.0,0.0,0],[17,14,57.4,1,9,9,1.0,0.0,0.3,1],[16,15,57.8,5,2,10,1.0,0.0,0.2,0],[18,17,95.1,5,8,11,1.0,125.0,0.2,0],[19,20,131.4,3,10,12,1.0,0.0,2.0,0],[3,2,351.5,5,1,-1,1.0,125.0,0.0,0],[21,22,331.8,5,11,-1,1.0,125.0,2.8,0],[21,4,68.2,5,2,13,1.0,0.0,0.0,0],[14,13,247.0,5,7,14,1.0,125.0,0.0,0],[14,17,57.4,1,9,15,1.0,0.0,0.0,1],[22,21,331.8,5,11,-1,1.0,125.0,0.0,0],[22,9,94.7,1,5,16,1.0,0.0,0.2,1],[11,23,263.4,5,12,17,1.0,0.0,3.0,0],[11,10,80.9,5,6,18,1.0,0.0,0.0,0],[6,5,217.6,5,3,19,1.0,0.0,0.0,0],[9,8,74.6,1,5,20,1.0,0.0,0.0,1],[4,7,343.3,5,4,-1,1.0,125.0,4.3,0],[4,21,68.2,5,2,21,1.0,0.0,1.2,0],[4,2,65.9,5,2,22,1.0,0.0,0.5,0],[1,0,49.2,7,0,23,1.0,125.0,0.0,0],[23,11,263.4,5,12,24,1.0,0.0,0.0,0],[20,19,131.4,3,10,25,1.0,0.0,0.0,0],[24,25,570.2,4,13,26,1.0,0.0,0.0,0],[26,20,308.8,4,13,27,1.0,0.0,0.0,0],[12,10,143.7,7,6,28,1.0,0.0,0.0,0],[25,24,570.2,4,13,29,1.0,0.0,0.1,0]],"geoms":[[-70.880087,42.489645,-70.880007,42.489678,-70.879973,42.489692,-70.879909,42.489719,-70.87981,42.489744,-70.87957,42.489785,-70.879532,42.489803],[-70.878255,42.486277,-70.878022,42.486467,-70.877862,42.486594,-70.877718,42.486718],[-70.878099,42.483464,-70.878643,42.483786,-70.878928,42.483958,-70.879373,42.484228,-70.879865,42.484514,-70.880188,42.484669],[-70.880073,42.489347,-70.879471,42.489465,-70.879198,42.489529],[-70.878225,42.490835,-70.87803,42.490934,-70.87781,42.491059,-70.877642,42.491157,-70.877435,42.491271],[-70.878225,42.490835,-70.878245,42.490825,-70.878347,42.490761,-70.878473,42.490685,-70.878587,42.490607,-70.878686,42.490578,-70.878779,42.490572,-70.878928,42.490623,-70.879414,42.49082,-70.879538,42.490872,-70.879752,42.490884],[-70.877478,42.491974,-70.877725,42.492045,-70.878106,42.492143,-70.878502,42.492239,-70.878696,42.492288,-70.878705,42.49229,-70.878847,42.492326,-70.879157,42.492406,-70.879468,42.492482,-70.879597,42.492519,-70.879712,42.492553,-70.879791,42.492592,-70.879857,42.492639,-70.879927,42.492705,-70.87999,42.492769,-70.88005,42.492856,-70.880058,42.492874,-70.880083,42.492929],[-70.879206,42.485472,-70.878999,42.485592,-70.878855,42.485704,-70.878708,42.485837],[-70.879389,42.492994,-70.879397,42.493076,-70.879403,42.493136,-70.879434,42.493346,-70.879465,42.493581,-70.879515,42.493844],[-70.879389,42.492994,-70.879861,42.492947,-70.880083,42.492929],[-70.878708,42.485837,-70.878855,42.485704,-70.878999,42.485592,-70.879206,42.485472],[-70.879515,42.493844,-70.879465,42.493581,-70.879434,42.493346,-70.879403,42.493136,-70.879397,42.493076,-70.879389,42.492994],[-70.880172,42.482836,-70.880122,42.482797,-70.879928,42.482668,-70.879571,42.48246,-70.879567,42.482457,-70.879419,42.482371,-70.878943,42.482079],[-70.877168,42.487178,-70.87734,42.487036,-70.877462,42.486931,-70.877662,42.486766,-70.877718,42.486718],[-70.880083,42.492929,-70.880058,42.492874,-70.88005,42.492856,-70.87999,42.492769,-70.879927,42.492705,-70.879857,42.492639,-70.879791,42.492592,-70.879712,42.492553,-70.879597,42.492519,-70.879468,42.492482,-70.879157,42.492406,-70.878847,42.492326,-70.878705,42.49229,-70.878696,42.492288,-70.878502,42.492239,-70.878106,42.492143,-70.877725,42.492045,-70.877478,42.491974],[-70.880083,42.492929,-70.879861,42.492947,-70.879389,42.492994],[-70.880222,42.489136,-70.880054,42.489201,-70.879938,42.489247,-70.879771,42.489313,-70.879198,42.489529],[-70.877435,42.491271,-70.877798,42.491365,-70.878173,42.491464,-70.878537,42.49156,-70.878928,42.49166,-70.879259,42.491737,-70.879622,42.491821,-70.879966,42.491913,-70.880016,42.491927,-70.880124,42.491957,-70.880232,42.492001,-70.880328,42.492067,-70.880385,42.492139],[-70.877435,42.491271,-70.877642,42.491157,-70.87781,42.491059,-70.87803,42.490934,-70.878225,42.490835],[-70.880188,42.484669,-70.879865,42.484514,-70.879373,42.484228,-70.878928,42.483958,-70.878643,42.483786,-70.878099,42.483464],[-70.879198,42.489529,-70.879471,42.489465,-70.880073,42.489347],[-70.877718,42.486718,-70.877662,42.486766,-70.877462,42.486931,-70.87734,42.487036,-70.877168,42.487178],[-70.877718,42.486718,-70.877862,42.486594,-70.878022,42.486467,-70.878255,42.486277],[-70.879532,42.489803,-70.87957,42.489785,-70.87981,42.489744,-70.879909,42.489719,-70.879973,42.489692,-70.880007,42.489678,-70.880087,42.489645],[-70.880385,42.492139,-70.880328,42.492067,-70.880232,42.492001,-70.880124,42.491957,-70.880016,42.491927,-70.879966,42.491913,-70.879622,42.491821,-70.879259,42.491737,-70.878928,42.49166,-70.878537,42.49156,-70.878173,42.491464,-70.877798,42.491365,-70.877435,42.491271],[-70.878943,42.482079,-70.879419,42.482371,-70.879567,42.482457,-70.879571,42.48246,-70.879928,42.482668,-70.880122,42.482797,-70.880172,42.482836],[-70.881021,42.497737,-70.880595,42.497383,-70.880029,42.496934,-70.879725,42.496764,-70.87935,42.496606,-70.878991,42.496511,-70.878694,42.496476,-70.878363,42.496462,-70.877992,42.496476,-70.877715,42.496505,-70.877383,42.496586,-70.876407,42.496925,-70.875,42.497447],[-70.882492,42.481222,-70.881219,42.481393,-70.880814,42.481467,-70.879953,42.481681,-70.879392,42.481885,-70.878943,42.482079],[-70.879752,42.490884,-70.879538,42.490872,-70.879414,42.49082,-70.878928,42.490623,-70.878779,42.490572,-70.878686,42.490578,-70.878587,42.490607,-70.878473,42.490685,-70.878347,42.490761,-70.878245,42.490825,-70.878225,42.490835],[-70.875,42.497447,-70.876407,42.496925,-70.877383,42.496586,-70.877715,42.496505,-70.877992,42.496476,-70.878363,42.496462,-70.878694,42.496476,-70.878991,42.496511,-70.87935,42.496606,-70.879725,42.496764,-70.880029,42.496934,-70.880595,42.497383,-70.881021,42.497737]]}