{"nodes":[[-70.8783,42.193652,38.5],[-70.880677,42.193551,39.8],[-70.878545,42.19075,38.3],[-70.882546,42.190655,41.2],[-70.878942,42.188777,38.1],[-70.880198,42.18875,39.1]],"nodeIds":[12592,12652,12811,12882,13268,13410],"names":["Prospect Street","Longmeadow Road","Polk Road"],"edges":[[0,1,196.1,3,0,-1,1.0,0.0,1.3,0],[1,0,196.1,3,0,-1,1.0,0.0,0.0,0],[2,3,333.3,5,1,0,1.0,125.0,2.9,0],[3,2,333.3,5,1,1,1.0,125.0,0.0,0],[4,5,103.5,5,2,-1,1.0,0.0,1.0,0],[5,4,103.5,5,2,-1,1.0,0.0,0.0,0]],"geoms":[[-70.878545,42.19075,-70.878766,42.19074,-70.878924,42.190742,-70.879051,42.190753,-70.879187,42.190774,-70.879353,42.190809,-70.879473,42.190832,-70.879576,42.190845,-70.879689,42.190857,-70.879797,42.190863,-70.879962,42.190862,-70.880618,42.190838,-70.880815,42.190823,-70.880973,42.190796,-70.881106,42.190762,-70.881263,42.190725,-70.881447,42.190699,-70.881683,42.190683,-70.882064,42.190668,-70.88239,42.190659,-70.882546,42.190655],[-70.882546,42.190655,-70.88239,42.190659,-70.882064,42.190668,-70.881683,42.190683,-70.881447,42.190699,-70.881263,42.190725,-70.881106,42.190762,-70.880973,42.190796,-70.880815,42.190823,-70.880618,42.190838,-70.879962,42.190862,-70.879797,42.190863,-70.879689,42.190857,-70.879576,42.190845,-70.879473,42.190832,-70.879353,42.190809,-70.879187,42.190774,-70.879051,42.190753,-70.878924,42.190742,-70.878766,42.19074,-70.878545,42.19075]]}