{"nodes":[[-70.879619,42.479497,5.9],[-70.879396,42.479742,7.0],[-70.87987,42.479146,2.8]],"nodeIds":[77353,77399,77842],"names":["Atlantic Avenue"],"edges":[[0,1,32.8,1,0,0,1.0,0.0,1.1,1],[0,2,44.2,1,0,1,1.0,0.0,0.0,1],[1,0,32.8,1,0,2,1.0,0.0,0.0,1],[2,0,44.2,1,0,3,1.0,0.0,3.1,1]],"geoms":[[-70.879619,42.479497,-70.879514,42.479625,-70.879396,42.479742],[-70.879619,42.479497,-70.879711,42.479351,-70.87987,42.479146],[-70.879396,42.479742,-70.879514,42.479625,-70.879619,42.479497],[-70.87987,42.479146,-70.879711,42.479351,-70.879619,42.479497]]}