{"nodes":[[-70.881124,42.131158,26.0],[-70.878826,42.131656,26.6],[-70.878286,42.134619,27.6],[-70.880305,42.134939,31.9],[-70.880349,42.121875,26.6],[-70.87756,42.124541,24.9],[-70.878432,42.125208,24.5],[-70.879231,42.121308,26.8],[-70.877684,42.12052,23.6],[-70.880053,42.121725,26.4],[-70.880395,42.138788,34.9],[-70.878267,42.139277,38.6],[-70.878135,42.129823,26.4],[-70.880332,42.128143,29.4],[-70.876132,42.128128,24.9],[-70.880227,42.129701,26.4]],"nodeIds":[12354,12401,12356,12372,12365,12379,12419,12385,12433,12395,12388,12392,34912,12428,55021,34911],"names":["","Homestead Lane","Franklin Road","Brook Circle","Hoover Road","Curtis Mill Lane","West Avenue","Maple Avenue","Cedar Street"],"edges":[[0,1,200.5,7,0,0,1.0,0.0,0.7,0],[2,2,77.6,5,1,1,1.0,0.0,0.0,0],[2,2,77.6,5,1,2,1.0,0.0,0.0,0],[2,3,189.0,5,1,3,1.0,0.0,4.3,0],[4,5,381.8,5,2,4,1.0,0.0,0.0,0],[3,2,189.0,5,1,5,1.0,0.0,0.0,0],[5,6,103.3,5,3,-1,1.0,0.0,0.0,0],[5,4,381.8,5,2,6,1.0,0.0,1.7,0],[7,8,154.8,5,4,7,1.0,0.0,0.0,0],[7,9,82.1,5,4,8,1.0,0.0,0.0,0],[10,11,185.1,5,5,9,1.0,0.0,3.8,0],[11,10,185.1,5,5,10,1.0,0.0,0.0,0],[9,7,82.1,5,4,11,1.0,0.0,0.4,0],[1,0,200.5,7,0,12,1.0,0.0,0.0,0],[6,5,103.3,5,3,-1,1.0,0.0,0.4,0],[6,12,906.9,3,6,13,1.0,0.0,1.9,0],[13,14,349.2,7,7,14,1.0,0.0,0.0,0],[8,7,154.8,5,4,15,1.0,0.0,3.2,0],[15,12,173.7,3,8,16,1.0,0.0,0.0,0],[12,6,906.9,3,6,17,1.0,0.0,0.0,0],[12,15,173.7,3,8,18,1.0,0.0,0.0,0],[14,13,349.2,7,7,19,1.0,0.0,4.5,0]],"geoms":[[-70.881124,42.131158,-70.880855,42.131243,-70.880385,42.131405,-70.879966,42.131554,-70.879813,42.131597,-70.879711,42.131614,-70.879579,42.131628,-70.87939,42.131637,-70.87912,42.131642,-70.878826,42.131656],[-70.878286,42.134619,-70.878263,42.134621,-70.878223,42.134614,-70.878183,42.134611,-70.878152,42.134612,-70.878121,42.134617,-70.878094,42.134626,-70.878075,42.134639,-70.87806,42.134656,-70.878048,42.134673,-70.87804,42.134691,-70.878035,42.134709,-70.878035,42.134727,-70.878044,42.134748,-70.87806,42.134767,-70.878079,42.134784,-70.878103,42.1348,-70.878132,42.134813,-70.878161,42.134822,-70.878186,42.134826,-70.878212,42.134826,-70.878236,42.134823,-70.87826,42.134816,-70.878282,42.134805,-70.878301,42.134792,-70.878313,42.134776,-70.878322,42.134758,-70.878327,42.134739,-70.87833,42.13472,-70.87833,42.134701,-70.878327,42.134682,-70.878312,42.134658,-70.878292,42.134634,-70.878286,42.134619],[-70.878286,42.134619,-70.878292,42.134634,-70.878312,42.134658,-70.878327,42.134682,-70.87833,42.134701,-70.87833,42.13472,-70.878327,42.134739,-70.878322,42.134758,-70.878313,42.134776,-70.878301,42.134792,-70.878282,42.134805,-70.87826,42.134816,-70.878236,42.134823,-70.878212,42.134826,-70.878186,42.134826,-70.878161,42.134822,-70.878132,42.134813,-70.878103,42.1348,-70.878079,42.134784,-70.87806,42.134767,-70.878044,42.134748,-70.878035,42.134727,-70.878035,42.134709,-70.87804,42.134691,-70.878048,42.134673,-70.87806,42.134656,-70.878075,42.134639,-70.878094,42.134626,-70.878121,42.134617,-70.878152,42.134612,-70.878183,42.134611,-70.878223,42.134614,-70.878263,42.134621,-70.878286,42.134619],[-70.878286,42.134619,-70.878338,42.134583,-70.878391,42.134547,-70.878447,42.134515,-70.878499,42.134494,-70.878554,42.134476,-70.87861,42.13446,-70.878688,42.134441,-70.878768,42.134425,-70.878849,42.134416,-70.878911,42.134414,-70.878974,42.134415,-70.879036,42.134419,-70.879089,42.134424,-70.879142,42.13443,-70.879195,42.134436,-70.879248,42.134452,-70.879301,42.134466,-70.879353,42.134484,-70.879421,42.134512,-70.879487,42.134543,-70.879552,42.134574,-70.879629,42.13461,-70.879706,42.134646,-70.879782,42.134683,-70.879886,42.134733,-70.87999,42.134784,-70.880093,42.134835,-70.880163,42.13487,-70.880234,42.134905,-70.880305,42.134939],[-70.880349,42.121875,-70.880103,42.122305,-70.879874,42.122725,-70.879843,42.122771,-70.879813,42.122816,-70.879783,42.122861,-70.879757,42.1229,-70.879732,42.122939,-70.879704,42.122977,-70.87966,42.123022,-70.879612,42.123064,-70.879562,42.123106,-70.879508,42.123148,-70.879454,42.123189,-70.879399,42.123231,-70.878927,42.123562,-70.878376,42.123953,-70.877843,42.124329,-70.87756,42.124541],[-70.880305,42.134939,-70.880234,42.134905,-70.880163,42.13487,-70.880093,42.134835,-70.87999,42.134784,-70.879886,42.134733,-70.879782,42.134683,-70.879706,42.134646,-70.879629,42.13461,-70.879552,42.134574,-70.879487,42.134543,-70.879421,42.134512,-70.879353,42.134484,-70.879301,42.134466,-70.879248,42.134452,-70.879195,42.134436,-70.879142,42.13443,-70.879089,42.134424,-70.879036,42.134419,-70.878974,42.134415,-70.878911,42.134414,-70.878849,42.134416,-70.878768,42.134425,-70.878688,42.134441,-70.87861,42.13446,-70.878554,42.134476,-70.878499,42.134494,-70.878447,42.134515,-70.878391,42.134547,-70.878338,42.134583,-70.878286,42.134619],[-70.87756,42.124541,-70.877843,42.124329,-70.878376,42.123953,-70.878927,42.123562,-70.879399,42.123231,-70.879454,42.123189,-70.879508,42.123148,-70.879562,42.123106,-70.879612,42.123064,-70.87966,42.123022,-70.879704,42.122977,-70.879732,42.122939,-70.879757,42.1229,-70.879783,42.122861,-70.879813,42.122816,-70.879843,42.122771,-70.879874,42.122725,-70.880103,42.122305,-70.880349,42.121875],[-70.879231,42.121308,-70.879083,42.121235,-70.878504,42.120944,-70.87788,42.12063,-70.877684,42.12052],[-70.879231,42.121308,-70.879345,42.121363,-70.880053,42.121725],[-70.880395,42.138788,-70.880144,42.138853,-70.879938,42.138919,-70.879681,42.138996,-70.879454,42.139057,-70.879191,42.139139,-70.878886,42.139224,-70.878646,42.139257,-70.878586,42.139262,-70.878267,42.139277],[-70.878267,42.139277,-70.878586,42.139262,-70.878646,42.139257,-70.878886,42.139224,-70.879191,42.139139,-70.879454,42.139057,-70.879681,42.138996,-70.879938,42.138919,-70.880144,42.138853,-70.880395,42.138788],[-70.880053,42.121725,-70.879345,42.121363,-70.879231,42.121308],[-70.878826,42.131656,-70.87912,42.131642,-70.87939,42.131637,-70.879579,42.131628,-70.879711,42.131614,-70.879813,42.131597,-70.879966,42.131554,-70.880385,42.131405,-70.880855,42.131243,-70.881124,42.131158],[-70.878432,42.125208,-70.878156,42.125404,-70.877494,42.125875,-70.876492,42.12658,-70.875586,42.127221,-70.874837,42.127747,-70.874234,42.128181,-70.873874,42.128432,-70.873952,42.128448,-70.874073,42.128476,-70.874185,42.128505,-70.874295,42.128536,-70.874404,42.12857,-70.874512,42.128607,-70.874619,42.128647,-70.874724,42.128689,-70.874822,42.128732,-70.874919,42.128778,-70.875016,42.128824,-70.8752,42.128913,-70.875383,42.129004,-70.875568,42.129093,-70.875726,42.129168,-70.875885,42.129242,-70.876048,42.129311,-70.876221,42.129373,-70.876397,42.129431,-70.876575,42.129487,-70.87673,42.129537,-70.876886,42.129585,-70.877044,42.129631,-70.877142,42.129659,-70.877242,42.129685,-70.877342,42.12971,-70.877446,42.129731,-70.877551,42.129751,-70.877657,42.129768,-70.877761,42.129785,-70.877866,42.1298,-70.877972,42.129812,-70.878072,42.12982,-70.878135,42.129823],[-70.880332,42.128143,-70.878887,42.128059,-70.877422,42.128008,-70.877341,42.128007,-70.877246,42.128005,-70.876951,42.128001,-70.87671,42.128012,-70.876572,42.12806,-70.876401,42.128106,-70.876264,42.128123,-70.876132,42.128128],[-70.877684,42.12052,-70.87788,42.12063,-70.878504,42.120944,-70.879083,42.121235,-70.879231,42.121308],[-70.880227,42.129701,-70.880147,42.12972,-70.880102,42.129731,-70.87998,42.129752,-70.879876,42.12976,-70.879783,42.129767,-70.879667,42.129776,-70.879539,42.129783,-70.879418,42.129792,-70.879277,42.129799,-70.879136,42.129807,-70.878995,42.129814,-70.878868,42.12982,-70.878741,42.129826,-70.878614,42.129829,-70.8785,42.12983,-70.878387,42.12983,-70.878273,42.129828,-70.878172,42.129824,-70.878135,42.129823],[-70.878135,42.129823,-70.878072,42.12982,-70.877972,42.129812,-70.877866,42.1298,-70.877761,42.129785,-70.877657,42.129768,-70.877551,42.129751,-70.877446,42.129731,-70.877342,42.12971,-70.877242,42.129685,-70.877142,42.129659,-70.877044,42.129631,-70.876886,42.129585,-70.87673,42.129537,-70.876575,42.129487,-70.876397,42.129431,-70.876221,