{"nodes":[[-70.880401,42.547706,20.0],[-70.879331,42.5471,16.3],[-70.879075,42.547552,16.1],[-70.879567,42.546719,16.0],[-70.879772,42.54641,16.4],[-70.878375,42.554982,16.0],[-70.87839,42.554772,16.0],[-70.880574,42.554959,7.8],[-70.880035,42.540349,3.6],[-70.879569,42.540147,3.7],[-70.879962,42.546124,16.5],[-70.879985,42.54609,16.5],[-70.880021,42.54059,4.0],[-70.879436,42.540431,3.4],[-70.880791,42.543097,13.1],[-70.879841,42.54337,12.6],[-70.879982,42.544263,12.2],[-70.879731,42.543935,13.3],[-70.878882,42.547944,15.8],[-70.87945,42.553801,11.5],[-70.879824,42.553923,10.6],[-70.880601,42.553704,6.7],[-70.880726,42.554692,7.5],[-70.880752,42.556201,7.5],[-70.878219,42.556378,14.1],[-70.878434,42.556806,12.5],[-70.880014,42.558244,8.6],[-70.879034,42.55883,10.0],[-70.880151,42.546197,16.7]],"nodeIds":[83264,83350,83395,83275,113130,83278,83533,125915,83309,83520,83333,83528,83345,83476,83374,83156,83385,83281,83516,83404,123751,83406,83427,83429,83521,83599,83573,104241,113129],"names":["Milton Street","Broadway","Cabot Street","Chestnut Park","","Water Street","Fossa Terrace","May Street","Elliott Street","Galloupe Avenue","Chestnut Street","Myrtle Street","Maple Avenue","Colon Street"],"edges":[[0,1,113.7,5,0,0,1.0,0.0,0.0,0],[0,2,112.9,3,1,1,1.0,125.0,0.0,0],[3,4,38.2,1,2,-1,1.0,0.0,0.4,1],[5,6,23.4,1,2,-1,1.0,0.0,0.0,1],[5,7,180.4,5,3,2,1.0,125.0,0.0,0],[8,9,44.3,7,4,-1,1.0,0.0,0.1,0],[10,11,4.3,1,2,-1,1.0,0.0,0.0,1],[10,4,35.4,1,2,3,1.0,0.0,0.0,1],[12,13,51.6,5,5,4,1.0,0.0,0.0,0],[14,15,117.2,5,6,5,1.0,0.0,0.0,0],[16,17,42.3,5,7,6,1.0,0.0,1.1,0],[2,0,112.9,3,1,7,1.0,125.0,3.9,0],[2,18,46.4,1,2,8,1.0,0.0,0.0,1],[19,20,33.5,2,8,-1,1.0,0.0,0.0,1],[19,21,100.9,5,9,9,1.0,125.0,0.0,0],[22,6,191.5,5,10,10,1.0,125.0,8.5,0],[23,24,208.4,5,11,11,1.0,250.0,6.6,0],[13,9,33.4,5,12,-1,1.0,0.0,0.3,0],[13,12,51.6,5,5,12,1.0,0.0,0.6,0],[18,2,46.4,1,2,13,1.0,0.0,0.3,1],[9,8,44.3,7,4,-1,1.0,0.0,0.0,0],[9,13,33.4,5,12,-1,1.0,0.0,0.0,0],[24,25,51.3,1,2,14,1.0,0.0,0.0,1],[11,10,4.3,1,2,-1,1.0,0.0,0.0,1],[6,5,23.4,1,2,-1,1.0,0.0,0.0,1],[26,27,103.5,1,13,15,1.0,0.0,1.4,1],[25,24,51.3,1,2,16,1.0,0.0,1.6,1],[27,26,103.5,1,13,17,1.0,0.0,0.0,1],[28,4,51.3,7,4,18,1.0,125.0,0.0,0],[4,3,38.2,1,2,-1,1.0,0.0,0.0,1],[4,10,35.4,1,2,19,1.0,0.0,0.2,1],[4,28,51.3,7,4,20,1.0,125.0,0.3,0],[20,19,33.5,2,8,-1,1.0,0.0,0.9,1],[7,5,180.4,5,3,21,1.0,125.0,8.2,0]],"geoms":[[-70.880401,42.547706,-70.880392,42.547659,-70.880371,42.547634,-70.88031,42.547584,-70.880246,42.547536,-70.880047,42.547413,-70.879897,42.547322,-70.879767,42.54725,-70.879651,42.547194,-70.87955,42.547157,-70.879423,42.547124,-70.879331,42.5471],[-70.880401,42.547706,-70.879853,42.547752,-70.879771,42.547745,-70.879701,42.547733,-70.879212,42.547591,-70.879184,42.547583,-70.879075,42.547552],[-70.878375,42.554982,-70.878455,42.554981,-70.879318,42.554962,-70.879651,42.554954,-70.880064,42.554942,-70.880485,42.554944,-70.880574,42.554959],[-70.879962,42.546124,-70.879917,42.546191,-70.879772,42.54641],[-70.880021,42.54059,-70.879772,42.540496,-70.879676,42.540467,-70.879576,42.540442,-70.879499,42.540434,-70.879436,42.540431],[-70.880791,42.543097,-70.879912,42.542978,-70.87987,42.543155,-70.879841,42.54337],[-70.879982,42.544263,-70.87992,42.544217,-70.879875,42.544166,-70.879763,42.543986,-70.879731,42.543935],[-70.879075,42.547552,-70.879184,42.547583,-70.879212,42.547591,-70.879701,42.547733,-70.879771,42.547745,-70.879853,42.547752,-70.880401,42.547706],[-70.879075,42.547552,-70.879038,42.547627,-70.878919,42.547868,-70.878882,42.547944],[-70.87945,42.553801,-70.879549,42.553721,-70.879581,42.553694,-70.879625,42.553666,-70.879769,42.553667,-70.880013,42.553668,-70.880282,42.553679,-70.880601,42.553704],[-70.880726,42.554692,-70.878486,42.554769,-70.87839,42.554772],[-70.880752,42.556201,-70.880632,42.556208,-70.878323,42.556369,-70.878219,42.556378],[-70.879436,42.540431,-70.879499,42.540434,-70.879576,42.540442,-70.879676,42.540467,-70.879772,42.540496,-70.880021,42.54059],[-70.878882,42.547944,-70.878919,42.547868,-70.879038,42.547627,-70.879075,42.547552],[-70.878219,42.556378,-70.878237,42.556473,-70.87827,42.556567,-70.878434,42.556806],[-70.880014,42.558244,-70.879778,42.558394,-70.879645,42.558478,-70.879369,42.558652,-70.879066,42.558815,-70.879034,42.55883],[-70.878434,42.556806,-70.87827,42.556567,-70.878237,42.556473,-70.878219,42.556378],[-70.879034,42.55883,-70.879066,42.558815,-70.879369,42.558652,-70.879645,42.558478,-70.879778,42.558394,-70.880014,42.558244],[-70.880151,42.546197,-70.880107,42.546263,-70.879968,42.546471,-70.879863,42.546438,-70.879772,42.54641],[-70.879772,42.54641,-70.879917,42.546191,-70.879962,42.546124],[-70.879772,42.54641,-70.879863,42.546438,-70.879968,42.546471,-70.880107,42.546263,-70.880151,42.546197],[-70.880574,42.554959,-70.880485,42.554944,-70.880064,42.554942,-70.879651,42.554954,-70.879318,42.554962,-70.878455,42.554981,-70.878375,42.554982]]}