{"nodes":[[-70.87722,42.244309,14.5],[-70.880798,42.245843,4.0],[-70.879532,42.245896,1.3],[-70.880273,42.246589,2.8],[-70.879511,42.24692,5.2]],"nodeIds":[12577,13158,12772,13351,49622],"names":["Justice Cushing Way","","Summer Street"],"edges":[[0,1,342.3,1,0,0,1.0,0.0,0.0,1],[2,3,99.3,7,1,1,1.0,125.0,1.5,0],[1,0,342.3,1,0,2,1.0,0.0,10.5,1],[3,4,72.8,1,2,-1,1.0,0.0,2.5,1],[3,2,99.3,7,1,3,1.0,125.0,0.0,0],[4,3,72.8,1,2,-1,1.0,0.0,0.0,1]],"geoms":[[-70.87722,42.244309,-70.87732,42.244324,-70.877438,42.244346,-70.877579,42.244376,-70.877735,42.244417,-70.877833,42.244446,-70.877939,42.244482,-70.878042,42.24452,-70.878183,42.24458,-70.878313,42.244641,-70.878606,42.244789,-70.879053,42.24501,-70.879465,42.24521,-70.880563,42.245728,-70.880798,42.245843],[-70.879532,42.245896,-70.879645,42.24595,-70.879677,42.24598,-70.879699,42.246011,-70.879752,42.246054,-70.879938,42.246205,-70.880021,42.246279,-70.88014,42.246412,-70.880212,42.246512,-70.880273,42.246589],[-70.880798,42.245843,-70.880563,42.245728,-70.879465,42.24521,-70.879053,42.24501,-70.878606,42.244789,-70.878313,42.244641,-70.878183,42.24458,-70.878042,42.24452,-70.877939,42.244482,-70.877833,42.244446,-70.877735,42.244417,-70.877579,42.244376,-70.877438,42.244346,-70.87732,42.244324,-70.87722,42.244309],[-70.880273,42.246589,-70.880212,42.246512,-70.88014,42.246412,-70.880021,42.246279,-70.879938,42.246205,-70.879752,42.246054,-70.879699,42.246011,-70.879677,42.24598,-70.879645,42.24595,-70.879532,42.245896]]}