{"nodes":[[-70.880343,42.11838,24.6],[-70.879882,42.118237,24.4],[-70.881011,42.115297,24.8],[-70.877242,42.11642,21.8],[-70.880816,42.120336,23.3],[-70.877684,42.12052,23.6],[-70.882254,42.118698,26.0]],"nodeIds":[12386,55474,12398,51571,12403,12433,63161],"names":["Hanover Street","","Brook Circle","Hanover Branch Rail Trail"],"edges":[[0,1,41.2,1,0,0,1.0,0.0,0.0,1],[2,3,347.0,4,1,1,1.0,0.0,0.0,0],[4,5,392.6,5,2,2,1.0,0.0,0.2,0],[5,4,392.6,5,2,3,1.0,0.0,0.0,0],[3,2,347.0,4,1,4,1.0,0.0,2.9,0],[6,3,484.9,4,3,5,1.0,0.0,0.0,0]],"geoms":[[-70.880343,42.11838,-70.880153,42.118318,-70.879918,42.118247,-70.879882,42.118237],[-70.881011,42.115297,-70.879493,42.115525,-70.878904,42.115654,-70.878802,42.115749,-70.878725,42.115844,-70.878623,42.115919,-70.878508,42.115976,-70.878368,42.115976,-70.878227,42.115986,-70.878113,42.116033,-70.877921,42.116109,-70.877755,42.116184,-70.877666,42.116194,-70.877538,42.116222,-70.877424,42.116279,-70.877242,42.11642],[-70.880816,42.120336,-70.880484,42.120327,-70.879883,42.120298,-70.879833,42.120293,-70.879783,42.120288,-70.879734,42.120281,-70.879695,42.120274,-70.879657,42.120265,-70.87962,42.120253,-70.879592,42.12024,-70.879566,42.120225,-70.879542,42.120208,-70.879512,42.120183,-70.879485,42.120156,-70.879458,42.120129,-70.879406,42.120081,-70.879353,42.120035,-70.8793,42.119988,-70.878605,42.11938,-70.878581,42.119367,-70.878557,42.119354,-70.878531,42.119344,-70.87851,42.11934,-70.878489,42.119338,-70.878467,42.119337,-70.878441,42.119337,-70.878416,42.119339,-70.87839,42.119342,-70.878364,42.119348,-70.878338,42.119356,-70.878315,42.119367,-70.878297,42.119379,-70.87828,42.119393,-70.878266,42.119407,-70.878251,42.119427,-70.878239,42.119449,-70.878227,42.11947,-70.878133,42.119665,-70.878021,42.119894,-70.877808,42.120302,-70.877781,42.120359,-70.877754,42.120416,-70.877721,42.120471,-70.877703,42.120496,-70.877684,42.12052],[-70.877684,42.12052,-70.877703,42.120496,-70.877721,42.120471,-70.877754,42.120416,-70.877781,42.120359,-70.877808,42.120302,-70.878021,42.119894,-70.878133,42.119665,-70.878227,42.11947,-70.878239,42.119449,-70.878251,42.119427,-70.878266,42.119407,-70.87828,42.119393,-70.878297,42.119379,-70.878315,42.119367,-70.878338,42.119356,-70.878364,42.119348,-70.87839,42.119342,-70.878416,42.119339,-70.878441,42.119337,-70.878467,42.119337,-70.878489,42.119338,-70.87851,42.11934,-70.878531,42.119344,-70.878557,42.119354,-70.878581,42.119367,-70.878605,42.11938,-70.8793,42.119988,-70.879353,42.120035,-70.879406,42.120081,-70.879458,42.120129,-70.879485,42.120156,-70.879512,42.120183,-70.879542,42.120208,-70.879566,42.120225,-70.879592,42.12024,-70.87962,42.120253,-70.879657,42.120265,-70.879695,42.120274,-70.879734,42.120281,-70.879783,42.120288,-70.879833,42.120293,-70.879883,42.120298,-70.880484,42.120327,-70.880816,42.120336],[-70.877242,42.11642,-70.877424,42.116279,-70.877538,42.116222,-70.877666,42.116194,-70.877755,42.116184,-70.877921,42.116109,-70.878113,42.116033,-70.878227,42.115986,-70.878368,42.115976,-70.878508,42.115976,-70.878623,42.115919,-70.878725,42.115844,-70.878802,42.115749,-70.878904,42.115654,-70.879493,42.115525,-70.881011,42.115297],[-70.882254,42.118698,-70.882184,42.118668,-70.880054,42.117736,-70.879225,42.117355,-70.878032,42.116781,-70.877242,42.11642]]}