{"nodes":[[-70.879546,42.561236,11.3],[-70.879642,42.560548,10.9],[-70.880478,42.561075,9.6],[-70.8805,42.564159,7.4],[-70.879925,42.564064,7.1],[-70.880053,42.565431,10.3],[-70.879985,42.565651,12.2],[-70.879788,42.565253,11.3],[-70.880397,42.566004,9.6]],"nodeIds":[83162,83347,83586,109679,83321,109680,109682,109681,109690],"names":["Sohier Road","Mason Street",""],"edges":[[0,1,76.9,1,0,0,1.0,0.0,0.0,1],[1,0,76.9,1,0,1,1.0,0.0,0.4,1],[2,0,78.4,5,1,2,1.0,125.0,1.7,0],[3,4,49.1,7,2,3,1.0,0.0,0.0,0],[5,6,35.3,7,2,4,1.0,0.0,1.9,0],[5,7,29.6,7,2,5,1.0,0.0,0.9,0],[7,5,29.6,7,2,6,1.0,0.0,0.0,0],[6,5,35.3,7,2,7,1.0,0.0,0.0,0],[6,8,70.8,7,2,8,1.0,0.0,0.0,0],[8,6,70.8,7,2,9,1.0,0.0,2.6,0]],"geoms":[[-70.879546,42.561236,-70.879623,42.560695,-70.879642,42.560548],[-70.879642,42.560548,-70.879623,42.560695,-70.879546,42.561236],[-70.880478,42.561075,-70.879656,42.561217,-70.879546,42.561236],[-70.8805,42.564159,-70.88009,42.564059,-70.879988,42.564053,-70.879925,42.564064],[-70.880053,42.565431,-70.879864,42.565557,-70.879985,42.565651],[-70.880053,42.565431,-70.880027,42.56541,-70.879956,42.565347,-70.879874,42.565293,-70.879788,42.565253],[-70.879788,42.565253,-70.879874,42.565293,-70.879956,42.565347,-70.880027,42.56541,-70.880053,42.565431],[-70.879985,42.565651,-70.879864,42.565557,-70.880053,42.565431],[-70.879985,42.565651,-70.879852,42.565777,-70.879855,42.565803,-70.879989,42.565876,-70.880152,42.565941,-70.880223,42.565963,-70.880397,42.566004],[-70.880397,42.566004,-70.880223,42.565963,-70.880152,42.565941,-70.879989,42.565876,-70.879855,42.565803,-70.879852,42.565777,-70.879985,42.565651]]}