{"nodes":[[-70.879563,42.171657,53.9],[-70.879711,42.171876,53.3],[-70.880134,42.172919,51.3],[-70.879907,42.172796,51.6],[-70.87986,42.172175,53.5],[-70.879871,42.172775,51.6],[-70.880042,42.172599,51.6],[-70.880084,42.173562,50.0],[-70.879815,42.173481,49.6]],"nodeIds":[18354,18395,18361,43079,18389,43015,43017,43077,43078],"names":["","Washington Street"],"edges":[[0,1,27.2,7,0,0,1.0,0.0,0.0,0],[2,3,23.2,1,1,1,1.0,0.0,0.3,1],[4,1,35.6,7,0,2,1.0,0.0,0.0,0],[1,4,35.6,7,0,3,1.0,0.0,0.2,0],[1,0,27.2,7,0,4,1.0,0.0,0.6,0],[5,3,3.9,1,1,-1,1.0,0.0,0.0,1],[5,6,24.2,7,0,5,1.0,125.0,0.0,0],[6,5,24.2,7,0,6,1.0,125.0,0.1,0],[7,8,23.9,7,0,-1,1.0,0.0,0.0,0],[8,7,23.9,7,0,-1,1.0,0.0,0.4,0],[3,5,3.9,1,1,-1,1.0,0.0,0.0,1],[3,2,23.2,1,1,7,1.0,0.0,0.0,1]],"geoms":[[-70.879563,42.171657,-70.879615,42.171744,-70.879711,42.171876],[-70.880134,42.172919,-70.879987,42.17284,-70.879907,42.172796],[-70.87986,42.172175,-70.879834,42.172085,-70.879711,42.171876],[-70.879711,42.171876,-70.879834,42.172085,-70.87986,42.172175],[-70.879711,42.171876,-70.879615,42.171744,-70.879563,42.171657],[-70.879871,42.172775,-70.879955,42.172692,-70.880042,42.172599],[-70.880042,42.172599,-70.879955,42.172692,-70.879871,42.172775],[-70.879907,42.172796,-70.879987,42.17284,-70.880134,42.172919]]}